     1                                  [DEFAULT REL]
     2                                  BITS 64
     3                                  
     4                                  %include "./inc/dosMacro.mac"
     1                              <1> 
     2                              <1> ;-------------------------------------------------------------------------------
     3                              <1> ;Generic Macros file
     4                              <1> ;The following instruction extensions allow to conditionally return
     5                              <1> ;The idea was borrowed from the DOS Source Code
     6                              <1> ;
     7                              <1> ;-------------------------------------------------------------------------------
     8                              <1> 
     9                              <1> ;-------------------------------------------------------------------------------
    10                              <1> ;These macros are live and must not be touched
    11                              <1> ;-------------------------------------------------------------------------------
    12                              <1> %macro return 0
    13                              <1> %%_ret:
    14                              <1>     ret
    15                              <1> %assign retOff %%_ret-$$  ;Get offset into segment of %%_ret
    16                              <1> %endmacro
    17                              <1> 
    18                              <1> %macro cret 1
    19                              <1> %%_base:
    20                              <1> %assign baseVar %%_base-$$ ;Get offset into segment of %%_base
    21                              <1> ;    %ifdef retOff
    22                              <1> ;    %if (baseVar - retOff <= 126) && (baseVar > retOff)
    23                              <1> ;    %ifdef currSegVBase
    24                              <1> ;    j%+1 short (retOff+currSegVBase)
    25                              <1> ;    %else
    26                              <1> ;    j%+1 short retOff
    27                              <1> ;    %endif  ;End ifdef currSegVBase
    28                              <1> ;    %else 
    29                              <1> ;    j%-1 short %%a
    30                              <1> ;    return
    31                              <1> ;%%a:
    32                              <1> ;    %endif  ;End the distance measurement if
    33                              <1> ;    %else   
    34                              <1>     j%-1 short %%a
    35                              <1>     return
    36                              <1> %%a:
    37                              <1> ;    %endif  ;End ifdef retoff
    38                              <1> %endmacro
    39                              <1> 
    40                              <1> %macro retz 0
    41                              <1> cret z
    42                              <1> %endmacro
    43                              <1> 
    44                              <1> %macro retnz 0
    45                              <1> cret nz
    46                              <1> %endmacro
    47                              <1> 
    48                              <1> %macro rete 0
    49                              <1> cret e
    50                              <1> %endmacro
    51                              <1> 
    52                              <1> %macro retne 0
    53                              <1> cret ne
    54                              <1> %endmacro
    55                              <1> 
    56                              <1> %macro retc 0
    57                              <1> cret c
    58                              <1> %endmacro
    59                              <1> 
    60                              <1> %macro retnc 0
    61                              <1> cret nc
    62                              <1> %endmacro
    63                              <1> 
    64                              <1> %macro retb 0
    65                              <1> cret b
    66                              <1> %endmacro
    67                              <1> 
    68                              <1> %macro retnb 0
    69                              <1> cret nb
    70                              <1> %endmacro
    71                              <1> 
    72                              <1> %macro reta 0
    73                              <1> cret a
    74                              <1> %endmacro
    75                              <1> 
    76                              <1> %macro retna 0
    77                              <1> cret na
    78                              <1> %endmacro
    79                              <1> 
    80                              <1> %macro rets 0
    81                              <1> cret s
    82                              <1> %endmacro
    83                              <1> 
    84                              <1> %macro retns 0
    85                              <1> cret ns
    86                              <1> %endmacro
    87                              <1> 
    88                              <1> %macro retl 0
    89                              <1> cret l
    90                              <1> %endmacro
    91                              <1> 
    92                              <1> %macro retnl 0
    93                              <1> cret nl
    94                              <1> %endmacro
    95                              <1> 
    96                              <1> %macro breakpoint 0
    97                              <1> xchg bx, bx
    98                              <1> %endmacro
     5                                  %include "./inc/drvStruc.inc"
     1                              <1> 
     2                              <1> ;-------------------------------------------------------;
     3                              <1> ; This include file contains miscellaneous SCP/DOS      ;
     4                              <1> ; device driver related structures.                     ;
     5                              <1> ;-------------------------------------------------------;
     6                              <1> 
     7                              <1> struc drvHdr  ;Device Driver Header for character and block devices
     8                              <1> 
     9 00000000 ????????????????    <1>     .nxtPtr dq ?  ;Pointer to the next driver header, -1 if at the end
    10 00000008 ????                <1>     .attrib dw ?  ;Attribute Word
    11 0000000A ????????????????    <1>     .strPtr dq ?  ;Strategy Entry Pointer
    12 00000012 ????????????????    <1>     .intPtr dq ?  ;Interrupt Entry Pointer
    13                              <1>     .drvUnt:        ;Number of units pointer
    14 0000001A ????????????????    <1>     .drvNam db 8 dup (?)  ;Driver name (Char) or Number of units byte (Block)
    15                              <1> 
    16                              <1> endstruc
    17                              <1> 
    18                              <1> ;Command Code equates
    19                              <1>     drvINIT         equ 0
    20                              <1>     drvMEDCHK       equ 1
    21                              <1>     drvBUILDBPB     equ 2
    22                              <1>     drvIOCTLREAD    equ 3
    23                              <1>     drvREAD         equ 4
    24                              <1>     drvNONDESTREAD  equ 5
    25                              <1>     drvINSTATUS     equ 6
    26                              <1>     drvFLUSHINBUF   equ 7
    27                              <1>     drvWRITE        equ 8
    28                              <1>     drvWRITEVERIFY  equ 9
    29                              <1>     drvOUTSTATUS    equ 10
    30                              <1>     drvFLUSHOUTBUF  equ 11
    31                              <1>     drvIOCTLWRITE   equ 12
    32                              <1>     drvOPEN         equ 13
    33                              <1>     drvCLOSE        equ 14
    34                              <1>     drvREMMEDCHECK  equ 15
    35                              <1>     drvOUTTILBUSY   equ 16
    36                              <1>     drvIOCTL        equ 19
    37                              <1>     drvGETDRVMAP    equ 23
    38                              <1>     drvSETDRVMAP    equ 24
    39                              <1>     drvMAXCMD       equ 24
    40                              <1> ;Driver Error equates 
    41                              <1>     drvWPErr        equ 0   ;Write Protect Violation
    42                              <1>     drvBadUnit      equ 1   ;Unknown unit
    43                              <1>     drvNotReady     equ 2   ;Device not ready
    44                              <1>     drvBadCmd       equ 3   ;Unknown command
    45                              <1>     drvCRCErr       equ 4   ;CRC Error
    46                              <1>     drvBadDrvReq    equ 5   ;Bad drive request structure length
    47                              <1>     drvBadSeek      equ 6   ;Seek error
    48                              <1>     drvBadMed       equ 7   ;Unknown media
    49                              <1>     drvSecNotFnd    equ 8   ;Sector not found
    50                              <1>     drvNoPaper      equ 9   ;Printer out of paper
    51                              <1>     drvWriteFault   equ 10  ;Write Fault
    52                              <1>     drvReadFault    equ 11  ;Read Fault
    53                              <1>     drvGenFault     equ 12  ;General Fault
    54                              <1>     drvBadDskChnge  equ 15  ;Invalid disk change
    55                              <1> 
    56                              <1> ;Driver status word status bit meanings
    57                              <1>     drvErrStatus    equ 8000h  
    58                              <1>     drvDonStatus    equ 0100h
    59                              <1>     drvBsyStatus    equ 0200h
    60                              <1> 
    61                              <1> ;Driver Attribute Word bit meanings
    62                              <1>     devDrvConIn     equ 1h  ;If set, device is CON input
    63                              <1>     devDrvConOut    equ 2h  ;If set, device is CON output
    64                              <1>     devDrvNulDev    equ 4h  ;If set, device is NULL device
    65                              <1>     devDrvClockDev  equ 8h  ;If set, device is CLOCK device
    66                              <1>     devDrvFastOut   equ 10h ;If set, device supports Int 29h
    67                              <1>     devDrvIOCTL     equ 40h ;If set, IOCTL and GET/SET suported
    68                              <1>     devDrvIOCTLQ    equ 80h ;If set, IOCTL Query supported (21h/4410h, 4411h)
    69                              <1>     devDrvOpClRem   equ 800h ;If set, Open, Close and Rem media supported
    70                              <1>     devDrvNotIBM    equ 2000h ;If set, media byte is meaningful for disk comps
    71                              <1>     devDrvOutToBsy  equ 2000h ;If set, char dev supports output until busy
    72                              <1>     devDrvIOCTLCtl  equ 4000h ;If set, IOCTL control strings supported
    73                              <1>     devDrvChar      equ 8000h ;If set, Char device
    74                              <1> ;Bit 0 1=Console input
    75                              <1> ;    1 1=Console output (character devices)
    76                              <1> ;    2 1=NUL device
    77                              <1> ;    3 1=CLOCK device
    78                              <1> ;    4 1=Int 29 output (CON)
    79                              <1> ;    6 1=Generic IOCTL and GET/SET logical drive supported (13,17,18) (3.2+)
    80                              <1> ;    7 1=Query IOCTL function supported (19) (5.0+)
    81                              <1> ;   11 1=Open/close/removable media supported (3.0+)
    82                              <1> ;   13 1=Output until busy supported (character devices) (3.0+)
    83                              <1> ;      1=Media descriptor in FAT required (block devices)
    84                              <1> ;   14 1=IOCTL read and write control strings supported
    85                              <1> ;   15 0=Block device
    86                              <1> ;      1=Character device
    87                              <1> 
    88                              <1> ;Driver structures
    89                              <1> 
    90                              <1> %macro drvReqPktM 0 ;Driver Request Header Macro
    91                              <1> 
    92                              <1>     .hdrlen db ?  ;Length of the request header
    93                              <1>     .unitnm db ?  ;Unit number, meaningless for character devs
    94                              <1>     .cmdcde db ?  ;Command code
    95                              <1>     .status dw ?  ;Status word
    96                              <1>     .devptr dq ?  ;Device queue pointer field, reserved for future use
    97                              <1> 
    98                              <1> %endmacro
    99                              <1> 
   100                              <1> struc drvReqPkt
   101                              <1>     drvReqPktM
    91                              <2> 
    92 00000000 ??                  <2>  .hdrlen db ?
    93 00000001 ??                  <2>  .unitnm db ?
    94 00000002 ??                  <2>  .cmdcde db ?
    95 00000003 ????                <2>  .status dw ?
    96 00000005 ????????????????    <2>  .devptr dq ?
    97                              <2> 
   102                              <1> endstruc
   103                              <1> 
   104                              <1> struc initReqPkt  ;Init Request Packet
   105                              <1> 
   106                              <1>     drvReqPktM   ;Common Driver Header Macro
    91                              <2> 
    92 00000000 ??                  <2>  .hdrlen db ?
    93 00000001 ??                  <2>  .unitnm db ?
    94 00000002 ??                  <2>  .cmdcde db ?
    95 00000003 ????                <2>  .status dw ?
    96 00000005 ????????????????    <2>  .devptr dq ?
    97                              <2> 
   107 0000000D ??                  <1>     .numunt db ?  ;Number of logical units (Block only, 0 for char)
   108 0000000E ????????????????    <1>     .endptr dq ?  ;Pointer to first free byte after driver
   109 00000016 ????????????????    <1>     .optptr dq ?  ;Ptr to BPB array (blkdev) or cmdline args
   110 0000001E ??                  <1>     .drvnum db ?  ;First Drive number
   111                              <1> 
   112                              <1> endstruc
   113                              <1> 
   114                              <1> struc mediaCheckReqPkt ;Media Check Request Packet
   115                              <1> 
   116                              <1>     drvReqPktM    ;Common Driver Header Macro
    91                              <2> 
    92 00000000 ??                  <2>  .hdrlen db ?
    93 00000001 ??                  <2>  .unitnm db ?
    94 00000002 ??                  <2>  .cmdcde db ?
    95 00000003 ????                <2>  .status dw ?
    96 00000005 ????????????????    <2>  .devptr dq ?
    97                              <2> 
   117 0000000D ??                  <1>     .medesc db ?  ;DOS media descriptor
   118 0000000E ??                  <1>     .medret db ?  ;Return byte (Has media been changed?)
   119 0000000F ????????????????    <1>     .desptr dq ?  ;Pointer to a valid volume id field
   120                              <1> 
   121                              <1> endstruc
   122                              <1> 
   123                              <1> struc bpbBuildReqPkt  ;Build BPB Request Packet
   124                              <1> 
   125                              <1>     drvReqPktM    ;Common Driver Header Macro
    91                              <2> 
    92 00000000 ??                  <2>  .hdrlen db ?
    93 00000001 ??                  <2>  .unitnm db ?
    94 00000002 ??                  <2>  .cmdcde db ?
    95 00000003 ????                <2>  .status dw ?
    96 00000005 ????????????????    <2>  .devptr dq ?
    97                              <2> 
   126 0000000D ??                  <1>     .medesc db ?  ;DOS media descriptor
   127 0000000E ????????????????    <1>     .bufptr dq ?  ;Transfer buffer
   128 00000016 ????????????????    <1>     .bpbptr dq ?  ;Pointer to the BPB
   129                              <1> 
   130                              <1> endstruc
   131                              <1> 
   132                              <1> struc ioReqPkt   ;IO Request Packet
   133                              <1> 
   134                              <1>     drvReqPktM    ;Common Driver Header Macro
    91                              <2> 
    92 00000000 ??                  <2>  .hdrlen db ?
    93 00000001 ??                  <2>  .unitnm db ?
    94 00000002 ??                  <2>  .cmdcde db ?
    95 00000003 ????                <2>  .status dw ?
    96 00000005 ????????????????    <2>  .devptr dq ?
    97                              <2> 
   135 0000000D ??                  <1>     .medesc db ?  ;DOS media descriptor
   136 0000000E ????????????????    <1>     .bufptr dq ?  ;Transfer buffer
   137 00000016 ????????            <1>     .tfrlen dd ?  ;Number of Sectors/bytes to transfer
   138 0000001A ????????????????    <1>     .strtsc dq ?  ;Starting sector for transfer
   139 00000022 ????????????????    <1>     .desptr dq ?  ;Pointer to a valid volume id field if error
   140                              <1> 
   141                              <1> endstruc
   142                              <1> 
   143                              <1> struc ndInNoWaitPkt    ;Nondestructive Input No Wait Request Packet
   144                              <1>     
   145                              <1>     drvReqPktM    ;Common Driver Header Macro
    91                              <2> 
    92 00000000 ??                  <2>  .hdrlen db ?
    93 00000001 ??                  <2>  .unitnm db ?
    94 00000002 ??                  <2>  .cmdcde db ?
    95 00000003 ????                <2>  .status dw ?
    96 00000005 ????????????????    <2>  .devptr dq ?
    97                              <2> 
   146 0000000D ??                  <1>     .retbyt db ?  ;Byte read non destructively
   147                              <1> 
   148                              <1> endstruc
   149                              <1> 
   150                              <1> struc statusReqPkt   ;Status Request Packet
   151                              <1> 
   152                              <1>     drvReqPktM    ;Common Driver Header Macro
    91                              <2> 
    92 00000000 ??                  <2>  .hdrlen db ?
    93 00000001 ??                  <2>  .unitnm db ?
    94 00000002 ??                  <2>  .cmdcde db ?
    95 00000003 ????                <2>  .status dw ?
    96 00000005 ????????????????    <2>  .devptr dq ?
    97                              <2> 
   153                              <1> 
   154                              <1> endstruc
   155                              <1> 
   156                              <1> struc flushReqPkt ;Flush Request Packet, terminate all pending requests
   157                              <1> 
   158                              <1>     drvReqPktM    ;Common Driver Header Macro
    91                              <2> 
    92 00000000 ??                  <2>  .hdrlen db ?
    93 00000001 ??                  <2>  .unitnm db ?
    94 00000002 ??                  <2>  .cmdcde db ?
    95 00000003 ????                <2>  .status dw ?
    96 00000005 ????????????????    <2>  .devptr dq ?
    97                              <2> 
   159                              <1>      
   160                              <1> endstruc
   161                              <1> 
   162                              <1> struc openReqPkt ;Open Device Request Packet
   163                              <1> 
   164                              <1>     drvReqPktM    ;Common Driver Header Macro
    91                              <2> 
    92 00000000 ??                  <2>  .hdrlen db ?
    93 00000001 ??                  <2>  .unitnm db ?
    94 00000002 ??                  <2>  .cmdcde db ?
    95 00000003 ????                <2>  .status dw ?
    96 00000005 ????????????????    <2>  .devptr dq ?
    97                              <2> 
   165                              <1>      
   166                              <1> endstruc
   167                              <1> 
   168                              <1> struc closeReqPkt ;Close Device Request Packet
   169                              <1> 
   170                              <1>     drvReqPktM    ;Common Driver Header Macro
    91                              <2> 
    92 00000000 ??                  <2>  .hdrlen db ?
    93 00000001 ??                  <2>  .unitnm db ?
    94 00000002 ??                  <2>  .cmdcde db ?
    95 00000003 ????                <2>  .status dw ?
    96 00000005 ????????????????    <2>  .devptr dq ?
    97                              <2> 
   171                              <1>      
   172                              <1> endstruc
   173                              <1> 
   174                              <1> struc remMediaReqPkt ;Removeable Media Request Packet
   175                              <1> 
   176                              <1>     drvReqPktM    ;Common Driver Header Macro
    91                              <2> 
    92 00000000 ??                  <2>  .hdrlen db ?
    93 00000001 ??                  <2>  .unitnm db ?
    94 00000002 ??                  <2>  .cmdcde db ?
    95 00000003 ????                <2>  .status dw ?
    96 00000005 ????????????????    <2>  .devptr dq ?
    97                              <2> 
   177                              <1>      
   178                              <1> endstruc
   179                              <1> 
   180                              <1> struc outTilBusyPkt
   181                              <1>     drvReqPktM    ;Common Driver Header Macro
    91                              <2> 
    92 00000000 ??                  <2>  .hdrlen db ?
    93 00000001 ??                  <2>  .unitnm db ?
    94 00000002 ??                  <2>  .cmdcde db ?
    95 00000003 ????                <2>  .status dw ?
    96 00000005 ????????????????    <2>  .devptr dq ?
    97                              <2> 
   182 0000000D ????????????????    <1>     .pXfrBuffer dq ?    ;Pointer to the transfer buffer
   183 00000015 ????                <1>     .wXfrCount  dw ?    ;Byte count to xfr. Returns bytes xfred.
   184                              <1> endstruc
   185                              <1> 
   186                              <1> struc ioctlReqPkt    ;Generic IOCTL Request Packet
   187                              <1> 
   188                              <1>     drvReqPktM    ;Common Driver Header Macro  
    91                              <2> 
    92 00000000 ??                  <2>  .hdrlen db ?
    93 00000001 ??                  <2>  .unitnm db ?
    94 00000002 ??                  <2>  .cmdcde db ?
    95 00000003 ????                <2>  .status dw ?
    96 00000005 ????????????????    <2>  .devptr dq ?
    97                              <2> 
   189 0000000D ??                  <1>     .majfun db ?  ;Major function number
   190 0000000E ??                  <1>     .minfun db ?  ;Minor function number
   191 0000000F ????????????????    <1>     .rsival dq ?  ;Contents of RSI
   192 00000017 ????????????????    <1>     .rdival dq ?  ;Contents of RDI
   193 0000001F ????????????????    <1>     .ctlptr dq ?  ;Pointer to Generic IOCTL Request Packet
   194                              <1> 
   195                              <1> endstruc
   196                              <1> 
   197                              <1> struc getDevReqPkt ;Get Logical Device Request Packet
   198                              <1>     
   199                              <1>     drvReqPktM    ;Common Driver Header Macro
    91                              <2> 
    92 00000000 ??                  <2>  .hdrlen db ?
    93 00000001 ??                  <2>  .unitnm db ?
    94 00000002 ??                  <2>  .cmdcde db ?
    95 00000003 ????                <2>  .status dw ?
    96 00000005 ????????????????    <2>  .devptr dq ?
    97                              <2> 
   200                              <1> 
   201                              <1> endstruc
   202                              <1> 
   203                              <1> struc setDevReqPkt ;Set Logical Device Request Packet
   204                              <1>     
   205                              <1>     drvReqPktM    ;Common Driver Header Macro
    91                              <2> 
    92 00000000 ??                  <2>  .hdrlen db ?
    93 00000001 ??                  <2>  .unitnm db ?
    94 00000002 ??                  <2>  .cmdcde db ?
    95 00000003 ????                <2>  .status dw ?
    96 00000005 ????????????????    <2>  .devptr dq ?
    97                              <2> 
   206                              <1> 
   207                              <1> endstruc
   208                              <1> ;IOCTL structs
   209                              <1> 
   210                              <1> struc lbaParamsBlock
   211 00000000 ??                  <1>     .bSize          db ?
   212 00000001 ??                  <1>     .bSpecFuncs     db ?    ;0 = Update drive info from medium and return that
   213                              <1>                             ;1 = Get current saved drive info w/o updating
   214                              <1>                             ;2 = Get physical parameters of the medium
   215                              <1>                             ;Only meaningful on get. Set must have this as 0
   216 00000002 ????                <1>     .wDevFlgs       dw ?    ;Only bits 0 and 1 are xmitted/read
   217 00000004 ????                <1>     .wFSType        dw ?    ;If one, it is a FAT type. Only valid on getlba
   218                              <1>                             ; If one, can use CHS functions with returned vals
   219 00000006 ????                <1>     .wRes           dw ?    ;Reserved word
   220 00000008 ????????????????    <1>     .qSectorSize    dq ?    ;Only the lower word is valid here
   221 00000010 ????????????????    <1>     .qNumSectors    dq ?    ;Only the lower dword is valid here
   222                              <1> ;The below is the absolute start sector of the partition. It is the 
   223                              <1> ; partition at which to find the BPB.
   224 00000018 ????????????????    <1>     .qStartSector   dq ?    ;Only the lower dword is valid here.
   225                              <1> endstruc
   226                              <1> 
   227                              <1> %macro lbIOCmnM 0   ;IOCTL LBA request common portion macro
   228                              <1>     .size           db ?
   229                              <1>     .numSectors     db ?  ;# sectors to act on. Returns sectors acted on
   230                              <1>     .res            db 6 dup (?)
   231                              <1>     .startSector    dq ?  ;Sector to start action on
   232                              <1> %endmacro
   233                              <1> 
   234                              <1> struc lbaIOBlock
   235                              <1>     lbIOCmnM
   228 00000000 ??                  <2>  .size db ?
   229 00000001 ??                  <2>  .numSectors db ?
   230 00000002 ????????????        <2>  .res db 6 dup (?)
   231 00000008 ????????????????    <2>  .startSector dq ?
   236 00000010 ????????????????    <1>     .xferBuffer     dq ?  ;Transfer buffer for data
   237                              <1> endstruc
   238                              <1> 
   239                              <1> struc lbaFormatBlock
   240                              <1>     lbIOCmnM
   228 00000000 ??                  <2>  .size db ?
   229 00000001 ??                  <2>  .numSectors db ?
   230 00000002 ????????????        <2>  .res db 6 dup (?)
   231 00000008 ????????????????    <2>  .startSector dq ?
   241                              <1> endstruc
   242                              <1> 
   243                              <1> struc chsParamsBlock
   244 00000000 ??                  <1>     .bSpecFuncs db ?    ;
   245 00000001 ??                  <1>     .bDevType   db ?    ;5 if fixed, 7 otherwise
   246 00000002 ????                <1>     .wDevFlgs   dw ?    ;Only bits 0 and 1 are xmitted/read
   247 00000004 ????                <1>     .wNumCyl    dw ?
   248 00000006 ??                  <1>     .bMedTyp    db ?    ;Perma 0 for us, meaningless. Reserved.
   249 00000007 <res 35h>           <1>     .deviceBPB  db 53 dup (?)   ;Full length with reserved bytes of BPB32
   250                              <1>     .TrackLayout:
   251                              <1> endstruc
   252                              <1> 
   253                              <1> ;Used for get and set params. Refer to DOS docs for meaning of bit.
   254                              <1> specFuncBPB equ 1<<0    ;Does BPB stuff
   255                              <1> ;The below two are only used in setparams requests. Ignored for getparams.
   256                              <1> specFuncTrk equ 1<<1    ;Set if just track layout cpy. Clear if set all.
   257                              <1> ;Note, if specFuncSec is not set, we fail the request. We also verify
   258                              <1> ; that all entries are the same and update the drvBlk wBpS field accordingly.
   259                              <1> specFuncSec equ 1<<2    ;Set if all sectors same size. Clear if not. 
   260                              <1> 
   261                              <1> 
   262                              <1> struc chsIOBlock
   263 00000000 ??                  <1>     .bSpecFuncs     db ?
   264 00000001 ????                <1>     .wStartHead     dw ?
   265 00000003 ????                <1>     .wStartCyl      dw ?    ;Zero based.
   266 00000005 ????                <1>     .wStartSector   dw ?    ;Zero based.
   267 00000007 ????                <1>     .wNumSectors    dw ?
   268 00000009 ????????????????    <1>     .pXferBuffer    dq ?
   269                              <1> endstruc
   270                              <1> 
   271                              <1> struc chsFormatBlock
   272 00000000 ??                  <1>     .bSpecFuncs db ?
   273 00000001 ????                <1>     .wStartHead dw ?
   274 00000003 ????                <1>     .wStartCyl  dw ?        ;Zero based.
   275                              <1> endstruc
   276                              <1> 
   277                              <1> struc accFlgBlk
   278 00000000 ??                  <1>     .bSpecFuncs db ?    ;Must be 0
   279 00000001 ??                  <1>     .bAccMode   db ?    ;Set if access allowed. Clear if not.
   280                              <1> endstruc
   281                              <1> 
   282                              <1> struc idParamBlk
   283 00000000 ????                <1>     .wCallLvl   dw ?    ;Should be zero
   284 00000002 ????????            <1>     .volId      dd ?    ;Volume Id
   285 00000006 <res Bh>            <1>     .volLab     db 11 dup (?)   ;Volume label string
   286 00000011 ????????????????    <1>     .filSysType db 8 dup (?)    ;File system type string
   287                              <1> endstruc
     6                                  %include "./inc/fatStruc.inc"
     1                              <1> 
     2                              <1> ;-------------------------------------------------------;
     3                              <1> ; This include file contains miscellaneous FAT driver   ;
     4                              <1> ; structures. exFAT will have it's own files at a later ;
     5                              <1> ; stage.                                                ;
     6                              <1> ;-------------------------------------------------------;
     7                              <1> ;-------------------------------------------------------;
     8                              <1> ;-------------------------------------------------------;
     9                              <1> ;  IMPORTANT!!! IMPORTANT!!! IMPORTANT!!! IMPORTANT!!!  ;
    10                              <1> ;   REMEMBER, CLUSTER NUMBERS START AT 2!               ;
    11                              <1> ;   THE FIRST DATA CLUSTER ON A DISK IS CLUSTER 2!!!    ;
    12                              <1> ;   ON FAT12/16, A CLUSTER NUMBER OF 0 MEANS ROOT DIR!  ;
    13                              <1> ;   ON FAT32, A CLUSTER NUMBER OF 0 ALIASES THE FIRST   ;
    14                              <1> ;       CLUSTER OF THE ROOT DIRECTORY!!                 ;
    15                              <1> ;  IMPORTANT!!! IMPORTANT!!! IMPORTANT!!! IMPORTANT!!!  ;
    16                              <1> ;-------------------------------------------------------;
    17                              <1> 
    18                              <1> struc oemHeader
    19 00000000 ??????              <1>     .jump       db 3 dup (?)    ;Jump instruction
    20 00000003 ????????????????    <1>     .oemString  db 8 dup (?)    ;OEM string
    21                              <1> endstruc
    22                              <1> 
    23                              <1> struc bpb          ;FAT 12 and 16 BPB
    24 00000000 ????                <1>     .bytsPerSec dw ?  ;Bytes per sector
    25 00000002 ??                  <1>     .secPerClus db ?  ;Sectors per cluster
    26 00000003 ????                <1>     .revdSecCnt dw ?  ;Number of reserved sectors, in volume
    27 00000005 ??                  <1>     .numFATs    db ?  ;Number of FATs on media
    28 00000006 ????                <1>     .rootEntCnt dw ?  ;Number of 32 byte entries in Root directory
    29 00000008 ????                <1>     .totSec16   dw ?  ;Number of sectors on medium
    30 0000000A ??                  <1>     .media      db ?  ;Media descriptor byte
    31 0000000B ????                <1>     .FATsz16    dw ?  ;Number of sectors per FAT
    32 0000000D ????                <1>     .secPerTrk  dw ?  ;Number of sectors per "track"
    33 0000000F ????                <1>     .numHeads   dw ?  ;Number of read "heads"
    34 00000011 ????????            <1>     .hiddSec    dd ?  ;Number of hidden sectors, preceeding volume start
    35 00000015 ????????            <1>     .totSec32   dd ?  ;32 bit count of sectors
    36                              <1> endstruc
    37                              <1> 
    38                              <1> struc extBs
    39                              <1> ;Extended bootsector structure. If present, comes immediately after 
    40                              <1> ; BPB in bootsector
    41 00000000 ??                  <1>     .drvNum     db ?  ;Logical drive number (00h or 80h)
    42 00000001 ??                  <1>     .reserved1  db ?  ;Reserved byte
    43 00000002 ??                  <1>     .bootSig    db ?  ;Extended boot signature
    44 00000003 ????????            <1>     .volId      dd ?  ;Volume serial number
    45 00000007 <res Bh>            <1>     .volLab     db 11 dup (?) ;Volume label string
    46 00000012 ????????????????    <1>     .filSysType db 8 dup (?)  ;File system type string
    47                              <1> endstruc
    48                              <1> extBsSig    equ 29h
    49                              <1> 
    50                              <1> struc bpb32       ;FAT 32 BPB
    51 00000000 ????                <1>     .bytsPerSec dw ?  ;Bytes per sector
    52 00000002 ??                  <1>     .secPerClus db ?  ;Sectors per cluster
    53 00000003 ????                <1>     .revdSecCnt dw ?  ;Number of reserved sectors
    54 00000005 ??                  <1>     .numFATs    db ?  ;Number of FATs on media
    55 00000006 ????                <1>     .rootEntCnt dw ?  ;Number of entries in Root directory
    56 00000008 ????                <1>     .totSec16   dw ?  ;Number of sectors on medium
    57 0000000A ??                  <1>     .media      db ?  ;Media descriptor byte
    58 0000000B ????                <1>     .FATsz16    dw ?  ;Number of sectors per FAT, must be 0 for FAT 32
    59 0000000D ????                <1>     .secPerTrk  dw ?  ;Number of sectors per "track"
    60 0000000F ????                <1>     .numHeads   dw ?  ;Number of read "heads"
    61 00000011 ????????            <1>     .hiddSec    dd ?  ;Number of hidden sectors
    62 00000015 ????????            <1>     .totSec32   dd ?  ;32 bit count of sectors
    63 00000019 ????????            <1>     .FATsz32    dd ?  ;32 bit count of sectors occupied by one FAT
    64 0000001D ????                <1>     .extFlags   dw ?  ;Extended Flags word
    65 0000001F ????                <1>     .FSver      dw ?  ;File system version word, must be 0
    66 00000021 ????????            <1>     .RootClus   dd ?  ;First Cluster of Root Directory
    67 00000025 ????                <1>     .FSinfo     dw ?  ;Sector number of FSINFO structure, usually 1
    68 00000027 ????                <1>     .BkBootSec  dw ?  ;Backup Boot sector, either 0 or 6
    69 00000029 <res Ch>            <1>     .reserved   db 12 dup (?) ;Reserved 12 bytes
    70                              <1> endstruc
    71                              <1> 
    72                              <1> struc FSInfo
    73 00000000 ????????            <1>     .leadSig    dd ? ;Leading Signature, should be 041615252h
    74 00000004 <res 1E0h>          <1>     .reserved1  db 480 dup (?)
    75 000001E4 ????????            <1>     .strucSig   dd ?  ;Should be 061417272h
    76 000001E8 ????????            <1>     .freeCount  dd ?  ;Contains the last known free cluster on volume
    77 000001EC ????????            <1>     .nextFree   dd ?  ;Contains the first known free cluster on volume
    78 000001F0 <res Ch>            <1>     .reserved2  db 12 dup (?) ;Should be 0
    79 000001FC ????????            <1>     .trailSig   dd ?  ;Should be 0AA550000h
    80                              <1> endstruc
    81                              <1> 
    82                              <1> fsInfoSig1  equ 041615252h
    83                              <1> fsInfoSig2  equ 061417272h
    84                              <1> fsInfoSig3  equ 0AA550000h
    85                              <1> 
    86                              <1> struc mbr
    87 00000000 <res 1B8h>          <1>     .bsCode     db 440 dup (?)
    88 000001B8 ????????            <1>     .diskID     dd ?
    89 000001BC ????                <1>     .reserved   dw ?
    90 000001BE <res 10h>           <1>     .mbrEntry1  db 16 dup (?)
    91 000001CE <res 10h>           <1>     .mbrEntry2  db 16 dup (?)
    92 000001DE <res 10h>           <1>     .mbrEntry3  db 16 dup (?)
    93 000001EE <res 10h>           <1>     .mbrEntry4  db 16 dup (?)
    94 000001FE ????                <1>     .mbrSig     dw ?
    95                              <1> endstruc
    96                              <1> 
    97                              <1> struc ebr   ;A special type of MBR
    98 00000000 <res 1BEh>          <1>     .bsCode     db 446 dup (?)    ;Basic 16-bit code to error if launched into
    99 000001BE <res 10h>           <1>     .ebrVolHdr  db 16 dup (?) ;Information about the volume itself
   100 000001CE <res 10h>           <1>     .ebrLinkHdr db 16 dup (?) ;Link ptr to next logical volume in ebr
   101 000001DE <res 20h>           <1>     .reserved   db 32 dup (?) ;Reserved
   102 000001FE ????                <1>     .mbrSig     dw ?
   103                              <1> endstruc
   104                              <1> 
   105                              <1> struc mbrEntry
   106 00000000 ??                  <1>     .ptnAtrib   db ?  ;80h = active
   107 00000001 ??????              <1>     .chsStart   db 3 dup (?)  ;Ignore practically
   108 00000004 ??                  <1>     .ptnType    db ?  ;This being 00 means free
   109 00000005 ??????              <1>     .chsEnd     db 3 dup (?)  ;Ignore
   110 00000008 ????????            <1>     .lbaStart   dd ?  ;Start of partition in 32 bit LBA
   111 0000000C ????????            <1>     .numSectors dd ?  ;Number of sectors in partition
   112                              <1> endstruc
   113                              <1> 
   114                              <1> struc fatDirEntry
   115 00000000 <res Bh>            <1>     .name       db 11 dup (?) ;8.3 File Name w/o fullstop
   116 0000000B ??                  <1>     .attribute  db ?  ;Usual attributes
   117 0000000C ??                  <1>     .ntRes      db ?  ;Reserved 0
   118 0000000D ??                  <1>     .crtTimeT   db ?  ;Count of tenths of a second of file creation time <=199
   119 0000000E ????                <1>     .crtTime    dw ?  ;Creation time, granularity of 2 seconds
   120 00000010 ????                <1>     .crtDate    dw ?  ;Creation date
   121 00000012 ????                <1>     .lastAccDat dw ?  ;Last Read/Write date, not 100% supported (consider later)
   122 00000014 ????                <1>     .fstClusHi  dw ?  ;Hi word of 1st data cluster for file/dir, 0 on FAT12/16
   123 00000016 ????                <1>     .wrtTime    dw ?  ;Last modification (write) time
   124 00000018 ????                <1>     .wrtDate    dw ?  ;Last modification (write) date
   125 0000001A ????                <1>     .fstClusLo  dw ?  ;Lo word of 1st data cluster for file/dir
   126 0000001C ????????            <1>     .fileSize   dd ?  ;32-bit quantity with size of file described by entry
   127                              <1> endstruc
   128                              <1> ;Directory attribute equates
   129                              <1>     dirReadOnly     equ 01h
   130                              <1>     dirHidden       equ 02h
   131                              <1>     dirSystem       equ 04h
   132                              <1>     dirVolumeID     equ 08h
   133                              <1>     dirDirectory    equ 10h
   134                              <1>     dirArchive      equ 20h
   135                              <1>     dirCharDev      equ 40h ;Never written to disk, used to represent a Char Dev
   136                              <1>     dirLongName     equ dirReadOnly | dirHidden | dirSystem | dirVolumeID
   137                              <1>     ;If any of the three bits are set, then ALL three bits are set
   138                              <1>     ; in addition to whatever the user passed to search for.
   139                              <1>     dirInclusive    equ dirHidden | dirSystem | dirDirectory
   140                              <1>     dirIncFiles     equ dirHidden | dirSystem
   141                              <1> 
   142                              <1> struc bpbEx   ;exFAT BPB, SIZE: 120 bytes
   143                              <1> 
   144                              <1>     ;.jmpBoot                db 3 dup (?)
   145                              <1>     ;.oemName                db 8 dup (?)  ;OEM name
   146                              <1> ;BPB starts here
   147 00000000 <res 35h>           <1>     .MustBeZero             db 53 dup (?) ;Must be 0, 53 bytes
   148 00000035 ????????????????    <1>     .partitionOffset        dq ?  ;in sectors, 0 means ignore this field
   149 0000003D ????????????????    <1>     .volumeLength           dq ?  ;Volume Length in sectors
   150 00000045 ????????            <1>     .FAToffset              dd ?  ;Volume rel offset of first FAT, in sectors
   151 00000049 ????????            <1>     .FATlength              dd ?  ;FAT length, in sectors
   152 0000004D ????????            <1>     .clusterHeapOffset      dd ?  ;Start of data area, in sectors
   153 00000051 ????????            <1>     .clusterCount           dd ?  ;Number of clusters on medium
   154 00000055 ????????            <1>     .firstClusterOfRootDir  dd ?  ;First Cluster of Root Directory, min 2
   155 00000059 ????????            <1>     .volumeSerialNum        dd ?  ;Volume Serial Number
   156 0000005D ????                <1>     .FSrevision             dw ?  ;Should be 0001 (v1.00)
   157 0000005F ????                <1>     .volumeFlags            dw ?  ;Volume Flags, refer to documentation
   158 00000061 ??                  <1>     .bytesPerSectorShift    db ?  ;min 9 (512 bps), max 12 (4096 bps)
   159 00000062 ??                  <1>     .sectorsPerClusterShift db ?  ;Result of log_2(N) for N=sec per clus
   160 00000063 ??                  <1>     .numberOfFATs           db ?  ;Number of FATs, only 1 or 2
   161 00000064 ??                  <1>     .driveSelect            db ?  ;Drive Select, 0 or 80h (Int 13h)
   162 00000065 ??                  <1>     .percentInUse           db ?  ;Rounded down. FFh means unknown
   163 00000066 ??????????????      <1>     .reserved               db 7 dup (?)  ;Reserved for alignment
   164                              <1> 
   165                              <1> endstruc
     7                                  %include "./inc/fcbStruc.inc"
     1                              <1> ;FCB related structures
     2                              <1> 
     3                              <1> ;Note: If record size > 64, high byte of randRecrd is ignored.
     4                              <1> ;This field also used for random read/write ops to find the right record
     5                              <1> struc fcb
     6 00000000 ??                  <1>     .driveNum   db ?  ;0 based drive number
     7 00000001 ????????????????    <1>     .filename   db 8 dup (?)
     8 00000009 ??????              <1>     .fileext    db 3 dup (?)
     9 0000000C ????                <1>     .curBlock   db 2 dup (?)  ;Current block number relative to 0
    10                              <1> ;One block consists of 128 records, of size denoted in the below
    11 0000000E ????                <1>     .recordSize db 2 dup (?)  ;Record size, default 80h
    12 00000010 ????????            <1>     .fileSize   db 4 dup (?)  ;File size, in bytes
    13 00000014 ????                <1>     .fileDate   db 2 dup (?)  ;Standard date format
    14 00000016 ????                <1>     .fileTime   db 2 dup (?)  ;Standard time format
    15                              <1>     ;----------------------------------------
    16                              <1>     ;Internal Records
    17 00000018 ??                  <1>     .sftNdx     db ?  ;Internal, SFT ndx number
    18 00000019 ??                  <1>     .fcbMode    db ?  ;Internal byte, to indicate format of special field
    19 0000001A ????????????        <1>     .special    db 6 dup (?)  ;For use with below internal structures
    20                              <1>     ;----------------------------------------
    21 00000020 ??                  <1>     .recordNum  db ?  ;Current record in block
    22 00000021 ????????            <1>     .randRecrd  db 4 dup (?)  ;Relative record number, relative to start of file
    23                              <1> endstruc
    24                              <1> 
    25                              <1> struc exFcb
    26 00000000 ??                  <1>     .extSig     db ?  ;If the first byte is -1, signals an exFCB
    27 00000001 ??????????          <1>     .reserved   db 5 dup (?)  
    28 00000006 ??                  <1>     .attribute  db ?  ;File attribute byte
    29 00000007 ??                  <1>     .driveNum   db ?  ;0 based drive number
    30 00000008 ????????????????    <1>     .filename   db 8 dup (?)
    31 00000010 ??????              <1>     .fileext    db 3 dup (?)
    32 00000013 ????                <1>     .curBlock   db 2 dup (?)  ;Current block number relative to 0
    33                              <1> ;One block consists of 128 records, of size denoted in the below
    34 00000015 ????                <1>     .recordSize db 2 dup (?)  ;Record size, default 80h
    35 00000017 ????????            <1>     .fileSize   db 4 dup (?)  ;File size, in bytes
    36 0000001B ????                <1>     .fileDate   db 2 dup (?)  ;Standard date format
    37 0000001D ????                <1>     .fileTime   db 2 dup (?)  ;Standard time format
    38                              <1>     ;----------------------------------------
    39                              <1>     ;Internal Records
    40 0000001F ??                  <1>     .sftNdx     db ?  ;Internal, SFT ndx number
    41 00000020 ??                  <1>     .fcbMode    db ?  ;Internal byte, to indicate format of special field
    42 00000021 ????????????        <1>     .special    db 6 dup (?)  ;For use with below internal structures
    43                              <1>     ;----------------------------------------
    44 00000027 ??                  <1>     .recordNum  db ?  ;Current record in block
    45 00000028 ????????            <1>     .randRecrd  db 4 dup (?)  ;Relative record number, relative to start of file
    46                              <1> endstruc
    47                              <1> 
    48                              <1> struc renameFcb
    49                              <1> ;Used for accessing the names and drive letter for renaming
    50                              <1> ;The fcb ptr must be pointing to the drivenumber even if the passed fcb was ext
    51 00000000 ??                  <1>     .driveNum   db ?
    52 00000001 ????????????????    <1>     .filename   db 8 dup (?)
    53 00000009 ??????              <1>     .fileext    db 3 dup (?)
    54 0000000C ????????            <1>     .reserved   db 4 dup (?)  ;Alignment bytes, cleared by AH=29h
    55 00000010 ??                  <1>     .resDrvNum  db ?  ;Always zero, used by AH=29h for the drive letter
    56 00000011 ????????????????    <1>     .newName    db 8 dup (?)
    57 00000019 ??????              <1>     .newExt     db 3 dup (?)
    58 0000001C ????????            <1>     .reserved2  db 4 dup (?)  ;Alignement bytes, cleared by AH=29h
    59                              <1> endstruc
    60                              <1> 
    61                              <1> ;FCBmode equates:
    62                              <1> ;Bit 7 = Set => Share loaded, Clear => Share not loaded
    63                              <1> ;Bit 6 = Set => Char device, Clear => Disk file
    64                              <1> ;Bits [5,0] = Low 6 bits of device attribute word 
    65                              <1> fcbShareOn  equ 80h
    66                              <1> fcbCharDev  equ 40h
    67                              <1> fcbLocal    equ 40h
    68                              <1> 
    69                              <1> ;Structures of the special 6 bytes
    70                              <1> 
    71                              <1> ;Used when share is NOT loaded (fcbMode = 0xxxxxxxb)
    72                              <1> struc noShare   
    73 00000000 ??                  <1>     .attribWord db ?  ;(lowbyte DevAttrWord && 0Ch) || open mode
    74 00000001 ????                <1>     .startClust db 2 dup (?)  ;Starting cluster of file (too small for FAT32)
    75 00000003 ????                <1>     .dirSect    db 2 dup (?)  ;Sector containing dir entry (too small for FAT32)
    76 00000005 ??                  <1>     .dirEntry   db ?  ;Number of 32 byte directory entry IN sector
    77                              <1> endstruc
    78                              <1> 
    79                              <1> ;Used when the volume is local and share is loaded (fcbMode = 11xxxxxxb)
    80                              <1> struc shareLocal    
    81 00000000 ????                <1>     .strtClust  db 2 dup (?)  ;Starting cluster on disk of file (too small for FAT32)
    82 00000002 ????                <1>     .shareSig   db 2 dup (?)  ;Share record number for this file (to find record)
    83 00000004 ????                <1>     .fileAttr   db 2 dup (?)  ;File attribute (accessed as a byte)
    84                              <1> endstruc
    85                              <1> 
    86                              <1> ;Used when the volume is remote and share is loaded (fcbMode = 10xxxxxxb)
    87                              <1> struc shareNet
    88                              <1> ;All three fields too small for FAT32
    89 00000000 ????                <1>     .dirSect    db 2 dup (?)  ;Sector number containing dir entry
    90 00000002 ????                <1>     .relClust   db 2 dup (?)  ;File relative cluster of last cluster accessed
    91 00000004 ????                <1>     .absClust   db 2 dup (?)  ;Disk relative cluster of last cluster accessed
    92                              <1> endstruc
     8                                  %include "./inc/dosStruc.inc"
     1                              <1> 
     2                              <1> ;-------------------------------------------------------;
     3                              <1> ; This include file contains miscellaneous internal     ;
     4                              <1> ; SCP/DOS structures.                                   ;
     5                              <1> ;-------------------------------------------------------;
     6                              <1> 
     7                              <1> ;File/path length equates.
     8                              <1> MAX_FNAME_FCB   equ 8
     9                              <1> MAX_EXT_FCB     equ 3
    10                              <1> MAX_NAME_FCB    equ MAX_FNAME_FCB + MAX_EXT_FCB
    11                              <1> MAX_NAME_FCBZ   equ MAX_NAME_FCB + 1    ;Space for a null terminator
    12                              <1> ;Values below include the null terminator.
    13                              <1> MAX_FILE    equ 13  ;Maximum length of a filename (includes dot)
    14                              <1> MAX_DRIVE   equ 3   ;Maximum length of a drive string (X:<NUL>)
    15                              <1> MAX_FSPEC   equ 64  ;Maximum length of a path to a file (filespec)
    16                              <1> MAX_PATH    equ 67  ;Maximum length of a fully qualified pathspec
    17                              <1> ;MAX_PATH is X:\<string, maxlen 63 chars>,<null> so 67 chars total.
    18                              <1> ;Use this symbol to check the length of a filename after qualification.
    19                              <1> MAX_PSPEC   equ MAX_PATH - MAX_FILE - 1 ;54 bytes
    20                              <1> ;MAX_PSPEC is the max length of a path with space for a filename!
    21                              <1> ;Remember, filenames for us are just a string of, at most, 13 characters,
    22                              <1> ; which we always resolve into FCB format. Buffers need to make space for
    23                              <1> ; both the dot and terminating null
    24                              <1> 
    25                              <1> ;Environment maximum
    26                              <1> ENV_MAX equ 7fffh
    27                              <1> 
    28                              <1> ;------------------------------------------------------------------------;
    29                              <1> ; Each mass storage device up to LASTDRIVE gets a DPB, describing 
    30                              <1> ; its file system structure. This is used to locate files and structures
    31                              <1> ; on the device itself and to translate file requests to cluster chains
    32                              <1> ; to LBAs to pass to the disk driver..
    33                              <1> ; The DPBs form a linked list, with each DPB formed after the devices 
    34                              <1> ; drivers Initialise routine has been called.
    35                              <1> ;------------------------------------------------------------------------;
    36                              <1> struc dpb        ;Drive Parameter Block
    37                              <1> 
    38 00000000 ??                  <1>     .bDriveNumber           db ?  ;Drive number (0=A, 1=B ...)
    39 00000001 ??                  <1>     .bUnitNumber            db ?  ;Unit number in device
    40 00000002 ????                <1>     .wBytesPerSector        dw ?  ;min 512, max 4096
    41 00000004 ??                  <1>     .bMaxSectorInCluster    db ?  ;(Maximum sector in cluster) - 1
    42 00000005 ??                  <1>     .bSecPerClustShift      db ?  ;Sectors per cluster exponent
    43 00000006 ????                <1>     .wFAToffset             dw ?  ;Number of reserved sectors in partition
    44 00000008 ??                  <1>     .bNumberOfFATs          db ?  ;Number of FATs
    45 00000009 ????                <1>     .wNumberRootDirEntries  dw ?  ;In 32 byte units, this is 0 for FAT32
    46 0000000B ????????            <1>     .dClusterHeapOffset     dd ?  ;Start sector of data area
    47 0000000F ????????            <1>     .dMaxClusterAddr        dd ?  ;Max Cluster Addr = # of data clusters + 1
    48 00000013 ????????            <1>     .dFATlength             dd ?  ;FAT length, in sectors
    49 00000017 ????????            <1>     .dFirstUnitOfRootDir    dd ?  
    50                              <1>     ;Unit=Sector/Cluster of Root Directory (FAT12/16 = Sector, FAT32 = Cluster)
    51 0000001B ????????????????    <1>     .qDriverHeaderPtr       dq ?  ;Pointer to device driver header
    52 00000023 ??                  <1>     .bMediaDescriptor       db ?  ;Media descriptor
    53 00000024 ??                  <1>     .bAccessFlag            db ?  ;Access Flag (0 if accessed, else -1)
    54 00000025 ????????????????    <1>     .qNextDPBPtr            dq ?  ;Pointer to next DPB, -1 if at end
    55 0000002D ????????            <1>     .dNextFreeClst          dd ?  ;Starting cluster of free space search
    56 00000031 ????????            <1>     .dFreeClustCnt          dd ?  ;Number of free clusters, -1 unknown
    57                              <1> 
    58                              <1> endstruc
    59                              <1> 
    60                              <1> fat12MaxClustCnt    equ 4085    ;Cluster count less than this is FAT12
    61                              <1> fat16MaxClustCnt    equ 65525   ;Cluster count less than this is FAT16
    62                              <1> ;------------------------------------------------------------------------;
    63                              <1> ; Each mass storage device up to LASTDRIVE has a CDS associated with it.
    64                              <1> ; All disk pathing requests go via the CDS for that drive.
    65                              <1> ; The default drive is the last accessed drive, this number is stored
    66                              <1> ; in the DOS data area.
    67                              <1> ; The CDS is stored as an array with the offset into the array being 
    68                              <1> ; given by the drive letter's offset into the alphabet (with A=0).
    69                              <1> ;
    70                              <1> ; DEFAULT LASTDRIVE=E, MINIMUM LASTDRIVE=B
    71                              <1> ;------------------------------------------------------------------------;
    72                              <1> struc cds       ;Current Directory structure
    73 00000000 <res 43h>           <1>     .sCurrentPath        db MAX_PATH dup (?)    ;Current Directory Path String
    74 00000043 ????                <1>     .wFlags              dw ?   ;CDS Flags - 
    75 00000045 ????????????????    <1>     .qDPBPtr             dq ?   ;Ptr to the DPB of the dev using this CDS
    76 0000004D ????????            <1>     .dStartCluster       dd ?   ;Starting cluster of the directory on disk
    77 00000051 ????????????????    <1>     .qIFSPtr             dq ?   ;Reserved for IFS driver expansions
    78 00000059 ????????            <1>     .dNetStore           dd ?   ;For storing a owner dword for IFS (21h/5F03h)
    79 0000005D ????                <1>     .wBackslashOffset    dw ?   ;How many chars to skip for getting the path
    80                              <1> ; currentPath (usually 2 to skip C: in C:\, but when SUBSTing a drive letter to 
    81                              <1> ; another, we save the number of chars to skip to that deep level).
    82                              <1> ; I.E. if we SUBST A:\DOS G: then this value for the CDS for drive G is 6
    83                              <1> ; Only affects for SUBST drives, not JOIN
    84                              <1> ; Flags: Bit 15 set = Network drive
    85                              <1> ;        Bit 14 set = Physical drive
    86                              <1> ;        Bit 13 set = JOIN'ed drive
    87                              <1> ;        Bit 12 set = SUBST'ed drive
    88                              <1> ;        Bit 7  set = Redirected, not net. drive (This is how MSCDEX worked)
    89                              <1> endstruc
    90                              <1> ;CDS equates
    91                              <1> cdsRedirDrive   equ 8000h   ;All drives which use the Redirector interface
    92                              <1> cdsValidDrive   equ 4000h   ;CDS valid
    93                              <1> cdsJoinDrive    equ 2000h   ;CDS for joined drives
    94                              <1> cdsSubstDrive   equ 1000h   ;Drives formed by Subst
    95                              <1> cdsRdirLocDrive equ 0080h   ;Redirector but Local
    96                              <1> ;------------------------------------------------------------------------;
    97                              <1> ; The SFT is a way to allow applications to open file handles to files 
    98                              <1> ; and devices. As things stand, the SFT chain will have 5 file handles
    99                              <1> ; under the first header, and then a second header will be linked to the 
   100                              <1> ; first one after CONFIG.SYS has been read, to allow for FILES= to specify
   101                              <1> ; a size for the second SFT (default 10 files). Same for System FCBs, 
   102                              <1> ; using the FCBS= command. Default FCBS=5.
   103                              <1> ;
   104                              <1> ; A file handle describes the file, and the location within the file that
   105                              <1> ; we are reading. The file handle can be manipulated without the file
   106                              <1> ; being in memory, thus allowing the user to access data without needing 
   107                              <1> ; to take up large portions of memory. Similarly, file handles allow for
   108                              <1> ; accessing devices, by treating them as files with their drivers 
   109                              <1> ; responding and translating the manipulations of the file handle itself.
   110                              <1> ; Neither the driver nor the application should see or use the SFT for
   111                              <1> ; the handle, as it is subject to change (and will change when file 
   112                              <1> ; sharing provisions are included). The DOS will make requests to the 
   113                              <1> ; driver in a generic way and the driver will respond, with DOS keeping
   114                              <1> ; track of the information in the SFT entry for that handle. 
   115                              <1> ;
   116                              <1> ; One SFT entry can have multiple handles and multiple SFT entries
   117                              <1> ; can point to the same file. It all depends on what the applications 
   118                              <1> ; want to do with the File.
   119                              <1> ;
   120                              <1> ; !!!!IMPORTANT!!!!
   121                              <1> ; Currently there are plans for File Sharing, but I include minimal 
   122                              <1> ; provisions for it. I really just wanna get a DOS out the door.
   123                              <1> ;
   124                              <1> ;Each SFT may look like this:
   125                              <1> ;sysvars-->sfth------------>sfth------------>|ENDOFLIST|
   126                              <1> ;            |                |
   127                              <1> ;       wNumFiles*sft    wNumFiles*sft
   128                              <1> ;
   129                              <1> ; Two SFT chains are built; one for files, and a one for so called 
   130                              <1> ; System FCBs.
   131                              <1> ;
   132                              <1> ; Each SFT header has an array of SFT's below it, with the number of 
   133                              <1> ; SFTs given by wNumFiles. The SFT headers form a linked list.
   134                              <1> ;
   135                              <1> ; DEFAULT FILES=8, MINIMUM FILES=5
   136                              <1> ; DEFAULT FCBS=5,  MINIMUM FCBS=5
   137                              <1> ;------------------------------------------------------------------------;
   138                              <1> struc sfth   ;System file table header
   139                              <1> ; This is the SFT header.
   140                              <1> ; This structure comes before the start of the first file in the array/table.
   141 00000000 ????????????????    <1>     .qNextSFTPtr dq ?    ;Pointer to the next SFT
   142 00000008 ????                <1>     .wNumFiles   dw ?    ;Number of files in this table
   143                              <1> endstruc
   144                              <1> 
   145                              <1> struc sft
   146                              <1> ;This is the file struc itself
   147 00000000 ????                <1>     .wNumHandles dw ?    ;Number of handles pointing to this file
   148 00000002 ????                <1>     .wOpenMode   dw ?    ;File access permissions and behaviours
   149 00000004 ??                  <1>     .bFileAttrib db ?    ;Regular File Attributes
   150 00000005 ????                <1>     .wDeviceInfo dw ?    ;Includes unit number if a block device
   151 00000007 ????????????????    <1>     .qPtr        dq ?    ;IF char, ptr to device driver header, ELSE DPBptr
   152 0000000F ????????            <1>     .dStartClust dd ?    ;Start cluster of file pointed to by SFT entry
   153                              <1> .dTimeDate:              ;Symbol to access time/date together
   154 00000013 ????                <1>     .wTime       dw ?    ;File Time, updated on open and writes
   155 00000015 ????                <1>     .wDate       dw ?    ;File Date, updated on open and writes
   156 00000017 ????????            <1>     .dFileSize   dd ?    ;File Size, in bytes
   157 0000001B ????????            <1>     .dCurntOff   dd ?    ;Current Offset pointed to by SFT entry, in bytes
   158 0000001F ????????            <1>     .dRelClust   dd ?    ;File relative cluster pointed to by SFT entry
   159 00000023 ????????            <1>     .dAbsClust   dd ?    ;Absolute disk cluster pointed to by SFT entry
   160 00000027 ????????????????    <1>     .qDirSect    dq ?    ;Abs number of sector containing directory entry 
   161 0000002F ??                  <1>     .bNumDirEnt  db ?    ;Directory entry within dir sector (byte offset/32)
   162 00000030 <res Bh>            <1>     .sFileName   db 11 dup (?)   ;8.3 Filename
   163                              <1> ;                       Share Vars
   164 0000003B ????????????????    <1>     .pNextSFT   dq ?    ;Ptr to the next SFT for this file in the chain
   165 00000043 ????????            <1>     .dMID       dd ?    ;Machine ID of the machine (VM) that opened this file
   166 00000047 ????????????????    <1>     .qPID       dq ?    ;Proc ID (PSP) of the program which opened this file
   167 0000004F ????????????????    <1>     .pMFT       dq ?    ;Pointer to the MFT for this file. 0 means no MFT
   168                              <1> endstruc
   169                              <1> ;Open Mode equates
   170                              <1> ;Access modes   Bits[2:0]
   171                              <1> openRdAcc   equ 0h
   172                              <1> openWrAcc   equ 1h
   173                              <1> openRWAcc   equ 2h
   174                              <1> ;Bit 3 reserved 0
   175                              <1> ;Sharing modes  Bits[6:4]
   176                              <1> openCompat      equ 0h  ;Deny all, compatibility mode
   177                              <1> openDenRWShr    equ 10h ;Deny all, explicity read/write
   178                              <1> openDenWrShr    equ 20h ;Deny writes
   179                              <1> openDenRdShr    equ 30h ;Deny reads
   180                              <1> openDenNoShr    equ 40h ;Don't deny anything!
   181                              <1> ;NetFCB is for files open by a local server, handling IO from a remote
   182                              <1> ; client by proxy opened by an FCB! Sets the Net bit to indicate this. 
   183                              <1> ;Thus, this is a handle with no JFT entry! Server handles its own JFT!
   184                              <1> openNetFCBShr   equ 70h
   185                              <1> openNoInherit   equ 80h
   186                              <1> 
   187                              <1> ;Bits 8-12 reserved 0
   188                              <1> ;The next two are extended open mode bits! 
   189                              <1> ;Can be set
   190                              <1> openFailOnI24   equ 2000h   ;If set, automatically FAIL all Int 24h
   191                              <1> openFlushWrites equ 4000h   ;If set, commit after each write call.
   192                              <1> ;SFT-FCBs mark that the SFT is indeed an FCB on the System FCB chain.
   193                              <1> ;These would only come into effect due to SHARE. We are yet to implement 
   194                              <1> ; them
   195                              <1> openSFTFCB      equ 8000h   ;If set, file is SFT-FCB.
   196                              <1> 
   197                              <1> ;Attribute Byte
   198                              <1> attrFileRO          equ 1h
   199                              <1> attrFileHidden      equ 2h
   200                              <1> attrFileSys         equ 4h
   201                              <1> attrFileVolLbl      equ 8h
   202                              <1> attrFileDir         equ 10h ;Directory entry
   203                              <1> attrFileArchive     equ 20h
   204                              <1> attrFileChar        equ 40h ;Reserved, never found in dir
   205                              <1> 
   206                              <1> ;Device Info word equates
   207                              <1> ;For a block device, bits [5:0] contain the drive number
   208                              <1> devCharConIn    equ 1h  ;If set, device is CON input
   209                              <1> devCharConOut   equ 2h  ;If set, device is CON output
   210                              <1> devCharNulDev   equ 4h  ;If set, device is NULL device
   211                              <1> devCharClkDev   equ 8h  ;If set, device is CLOCK device
   212                              <1> 
   213                              <1> devCharFastOut  equ 10h ;If set, device supports INT 29h
   214                              <1> devCharBinary   equ 20h ;If set, r/w char device in Binary mode
   215                              <1> devCharNotEOF   equ 40h ;If set, device not yet at end of file
   216                              <1> devDiskNoFlush  equ 40h ;Set if file is synchronised with hard store!
   217                              <1> devCharDev      equ 80h ;If set, it is a char device!
   218                              <1> 
   219                              <1> devDiskI24onFull    equ 100h    ;If set, Int 24h on disk full or disk EOF
   220                              <1> devCharNetSpool equ 800h    ;If set, device is a network spooler
   221                              <1> 
   222                              <1> devNoInherit    equ 1000h   ;If set, handle not inherited by child processes
   223                              <1> devCharNamePipe equ 2000h   ;If set, device is a named pipe
   224                              <1> devDiskNoDTonClose equ 4000h   ;If set, dont update date and time when closing
   225                              <1> devRedir        equ 8000h   ;If set, dev/file is redirected!
   226                              <1> 
   227                              <1> ;Extended open flags. For the var [wEOFlags]
   228                              <1> ;These are not related to the SFT but are used during an extended open
   229                              <1> ; call to keep track of whats going on and thus help build an SFT.
   230                              <1> eoInExtOpen     equ 0001h   ;Doing Extended Open
   231                              <1> eoFailI24       equ 0002h   ;If EO file hard fails, skip and fail Int 24h
   232                              <1> eoFileNoExist   equ 0004h   ;File doesnt exist
   233                              <1> 
   234                              <1> ;Can combine the third option with one of the first two options.
   235                              <1> ;The first two options cannot be combined.
   236                              <1> ; - If only create is selected, then we try to do a create new. If the 
   237                              <1> ;       file exists, this fails with a "File exists" error.
   238                              <1> ;       Acts like a normal create new call. (21/5Bh)
   239                              <1> ;
   240                              <1> ; - If only open is selected then we try to do an open. If the file doesn't
   241                              <1> ;       doesn't exist, this fails with a "File not found" error.
   242                              <1> ;       Acts like a normal open call. (21/3Dh)
   243                              <1> ;
   244                              <1> ; - If only truncate is selected then we try to do a create. If the file
   245                              <1> ;       doesn't exist, this fails a "File not found" error.
   246                              <1> ;       New behaviour.
   247                              <1> ;
   248                              <1> ; - If open and create are selected then we try and open the file. If 
   249                              <1> ;       the open fails due to the file not existing, we create a new file. 
   250                              <1> ;       New behaviour.
   251                              <1> ;
   252                              <1> ; - If truncate and create are selected then we try to truncate the file. 
   253                              <1> ;       If the file doesnt exist then we create a new file instead.
   254                              <1> ;       Acts like a normal create call. (21/3Ch)
   255                              <1> 
   256                              <1> eoActOpen       equ 01h ;Open the file. 
   257                              <1> eoActTruncate   equ 02h ;Truncate an existing file.
   258                              <1> eoActCreate     equ 10h ;Create a file if one doesnt exist.
   259                              <1> ;Extended Open Action Return 
   260                              <1> eoRetActOpen    equ 1   ;Open existing
   261                              <1> eoRetActCreate  equ 2   ;Create new and open
   262                              <1> eoRetActTruncate    equ 3    ;Recreate and open
   263                              <1> ;------------------------------------------------------------------------;
   264                              <1> ; Buffers allow for buffered drive IO, by first transferring a sector 
   265                              <1> ; to an internal buffer, and then copying it to the specified location
   266                              <1> ; in memory. The buffer is kept in the buffer chain,  in the event that 
   267                              <1> ; another request for the same sector from the same device is made, so 
   268                              <1> ; that is can be read from the device directly. Buffers are uniform in 
   269                              <1> ; size, selected according to the largest detected sector size during 
   270                              <1> ; the initial loadup.
   271                              <1> ;
   272                              <1> ; The buffer pointer in SysVars points to most recently used Buffer
   273                              <1> ;
   274                              <1> ; DEFAULT BUFFERS=30, MINIMUM BUFFERS=2
   275                              <1> ;------------------------------------------------------------------------;
   276                              <1> 
   277                              <1> struc bufferHdr
   278 00000000 ????????????????    <1>     .nextBufPtr  dq  ?   ;Pointer to the next buffer in the chain or -1 at end
   279                              <1>     .wDrvNumFlg:         ;Read as a word to get the following two bytes!
   280 00000008 ??                  <1>     .driveNumber db  ?   ;Drive number the buffer is used for (or -1 for free)
   281 00000009 ??                  <1>     .bufferFlags db  ?   ;Standard Flags
   282 0000000A ????????????????    <1>     .bufferLBA   dq  ?   ;LBA the buffer contains
   283 00000012 ??                  <1>     .bufFATcopy  db  ?   ;Number of copies of the FAT to write (1 if non-FAT)
   284 00000013 ????????            <1>     .bufFATsize  dd  ?   ;Number of sectors per FAT (or 0 if non-FAT)
   285 00000017 ????????????????    <1>     .driveDPBPtr dq  ?   ;Pointer to the device DPB block
   286 0000001F ??                  <1>     .reserved    db  ?   ;Alignment byte
   287                              <1>     .dataarea:             ;Points to the start of the data area
   288                              <1> endstruc
   289                              <1> ;Buffer Flag equates
   290                              <1> dosBuffer   equ 1h  ;Sector 0 (BPB/VPB) in buffer
   291                              <1> fatBuffer   equ 2h  ;FAT sector in buffer
   292                              <1> dirBuffer   equ 4h  ;Directory sector in buffer
   293                              <1> dataBuffer  equ 8h  ;File Data sector in buffer
   294                              <1> refBuffer   equ 20h ;Data in buffer has been referenced by an application
   295                              <1> dirtyBuffer equ 40h ;Data in buffer modified by an application
   296                              <1> freeBuffer  equ 00FFh   ;A word which goes into the drive number to clear both fields
   297                              <1> freeDrv     equ 0FFh    ;Same as above, just without modifying flags
   298                              <1> ;Note! A buffer is marked as referenced when the buffer is "obtained" by a syscall
   299                              <1> ;------------------------------------------------------------------------;
   300                              <1> ; Memory control block for each memory arena
   301                              <1> ;------------------------------------------------------------------------;
   302                              <1> struc mcb
   303 00000000 ??                  <1>     .marker     db ?  ;M = Member of the MCB chain. Z = Last member
   304 00000001 ????????????????    <1>     .owner      dq ?  ;Owning application PSP (para aligned) or 0 for free
   305 00000009 ????????            <1>     .blockSize  dd ?  ;Number of contiguous paragraphs owned by this block
   306                              <1>     ;The following byte is reserved outside of sysinit
   307 0000000D ??                  <1>     .subSysMark db ?  ;Marks the optional DOS subsystem of the MCB
   308 0000000E ????                <1>     .reserved   db 2 dup (?) 
   309                              <1>     .program:
   310                              <1> endstruc
   311                              <1> ;MCB equates
   312                              <1> mcbOwnerHole    equ 7   ;Owner = 7 => Memory hole, always fail free/realloc
   313                              <1> mcbOwnerFree    equ 0   ;Owner = 0 => Free and available space
   314                              <1> mcbOwnerDOS     equ 8   ;Owner = 8 => Owned by DOS
   315                              <1> mcbOwnerNewDOS  equ 9   ;Owner = 9 => New Kernel driver alloc. Needs setting to 8.
   316                              <1> mcbMarkCtn      equ "M"
   317                              <1> mcbMarkEnd      equ "Z"
   318                              <1> ;The following are used on MCB's that belong to DOS, that are not part of the
   319                              <1> ; main kernel (i.e. the CONFIG.SYS optional parts).
   320                              <1> mcbSubDriver    equ "D" ;Any memory allocated for a device driver's code.
   321                              <1> mcbSubDrvExtra  equ "L" ;Any memory allocated by a device driver.
   322                              <1> mcbSubDrvDPB    equ "P" ;Blocks used for DPB's are marked so.
   323                              <1> mcbSubIFS       equ "I" ;Unused for now
   324                              <1> mcbSubFiles     equ "F" ;Any memory allocated for Files.
   325                              <1> mcbSubFCBS      equ "X" ;Unused for now
   326                              <1> mcbSubBuffers   equ "B" ;Any memory allocated for Buffers.
   327                              <1> mcbSubCDS       equ "L" ;Any memory allocated to store a CDS.
   328                              <1> mcbSubStacks    equ "S" ;Unused for now
   329                              <1> mcbSubEnv       equ "E" ;Denotes an opaque environment copy produced by DOS
   330                              <1> 
   331                              <1> 
   332                              <1> memFirstFit     equ 0   ;First free block goes to application
   333                              <1> memBestFit      equ 1   ;Block whos size closest matches requirement
   334                              <1> memLastFit      equ 2   ;Last free block goes to application
   335                              <1> 
   336                              <1> ;Owner = Para aligned address => Owning application PSP
   337                              <1> ;...To consider...
   338                              <1> ;Owner = Non-para aligned address => Error? Should maybe lock up system?
   339                              <1> ;blockSize counts the number of paragraphs FROM .program TO THE NEXT MCB!
   340                              <1> ;------------------------------------------------------------------------;
   341                              <1> ; For Int 21h, the callers registers are saved on their stack in the 
   342                              <1> ; following order, thus allowing for return values to be placed in the 
   343                              <1> ; registers by accessing the caller register stack frame.
   344                              <1> ;------------------------------------------------------------------------;
   345                              <1> struc callerFrame
   346 00000000 ????????????????    <1>     .rax    dq ?  ;Bottom of frame, pointer to rax saved in oldRSP
   347 00000008 ????????????????    <1>     .rbx    dq ?    
   348 00000010 ????????????????    <1>     .rcx    dq ?
   349 00000018 ????????????????    <1>     .rdx    dq ?
   350 00000020 ????????????????    <1>     .rsi    dq ?
   351 00000028 ????????????????    <1>     .rdi    dq ?
   352 00000030 ????????????????    <1>     .rbp    dq ?
   353 00000038 ????????????????    <1>     .r8     dq ?  ;To be removed if truly not needed
   354 00000040 ????????????????    <1>     .r9     dq ?
   355                              <1> ;Pushed by Processor when invoked via Interrupt
   356 00000048 ????????????????    <1>     .rip    dq ?
   357 00000050 ????????????????    <1>     .cs     dq ?
   358 00000058 ????????????????    <1>     .flags  dq ?
   359                              <1> endstruc
   360                              <1> 
   361                              <1> struc dpl
   362                              <1> ;DOS parameter list, pointer to this stack is passed to DOS in rdx on
   363                              <1> ; server calls
   364 00000000 ????????????????    <1>     .rax    dq ?
   365 00000008 ????????????????    <1>     .rbx    dq ?
   366 00000010 ????????????????    <1>     .rcx    dq ?
   367 00000018 ????????????????    <1>     .rdx    dq ?
   368 00000020 ????????????????    <1>     .rsi    dq ?
   369 00000028 ????????????????    <1>     .rdi    dq ?
   370 00000030 ????????????????    <1>     .r8     dq ?
   371 00000038 ????????????????    <1>     .r9     dq ?
   372 00000040 ????????????????    <1>     .align  dq ?
   373 00000048 ????????????????    <1>     .dMID   dq ?  ;Machine id, low dword used only
   374 00000050 ????????????????    <1>     .qPID   dq ?  ;Process ID
   375                              <1> endstruc
   376                              <1> 
   377                              <1> struc cfgFrame  ;Frame used for config.sys parsing
   378 00000000 ????????????????    <1>     .oldRBP         dq ?    ;Ptr to DOSSEG
   379 00000008 ????????????????    <1>     .newBuffers     dq ?    ;New buffers value
   380 00000010 ????????????????    <1>     .newSFTVal      dq ?
   381 00000018 ????????????????    <1>     .newFCBSVal     dq ?
   382 00000020 ????????????????    <1>     .newProtFCBSVal dq ?    ;Number of protected FCBS
   383 00000028 ????????????????    <1>     .newLastdrive   dq ?
   384 00000030 ????????????????    <1>     .newStacks      dq ?    ;Ignored for now
   385 00000038 ????????????????    <1>     .newStackSize   dq ?    ;Ignored for now
   386 00000040 ????????????????    <1>     .cfgHandle      dq ?    ;CONFIG.SYS handle
   387 00000048 ????????????????    <1>     .lastLine       dq ?    ;Set if the last line is current
   388 00000050 ????????????????    <1>     .linePtr        dq ?    ;Ptr to line buffer of line being processed
   389 00000058 ????????????????    <1>     .driverBreak    dq ?    ;Ptr to the pathname terminator 
   390 00000060 ????????????????    <1>     .breakChar      dq ?    ;Char that was replaced by null for terminator
   391                              <1> endstruc
   392                              <1> 
   393                              <1> struc filename
   394                              <1> ;8.3 File name struct
   395 00000000 ????????????????    <1>     .fName  db 8 dup (?)
   396 00000008 ??????              <1>     .fExt   db 3 dup (?)
   397                              <1> endstruc
   398                              <1> 
   399                              <1> struc ffBlock   ;The structure of the Find First structure at the DTA
   400 00000000 ??                  <1>     .driveNum   db ?  ;Drive we are searching on, 1 based number
   401 00000001 <res Bh>            <1>     .template   db 11 dup (?) ;Search template (? meaning anything)
   402 0000000C ??                  <1>     .attrib     db ?  ;Search attribute
   403 0000000D ????????            <1>     .dirOffset  dd ?  ;32 byte entry within dir cluster
   404 00000011 ????????            <1>     .parDirClus dd ?  ;Parent Directory Cluster number
   405 00000015 ??                  <1>     .attribFnd  db ?  ;Attrib of file found
   406 00000016 ????                <1>     .fileTime   dw ?  ;File time
   407 00000018 ????                <1>     .fileDate   dw ?  ;File date
   408 0000001A ????????            <1>     .fileSize   dd ?  ;Number of bytes
   409 0000001E <res Dh>            <1>     .asciizName db 13 dup (?) ;ASCIIZ name with dot and terminating nul
   410                              <1> endstruc
   411                              <1> 
   412                              <1> dfltJFTsize equ 20  ;Default size of PSP JFT
   413                              <1> struc psp
   414 00000000 ????                <1>     .return     db 2 dup (?)  ;Should always be CDh 20h, same place as DOS
   415 00000002 ????????            <1>     .allocSize  dd ?  ;Number of paras in init alloc or when exiting as TSR.
   416 00000006 ????????            <1>                 dd ?  ;Reserved 4 bytes
   417 0000000A ????????????????    <1>     .oldInt22h  dq ?  ;Int 22h pointer on overlay load
   418 00000012 ????????????????    <1>     .oldInt23h  dq ?  ;Int 23h pointer on overlay load
   419 0000001A ????????????????    <1>     .oldInt24h  dq ?  ;Int 24h pointer on overlay load
   420 00000022 ????????????????    <1>     .parentPtr  dq ?  ;Pointer to parent process PSP
   421                              <1> ;If jftSize > 20, then the QWORD at .jobFileTbl becomes a pointer
   422                              <1> ; to the actual in use JFT and the other 12 bytes are left undefined.
   423                              <1> ;If jftSize < 20 (DOS will never set it so), then it is considered as 20
   424                              <1> ;If the user tries to reduce handle count to 20 or less, then the PSP JFT is 
   425                              <1> ; always used and jftSize.
   426                              <1>     .externalJFTPtr:    ;Ptr to external JFT array (first byte AFTER MCB)
   427 0000002A <res 14h>           <1>     .jobFileTbl db dfltJFTsize dup (?) ;Main File handle array, JFT
   428 0000003E ????????????????    <1>     .envPtr     dq ?  ;Pointer to the environment
   429 00000046 ????????????????    <1>     .rspPtr     dq ?  ;Pointer to rsp on entry to Int 21h
   430 0000004E ????                <1>     .jftSize    dw ?  ;JFT array size, 20 => PSP JFT in use
   431 00000050 ??????              <1>     .unixEntry  db 3 dup (?)  ;Must always be CDh 21h CBh, same place as DOS
   432 00000053 ????????????????    <1>     .prevPSP    dq ?  ;Pointer to the previous PSP in chain (used by SHARE)
   433 0000005B ??                  <1>                 db ?  ;Reserved byte
   434                              <1> ;The below are in the same place as in DOS.
   435                              <1>     .cmdLineArgPtr: ;Symbol for future use
   436 0000005C <res 10h>           <1>     .fcb1       db 16 dup (?)  ;First FCB 
   437 0000006C <res 14h>           <1>     .fcb2       db 20 dup (?)  ;Second FCB
   438                              <1>     .dta:   ;Pointer to the default DTA in the PSP
   439 00000080 ??                  <1>     .parmList   db ?   ;Number of characters in command tail
   440 00000081 <res 7Fh>           <1>     .progTail   db 127 dup (?) ;Default DTA/Program tail
   441                              <1> endstruc
   442                              <1> 
   443                              <1> struc launchParams
   444                              <1> ;Similar to 21h/6101h but instead copied into the user's space.
   445 00000000 <res 10h>           <1>     .sFcb1      db 16 dup (?)  ;First FCB
   446 00000010 <res 14h>           <1>     .sFcb2      db 20 dup (?)  ;Second FCB
   447 00000024 ??                  <1>     .bLen       db ?    ;Length of string below
   448                              <1>     .sCmdLine:          ;Pointer to the CR terminated command line
   449                              <1> endstruc
   450                              <1> 
   451                              <1> struc clkStruc
   452 00000000 ????                <1>     .dateWord   dw ?
   453 00000002 ??                  <1>     .minutes    db ?
   454 00000003 ??                  <1>     .hours      db ?
   455 00000004 ??                  <1>     .hseconds   db ?  ;Hundreths of seconds
   456 00000005 ??                  <1>     .seconds    db ?
   457                              <1> endstruc
   458                              <1> 
   459                              <1> 
   460                              <1> struc extCtryStruc
   461 00000000 ??                  <1>     .infoIDCode db ?    ;Information ID code (01h)
   462 00000001 ????                <1>     .strucSize  dw ?    ;Length of the structure  (42 or less)
   463 00000003 ????                <1>     .ctryID     dw ?    ;Country ID number
   464 00000005 ????                <1>     .cpNumber   dw ?    ;Code page number
   465 00000007 ????                <1>     .dtfmt      dw ?    ;Date time format (2 bytes)
   466                              <1>                         ;0 = month day year hh:mm:ss
   467                              <1>                         ;1 = day month year hh:mm:ss
   468                              <1>                         ;2 = year month day hh:mm:ss
   469 00000009 ??????????          <1>     .curr       db 5 dup (?)   ;ASCIIZ Currency symbol (5 chars)
   470 0000000E ????                <1>     .thouSep    db 2 dup (?)   ;ASCIIZ Thousands separator
   471 00000010 ????                <1>     .dcmlSep    db 2 dup (?)   ;ASCIIZ Decimal separator
   472 00000012 ????                <1>     .dateSep    db 2 dup (?)   ;ASCIIZ Date separator
   473 00000014 ????                <1>     .timeSep    db 2 dup (?)   ;ASCIIZ Time separator
   474 00000016 ??                  <1>     .currFmt    db ?    ;Currency Format
   475                              <1>                         ;0 = Symbol leads, without space
   476                              <1>                         ;1 = Symbol follows, without space
   477                              <1>                         ;2 = Symbol leads, one space
   478                              <1>                         ;3 = Symbol follows, one space
   479                              <1>                         ;4 = Symbol replace decimal separator
   480 00000017 ??                  <1>     .digtdpt    db ?    ;Number of digits after the decimal point
   481 00000018 ??                  <1>     .timefmt    db ?    ;Time format, Bit 0 = 0 => 12 hour, = 1 => 24 hour clock
   482 00000019 ????????????????    <1>     .mapptr     db 8 dup (?)  ;Case map address (0 is nulptr), needs fixing up
   483 00000021 ????                <1>     .dataSep    db 2 dup (?)  ;Data list separator
   484 00000023 <res Ah>            <1>     .resv       db 10 dup (?) ;Reserve 10 bytes
   485                              <1> endstruc
   486                              <1> 
   487                              <1> struc countryStruc
   488 00000000 ????                <1>     .dtfmt      dw ?    ;Date time format (2 bytes)
   489                              <1>                         ;0 = month day year hh:mm:ss
   490                              <1>                         ;1 = day month year hh:mm:ss
   491                              <1>                         ;2 = year month day hh:mm:ss
   492 00000002 ??????????          <1>     .curr       db 5 dup (?)   ;ASCIIZ Currency symbol (5 chars)
   493 00000007 ????                <1>     .thouSep    db 2 dup (?)   ;ASCIIZ Thousands separator
   494 00000009 ????                <1>     .dcmlSep    db 2 dup (?)   ;ASCIIZ Decimal separator
   495 0000000B ????                <1>     .dateSep    db 2 dup (?)   ;ASCIIZ Date separator
   496 0000000D ????                <1>     .timeSep    db 2 dup (?)   ;ASCIIZ Time separator
   497 0000000F ??                  <1>     .currFmt    db ?    ;Currency Format
   498                              <1>                         ;0 = Symbol leads, without space
   499                              <1>                         ;1 = Symbol follows, without space
   500                              <1>                         ;2 = Symbol leads, one space
   501                              <1>                         ;3 = Symbol follows, one space
   502                              <1>                         ;4 = Symbol replace decimal separator
   503 00000010 ??                  <1>     .digtdpt    db ?    ;Number of digits after the decimal point
   504 00000011 ??                  <1>     .timefmt    db ?    ;Time format, Bit 0 = 0 => 12 hour, = 1 => 24 hour clock
   505 00000012 ????????????????    <1>     .mapptr     db 8 dup (?)  ;Case map address (0 is nulptr), needs fixing up
   506 0000001A ????                <1>     .dataSep    db 2 dup (?)  ;Data list separator
   507 0000001C <res Ah>            <1>     .resv       db 10 dup (?) ;Reserve 10 bytes
   508                              <1> endstruc
   509                              <1> 
   510                              <1> ;Critical Error AH bitfield equates
   511                              <1> critRead    equ 0h
   512                              <1> critWrite   equ 1h
   513                              <1> critDOS     equ 0h
   514                              <1> critFAT     equ 2h
   515                              <1> critDir     equ 4h
   516                              <1> critData    equ 6h
   517                              <1> critFailOK  equ 8h
   518                              <1> critRetryOK equ 10h
   519                              <1> critIgnorOK equ 20h
   520                              <1> critCharDev equ 80h
   521                              <1> 
   522                              <1> critIgnore  equ 0
   523                              <1> critRetry   equ 1
   524                              <1> critAbort   equ 2
   525                              <1> critFail    equ 3
   526                              <1> 
   527                              <1> ;MISC ASCII control chars
   528                              <1> NUL equ 00h ;^@         | ASCII Null
   529                              <1> ETX equ 03h ;^C         | ASCII Break (End of Text) 
   530                              <1> ACK equ 06h ;^F         | ASCII Acknowledgement
   531                              <1> BEL equ 07h ;^G         | ASCII Bell
   532                              <1> BSP equ 08h ;^H         | ASCII Backspace
   533                              <1> TAB equ 09h ;^I         | ASCII Horizontal Tab
   534                              <1> LF  equ 0Ah ;^J         | ASCII Line Feed
   535                              <1> CR  equ 0Dh ;^M         | ASCII Carriage Return
   536                              <1> DLE equ 10h ;^P         | ASCII Data Link End (Toggle Print Echo)
   537                              <1> DC3 equ 13h ;^S         | ASCII Device Control 3 (Toggle Scroll Lock)
   538                              <1> DC4 equ 14h ;^T         | ASCII Device Control 4
   539                              <1> NAK equ 15h ;^U         | ASCII Negative Acknowledgement
   540                              <1> ETB equ 17h ;^W         | ASCII End of Transmission Block
   541                              <1> EOF equ 1Ah ;^Z         | ASCII Substitute character (End of File)
   542                              <1> ESC equ 1Bh ;           | ASCII Escape char, used for ANSI.SYS
   543                              <1> SPC equ 20h ;Printable  | ASCII Space
   544                              <1> ;This last one is NEVER printed with a caret as it is a console control char
   545                              <1> DEL equ 7Fh ;^?         | ASCII Rubout (Del char and dec cursor)
   546                              <1> 
   547                              <1> asciiCaret  equ 20h ;Used to check which chars need to be printed with caret
   548                              <1> ;Extended Ascii Codes
   549                              <1> eF1     equ 3Bh ;F1 second byte
   550                              <1> eF2     equ 3Ch ;F2 second byte
   551                              <1> eF3     equ 3Dh ;F3 second byte
   552                              <1> eF4     equ 3Eh ;F4 second byte
   553                              <1> eF5     equ 3Fh ;F5 second byte
   554                              <1> eF6     equ 40h ;F6 second byte
   555                              <1> eF7     equ 41h ;F7 second byte
   556                              <1> eCursL  equ 4Bh ;Cursor Left second byte
   557                              <1> eCursR  equ 4Dh ;Cursor Right second byte
   558                              <1> eIns    equ 52h ;Insert second byte
   559                              <1> eDel    equ 53h ;DEL second byte (not necessarily delete key)
   560                              <1> 
   561                              <1> ;Default Configuration for the system
   562                              <1> 
   563                              <1> buffersDefault  equ 30
   564                              <1> filesDefault    equ 20
   565                              <1> fcbsDefault     equ 4
   566                              <1> safeFcbsDeflt   equ 0
   567                              <1> lastDriveDeflt  equ 5   
   568                              <1> 
   569                              <1> ;ASCII char property table equates. If such a bit is clear in signature in table
   570                              <1> ; then the char has this property.
   571                              <1> badChar     equ 1   ;Bad ASCIIZ filename char
   572                              <1> termChar    equ 2   ;Terminator char type
   573                              <1> sepChar     equ 4   ;Separator char type
   574                              <1> badFCBChar  equ 8   ;FCB filename char
   575                              <1> 
   576                              <1> ;Nice STDIO equates
   577                              <1> STDIN   equ 0
   578                              <1> STDOUT  equ 1
   579                              <1> STDERR  equ 2
   580                              <1> STDAUX  equ 3
   581                              <1> STDPRN  equ 4
     9                                  %include "./inc/dosError.inc"
     1                              <1> ;DOS Error codes
     2                              <1> ;Where new codes are needed, we base them on Windows error codes
     3                              <1> ;----------------------------------------------
     4                              <1> ;             Extended Error Codes
     5                              <1> ;----------------------------------------------
     6                              <1> errInvFnc   equ 1   ;Invalid function number
     7                              <1> errFnf      equ 2   ;File not found
     8                              <1> errPnf      equ 3   ;Path not found
     9                              <1> errNhl      equ 4   ;Too many open handles, no handles left
    10                              <1> errAccDen   equ 5   ;Access denied (to resource)
    11                              <1> errBadHdl   equ 6   ;Invalid handle
    12                              <1> errMCBbad   equ 7   ;MCB's destroyed
    13                              <1> errNoMem    equ 8   ;Insufficient memory
    14                              <1> errMemAddr  equ 9   ;Invalid Memory Block Address
    15                              <1> errBadEnv   equ 10  ;Invalid environment
    16                              <1> errBadFmt   equ 11  ;Invalid format (path etc)
    17                              <1> errAccCde   equ 12  ;Invalid Access Code (bad file share mode or attribute)
    18                              <1> errInvDat   equ 13  ;Invalid data
    19                              <1> ;           equ 14  ;Reserved
    20                              <1> errBadDrv   equ 15  ;Invalid drive specified
    21                              <1> errDelCD    equ 16  ;Attempt to delete the current directory
    22                              <1> errDevUnk   equ 17  ;Not the same device (Device Unknown)
    23                              <1> errNoFil    equ 18  ;No more files, no match found
    24                              <1> ;The following are Driver error codes + 19
    25                              <1> drvErrShft  equ 19  ;Used to shift Driver error codes to extended error codes
    26                              <1> errWpd      equ 19  ;Attempt to write on write protected disk
    27                              <1> errUnkUnt   equ 20  ;Unknown Unit
    28                              <1> errDrvNR    equ 21  ;Drive not ready
    29                              <1> errUnkCmd   equ 22  ;Unknown Command
    30                              <1> errCRCerr   equ 23  ;Data (CRC) error
    31                              <1> errBadRLn   equ 24  ;Bad request structure length
    32                              <1> errSekErr   equ 25  ;Seek error
    33                              <1> errUnkMed   equ 26  ;Unknown media type
    34                              <1> errSecNF    equ 27  ;Sector not Found
    35                              <1> errNoPap    equ 28  ;Printer out of paper
    36                              <1> errWF       equ 29  ;Write fault
    37                              <1> errRF       equ 30  ;Read fault
    38                              <1> errGF       equ 31  ;General fault
    39                              <1> ;~~~~~~~~~~~~~~~~~~~~~~~~~~~~~~~~~~~~~~~~~~~~~~
    40                              <1> ;The following two go inbetween the reserved disk errors
    41                              <1> errShrVio   equ 32  ;Sharing violations
    42                              <1> errLokVio   equ 33  ;File Lock violation
    43                              <1> ;~~~~~~~~~~~~~~~~~~~~~~~~~~~~~~~~~~~~~~~~~~~~~~
    44                              <1> errIDC      equ 34  ;Driver code, Invalid Disk Change, settable by share
    45                              <1> errNoFCB    equ 35  ;FCB unavailable
    46                              <1> errShrFul   equ 36  ;Sharing buffer full
    47                              <1> ;The next two errors occur because an redir handle has the bit set to do this.
    48                              <1> ;We do not move the SFT in either case so that one can safely examine the
    49                              <1> ; state of the system before the call was made. In the second case,
    50                              <1> ; the user should do a 0 byte write at filesize before anything else to truncate
    51                              <1> ; any pre-allocated clusters.
    52                              <1> errHdlEOF   equ 38  ;Handle will EOF if read proceeds or at EOF. 
    53                              <1> errDskFul   equ 39  ;Disk will fill up if write proceeds or full. 
    54                              <1> ;----------------------------------------------
    55                              <1> ;             Network error codes
    56                              <1> ;----------------------------------------------
    57                              <1> errNetGeneric       equ 50  ;Network request not supported, generic net fail
    58                              <1> errNetRemNotList    equ 51  ;Cannot find the network path
    59                              <1> errNetDupName       equ 52  ;Duplicate name exists on the network
    60                              <1> errNetBadNetpath    equ 53  ;Network path not found
    61                              <1> errNetBusy          equ 54  ;Network is busy
    62                              <1> errNetDevNoExist    equ 55  ;Specified net resource or dev not available
    63                              <1> errNetBIOSCmdLimit  equ 56  ;Net BIOS command limit reached
    64                              <1> errNetAdapHdwErr    equ 57  ;Network adapter hardware error
    65                              <1> errNetBadResp       equ 58  ;Server cannot perform requested operation
    66                              <1> errNetUnexp         equ 59  ;Unexpected Network error
    67                              <1> errNetBadAdap       equ 60  ;Bad remote network adapter
    68                              <1> errPrintQueueFull   equ 61  ;Printer queue is full
    69                              <1> errNoSpool          equ 62  ;No space to store file to be printed on print srv
    70                              <1> errPrintAbort       equ 63  ;File waiting to be printed was deleted
    71                              <1> errNetNameDel       equ 64  ;Network name is no longer available
    72                              <1> errNetAccDen        equ 65  ;Network Access denied
    73                              <1> errNetBadDevType    equ 66  ;Network resource type is not correct
    74                              <1> errNetBadNetName    equ 67  ;The network name cannot be found
    75                              <1> errNetTooManyNames  equ 68  ;Name limit for local network card exceeded 
    76                              <1> errNetTooManySess   equ 69  ;The Network (NETBIOS) session limit was exceeded
    77                              <1> errNetSharingPaused equ 70  ;Remote server is paused
    78                              <1> errNetReqNotAccep   equ 71  ;Remote computer too busy to accept connections
    79                              <1> errNetRedirPaused   equ 72  ;Specified redir device has been paused
    80                              <1> ;----------------------------------------------
    81                              <1> ;         Extended error codes level 2
    82                              <1> ;----------------------------------------------
    83                              <1> errFilExist equ 80  ;File already exists
    84                              <1> errDirExist equ 82  ;Directory already exists
    85                              <1> errFI24     equ 83  ;Fail on Int 24h
    86                              <1> errRedir    equ 84  ;Too many levels of redirection
    87                              <1> errDupRedir equ 85  ;Trying to redirect a redirection
    88                              <1> errBadPass  equ 86  ;Bad password
    89                              <1> errBadParam equ 87  ;Bad parameter passed to request
    90                              <1> errNetWrite equ 88  ;Network Write Fault
    91                              <1> errEnvVarNotFnd equ 203 ;Environment variable doesn't exist
    92                              <1> ;-----------------------------------------------------------------------------
    93                              <1> ;Error Loci
    94                              <1> eLocUnk     equ 1   ;Unknown locus, nonspecific or not appropriate
    95                              <1> eLocDsk     equ 2   ;Disk, related to Random Access to a disk or block device
    96                              <1> eLocNet     equ 3   ;Network related issues
    97                              <1> eLocChr     equ 4   ;Serial/Character Device error
    98                              <1> eLocMem     equ 5   ;Related to RAM
    99                              <1> ;-----------------------------------------------------------------------------
   100                              <1> ;Error Actions
   101                              <1> eActRet     equ 1   ;Retry
   102                              <1> eActDRet    equ 2   ;Delay then retry (Try again later)
   103                              <1> eActUsr     equ 3   ;Ask user to re-input data, i.e. bad filename or something
   104                              <1> eActAbt     equ 4   ;Abort with cleanup
   105                              <1> eActKil     equ 5   ;Abort without cleanup
   106                              <1> eActIgn     equ 6   ;Ignore error
   107                              <1> eActRetUsr  equ 7   ;Retry after user intervention (i.e swap remdev)
   108                              <1> ;-----------------------------------------------------------------------------
   109                              <1> ;Error Classes
   110                              <1> eClsOoR     equ 1   ;Out of resources, no mem or handles
   111                              <1> eClsTS      equ 2   ;Temp sitch, should go away
   112                              <1> eClsAuth    equ 3   ;Authorisation, e.g. file permission error 
   113                              <1> eClsInt     equ 4   ;Internal DOS error or bug
   114                              <1> eClsHrdFlt  equ 5   ;Hardware Failure
   115                              <1> eClsSysFlt  equ 6   ;System Failure, i.e. missing or bad cfg files
   116                              <1> eClsAppFlt  equ 7   ;Application Program error, inconsistent requests etc...
   117                              <1> eClsNotFnd  equ 8   ;Resource not found (such as free SFT entry etc...)
   118                              <1> eClsBadFmt  equ 9   ;Bad format for resource
   119                              <1> eClsLocked  equ 10  ;Resource Locked
   120                              <1> eClsMedia   equ 11  ;Error is on medium, i.e. wrong or damaged remdev
   121                              <1> eClsClash   equ 12  ;Resource already exists!
   122                              <1> eClsUnk     equ 13  ;Unknown class
    10                                  %include "./inc/dosExec.inc"
     1                              <1> ;This include file contains structures related to the EXE format and the 
     2                              <1> ; structures related to the EXEC (21h/4Bh) system call.
     3                              <1> 
     4                              <1> ;EXEC valid subfunctions
     5                              <1> execLoadGo  equ 0
     6                              <1> execLoad    equ 1
     7                              <1> execInvld   equ 2
     8                              <1> execOverlay equ 3
     9                              <1> execBkgrnd  equ 4
    10                              <1> 
    11                              <1> ;Possible blocks to be pointed to by rbx on entry to EXEC system call.
    12                              <1> 
    13                              <1> struc execProg 
    14 00000000 ????????????????    <1>     .pEnv       dq ?  ; Ptr to environment block (or 0 => copy parent env)
    15 00000008 ????????????????    <1>     .pCmdLine   dq ?  ; Ptr to the command line to be placed at PSP + 80h
    16 00000010 ????????????????    <1>     .pfcb1      dq ?  ; Ptr to the first FCB (parsed argument 1)
    17 00000018 ????????????????    <1>     .pfcb2      dq ?  ; Ptr to the second FCB  (parsed argument 2)
    18                              <1> endstruc
    19                              <1> 
    20                              <1> struc loadProg
    21 00000000 ????????????????    <1>     .pEnv       dq ?  ; Ptr to environment block (or 0 => copy parent env)
    22 00000008 ????????????????    <1>     .pCmdLine   dq ?  ; Ptr to the command line to be placed at PSP + 80h
    23 00000010 ????????????????    <1>     .pfcb1      dq ?  ; Ptr to the first FCB (parsed argument 1)
    24 00000018 ????????????????    <1>     .pfcb2      dq ?  ; Ptr to the second FCB  (parsed argument 2)
    25 00000020 ????????????????    <1>     .initRSP    dq ?  ; Return the start value for rsp
    26 00000028 ????????????????    <1>     .initRIP    dq ?  ; Return the entry point for the task
    27                              <1> endstruc
    28                              <1> 
    29                              <1> struc loadOvly
    30 00000000 ????????????????    <1>     .pLoadLoc   dq ?  ; Address in memory to load the overlay
    31 00000008 ????????????????    <1>     .qRelocFct  dq ?  ; Relocation address for relocatable items (0 for COM files)
    32                              <1> endstruc
    33                              <1> 
    34                              <1> ;----------------------------
    35                              <1> ;   EXE header structures   :
    36                              <1> ;----------------------------
    37                              <1> 
    38                              <1> ;PE Headers have the following structure:
    39                              <1> ; 1) MZ Header
    40                              <1> ; 2) MZ executable
    41                              <1> ; 3) COFF Header
    42                              <1> ; 4) COFF Optional Header, if COFF Header.wSizeOfOptionalHdr ! = 0
    43                              <1> ; 5) Data directories, if COFF Optional Header.wSizeOfOptionalHdr ! = 0
    44                              <1> ; 6) Section Table, if COFF Header.wNumberOfSections != 0
    45                              <1> ; 7) Padding, if COFF Optional Header(.dSizeOfHeaders != .dSectionAlignment)
    46                              <1> 
    47                              <1> ;The COFF headers + the data directories form the magical ``PE'' header.
    48                              <1> 
    49                              <1> ;DOS MZ .EXE header. Functionally useless except for e_magic and e_lfanew
    50                              <1> dosMagicSignature   equ "MZ"
    51                              <1> dosMagicSignature2  equ "ZM"
    52                              <1> struc imageDosHdr
    53 00000000 ????                <1>     .e_magic    dw ?            ;Magic number
    54 00000002 ????                <1>     .e_cblp     dw ?            ;Bytes on last page of file
    55 00000004 ????                <1>     .e_cp       dw ?            ;Pages in file (page = 512 bytes in MSDOS)
    56 00000006 ????                <1>     .e_crlc     dw ?            ;Relocations
    57 00000008 ????                <1>     .e_cparhdr  dw ?            ;Size of header in paragraphs
    58 0000000A ????                <1>     .e_minalloc dw ?            ;Minimum extra paragraphs needed
    59 0000000C ????                <1>     .e_maxalloc dw ?            ;Maximum extra paragraphs needed
    60 0000000E ????                <1>     .e_ss       dw ?            ;Initial (relative) SS value
    61 00000010 ????                <1>     .e_sp       dw ?            ;Initial SP value
    62 00000012 ????                <1>     .e_csum     dw ?            ;Checksum
    63 00000014 ????                <1>     .e_ip       dw ?            ;Initial IP value
    64 00000016 ????                <1>     .e_cs       dw ?            ;Initial (relative) CS value
    65 00000018 ????                <1>     .e_lfarlc   dw ?            ;File address of relocation table
    66 0000001A ????                <1>     .e_ovno     dw ?            ;Overlay number
    67 0000001C ????????????????    <1>     .e_res      dw 4 dup (?)    ;Reserved words
    68 00000024 ????                <1>     .e_oemid    dw ?            ;OEM identifier (for e_oeminfo)
    69 00000026 ????                <1>     .e_oeminfo  dw ?            ;OEM information; e_oemid specific
    70 00000028 <res 14h>           <1>     .e_res2     dw 10 dup (?)   ;Reserved words
    71 0000003C ????????            <1>     .e_lfanew   dd ?            ;File address of new exe header
    72                              <1> endstruc
    73                              <1> 
    74                              <1> ;Possible signatures pointed to by e_lfanew
    75                              <1> imageDosSignature   equ 05A4Dh      ;MZ, REJECT
    76                              <1> imageOS2Signature   equ 0454Eh      ;NE, REJECT
    77                              <1> imageOS2SignatureLE equ 0454Ch      ;LE, REJECT
    78                              <1> imagePESignature    equ 00004550h   ;PE00, ACCEPT
    79                              <1> 
    80                              <1> ;COFF File header @ [e_lfanew]
    81                              <1> 
    82                              <1> struc imageFileHeader
    83 00000000 ????????            <1>     .dPESignature        dd ?   ;PESignature, must be PE00
    84 00000004 ????                <1>     .wMachineType        dw ?   ;Machine Type, must be imageFileMachineAMD64
    85 00000006 ????                <1>     .wNumberOfSections   dw ?   ;Number of sections in file
    86 00000008 ????????            <1>     .dTimeDateStamp      dd ?   ;Unix datestamp,                 NOT USED
    87 0000000C ????????            <1>     .dPtrToSymbolTbl     dd ?   ;Pointer to the symbol table,    NOT USED
    88 00000010 ????????            <1>     .dNumberOfSymbols    dd ?   ;Number of symbols in the table, NOT USED
    89 00000014 ????                <1>     .wSizeOfOptionalHdr  dw ?   ;Size of the optional header
    90 00000016 ????                <1>     .wCharacteristics    dw ?   ;Bitfield characteristics
    91                              <1> endstruc
    92                              <1> coffHdr_size equ imageFileHeader_size
    93                              <1> ;The only valid values in the .machineType field
    94                              <1> imageFileMachineUnknown equ 0
    95                              <1> imageFileMachineAMD64   equ 08664h 
    96                              <1> 
    97                              <1> ;Characteristics to check for
    98                              <1> imageFileRelocsStripped equ 0001h   ;If set, base addr MUST equal load addr
    99                              <1> imageFileExecutable     equ 0002h   ;Must always be set else badfmterr
   100                              <1> 
   101                              <1> ;COFF Optional header
   102                              <1> 
   103                              <1> struc imageFileOptionalHeader
   104 00000000 ????                <1> 	.wMagic                     dw ?    ;peMagicNumber (must be 020Bh).
   105 00000002 ??                  <1> 	.bMajorLinkerVersion        db ?    ;Not used.
   106 00000003 ??                  <1> 	.bMinorLinkerVersion        db ?    ;Not used.
   107 00000004 ????????            <1> 	.dSizeOfCode                dd ?    ;Size of Code.
   108 00000008 ????????            <1> 	.dSizeOfInitializedData     dd ?    ;Size of DATA.
   109 0000000C ????????            <1> 	.dSizeOfUninitializedData   dd ?    ;Size of BSS.
   110 00000010 ????????            <1> 	.dAddressOfEntryPoint       dd ?    ;Relative address of code EP.
   111 00000014 ????????            <1> 	.dBaseOfCode                dd ?    ;Distance from qImageBase to code seg.
   112 00000018 ????????????????    <1>     .qImageBase                 dq ?    ;Preferred load address.
   113 00000020 ????????            <1> 	.dSectionAlignment          dd ?    ;Alignment of start of segs in mem.
   114 00000024 ????????            <1> 	.dFileAlignment             dd ?    ;Alignment of start of segs in file.
   115 00000028 ????                <1> 	.wMajOSVer                  dw ?    ;Not used.
   116 0000002A ????                <1> 	.wMinOSVer                  dw ?    ;Not used.
   117 0000002C ????                <1> 	.wMajorImageVersion         dw ?    ;Not used.
   118 0000002E ????                <1> 	.wMinorImageVersion         dw ?    ;Not used.
   119 00000030 ????                <1> 	.wMajorSubsystemVersion     dw ?    ;Not used.
   120 00000032 ????                <1> 	.wMinorSubsystemVersion     dw ?    ;Not used.
   121 00000034 ????????            <1> 	.dWin32VersionValue         dd ?    ;Not used.
   122 00000038 ????????            <1> 	.dSizeOfImage               dd ?    ;Total aligned in memory alloc size.
   123 0000003C ????????            <1> 	.dSizeOfHeaders             dd ?    ;Rounded to file alignment.
   124 00000040 ????????            <1> 	.dCheckSum                  dd ?    ;Checked on PE driver loads.
   125 00000044 ????                <1> 	.wSubsystem                 dw ?    ;Not used. For VMEMD.
   126 00000046 ????                <1> 	.wDllCharacteristics        dw ?
   127 00000048 ????????????????    <1> 	.qSizeOfStackReserve        dq ?    ;Not used by default. For VMEMD.
   128 00000050 ????????????????    <1> 	.qSizeOfStackCommit         dq ?    ;Default stack allocation is 256Kb
   129 00000058 ????????????????    <1> 	.qSizeOfHeapReserve         dq ?    ;Not used by default. For VMEMD.
   130 00000060 ????????????????    <1> 	.qSizeOfHeapCommit          dq ?    ;Not used by default. For VMEMD.
   131 00000068 ????????            <1> 	.dLoaderFlags               dd ?
   132 0000006C ????????            <1> 	.dNumberOfRvaAndSizes       dd ?    ;Number of data dirs entries in header
   133                              <1> endstruc
   134                              <1> 
   135                              <1> optCoffHdr_size equ imageFileOptionalHeader_size
   136                              <1> coffHdrs_size equ coffHdr_size + optCoffHdr_size
   137                              <1> 
   138                              <1> romMagicNum     equ 0107h
   139                              <1> pe32MagicNum    equ 010Bh
   140                              <1> pe64MagicNum    equ 020Bh
   141                              <1> 
   142                              <1> ;Data directory header structure
   143                              <1> struc imageDataDirectory
   144 00000000 ????????            <1>     .dVAddr dd ?
   145 00000004 ????????            <1>     .dSize  dd ?    ;Directory size
   146                              <1> endstruc
   147                              <1> 
   148                              <1> dataDir_eData   equ 1   ;Export Table directory entry
   149                              <1> dataDir_iData   equ 2   ;Import Table directory entry
   150                              <1> dataDir_rsrc    equ 3   ;Resource Table directory entry
   151                              <1> dataDir_pData   equ 4   ;Exception Table directory entry
   152                              <1> dataDir_reloc   equ 6   ;Base relocation Table directory entry
   153                              <1> dataDir_debug   equ 7   ;Debug Table directory entry
   154                              <1> 
   155                              <1> struc baseRelocBlock    
   156                              <1> ;Struct for entries in the base reloc table. 
   157                              <1> ; Each table entry points to a word. 
   158                              <1> ; High 4 bits are type of reloc (all must be 0Ah)
   159 00000000 ????????            <1>     .dPageRVA   dd ?    ;Offset from the load address
   160 00000004 ????????            <1>     .dSize      dd ?    ;Number of bytes in this block
   161                              <1> endstruc
   162                              <1> 
   163                              <1> ;Section headers that form the Section Table after the data dir tables.
   164                              <1> ;There are wNumberOfSections many entries in this table.
   165                              <1> ;Each entry is one imageSectionHdr
   166                              <1> struc imageSectionHdr       ;size 40 bytes
   167 00000000 ????????????????    <1>     .qName                  db 8 dup (?)
   168 00000008 ????????            <1> 	.dVirtualSize           dd ?    ;Size of data in section
   169 0000000C ????????            <1> 	.dVirtualAddress        dd ?    ;Offset of section from load address
   170 00000010 ????????            <1> 	.dSizeOfRawData         dd ?    ;Size of section in image (File Aligned)
   171 00000014 ????????            <1> 	.dPointerToRawData      dd ?    ;Offset of section from head of image
   172 00000018 ????????            <1> 	.dPointerToRelocations  dd ?
   173 0000001C ????????            <1> 	.dPointerToLinenumbers  dd ?
   174 00000020 ????                <1> 	.wNumberOfRelocations   dw ?
   175 00000022 ????                <1> 	.wNumberOfLinenumbers   dw ?
   176 00000024 ????????            <1> 	.dCharacteristics       dd ?
   177                              <1> endstruc
   178                              <1> 
   179                              <1> ;Section Hdr characteristics flags 
   180                              <1> imgScnCntCode   equ 20h     ;The section contains executable code.
   181                              <1> imgScnCntData   equ 40h     ;The section contains initialized data.
   182                              <1> imgScnCntBSS    equ 80h     ;The section contains uninitialized data.
   183                              <1> imgScnMemDiscrd equ 2000000h    ;Section marked discardable
    11                                  
    12                                  ;====================START OF OEM DRIVER MODULE======================
    13                                  ; This driver module needs to have no external linkage except to
    14                                  ; OEMINIT.
    15                                  ;====================================================================
    16                                  %include "./src/dos/Drivers/drv.inc"
     1                              <1> ;No externally defined symbols, no internally exposed symbols.
     2                              <1> 
     3                              <1> ;Driver internal equates
     4                              <1> drvBlkTblL      equ 26  ;Space for 26 drive letters!
     5                              <1> ;IOCTL track table size (max number of sectors in a track is 63)
     6                              <1> maxTrackTblSz   equ 63
     7                              <1> maxAcc          equ 5   ;Maximum accesses to a remdev w/o timer/changeline
     8                              <1> 
     9                              <1> struc drvBlk
    10                              <1> ;--------------------------------------------------------------------
    11                              <1> ; Drvblk Header information
    12                              <1> ;--------------------------------------------------------------------
    13 00000000 ????????????????    <1>     .pLink      dq ?    ;Pointer to the next drive block
    14 00000008 ??                  <1>     .bBIOSNum   db ?    ;BIOS number, identifies physical drive
    15 00000009 ??                  <1>     .bDOSNum    db ?    ;DOS 0 based drive number, setLogicalDev may change it
    16                              <1> ;--------------------------------------------------------------------
    17                              <1> ; In-use BPB for current media in here. Always have space for FAT32 
    18                              <1> ;  volume. If FAT12/16, FAT32 fields are undefined (garbage gets 
    19                              <1> ;  left in those fields... not a problem)
    20                              <1> ;--------------------------------------------------------------------
    21                              <1> .bpb:
    22 0000000A ????                <1>     .wBpS       dw ?    ;Bytes per sector
    23 0000000C ??                  <1>     .bSpC       db ?    ;Sectors per cluster
    24 0000000D ????                <1>     .wResC      dw ?    ;Number of reserved sectors
    25 0000000F ??                  <1>     .bNumFAT    db ?    ;Number of FATs on media
    26 00000010 ????                <1>     .wRtCntNum  dw ?    ;Number of entries in Root directory
    27 00000012 ????                <1>     .wTotSec16  dw ?    ;Number of sectors on medium
    28 00000014 ??                  <1>     .bMedDesc   db ?    ;Media descriptor byte
    29 00000015 ????                <1>     .wFATsz16   dw ?    ;Number of sectors per FAT, must be 0 for FAT 32
    30 00000017 ????                <1>     .wSecPerTrk dw ?    ;Number of sectors per "track"
    31 00000019 ????                <1>     .wNumHeads  dw ?    ;Number of read "heads"
    32 0000001B ????????            <1>     .dHiddSec   dd ?    ;Number of hidden sectors
    33 0000001F ????????            <1>     .dTotSec32  dd ?    ;32 bit count of sectors
    34                              <1> ;--------------------------------------------------------------------
    35                              <1> ; The below vars are only accessed on FAT32 volumes
    36                              <1> ;--------------------------------------------------------------------
    37 00000023 ????????            <1>     .FATsz32    dd ?    ;32 bit count of sectors occupied by one FAT
    38 00000027 ????                <1>     .extFlags   dw ?    ;Extended Flags word
    39 00000029 ????                <1>     .FSver      dw ?    ;File system version word, must be 0
    40 0000002B ????????            <1>     .RootClus   dd ?    ;First Cluster of Root Directory
    41 0000002F ????                <1>     .FSinfo     dw ?    ;Sector number of FSINFO structure, usually 1
    42 00000031 ????                <1>     .BkBootSec  dw ?    ;Backup Boot sector, either 0 or 6
    43                              <1> .endBpb:
    44                              <1> ;--------------------------------------------------------------------
    45                              <1> ; DrvBlk flags
    46                              <1> ;--------------------------------------------------------------------
    47 00000033 ??                  <1>     .bBpbType   db ?    ;BPB Type indicator (FAT12/16/32 or other)
    48 00000034 ????                <1>     .wOpenCnt   dw ?    ;Device open count (make dword?)
    49 00000036 ??                  <1>     .bDevType   db ?    ;Device type byte (21/440Dh type subcode)
    50 00000037 ????                <1>     .wDevFlgs   dw ?    ;Flags for this device 
    51                              <1> ;The below word is a legacy thing. It is only used in a CHS based IOCTL call.
    52 00000039 ????                <1>     .wNumCyl    dw ?
    53 0000003B <res 35h>           <1>     .sBkupBPB   db bpb32_size dup (?)   ;Backup of BPB used during format
    54                              <1> .dAccTime:          ;Last media check time if remdev
    55 00000070 ????????            <1>     .wPtnType   dd ?    
    56                              <1> ;--------------------------------------------------------------------
    57                              <1> ; Volume string and id for the drive described by this drvblk
    58                              <1> ;--------------------------------------------------------------------
    59 00000074 <res Bh>            <1>     .volLab     db 11 dup (?)   ;Volume label string
    60 0000007F ??                  <1>                 db ?            ;Null terminator for string
    61 00000080 ????????            <1>     .volId      dd ?            ;Volume serial number            
    62 00000084 ????????????????    <1>     .filSysType db 8 dup (?)    ;File system type string
    63 0000008C ??                  <1>                 db ?            ;Null terminator for string
    64                              <1> endstruc
    65                              <1> drvBlkBpb_size equ drvBlk.endBpb - drvBlk.bpb
    66                              <1> 
    67                              <1> ;FAT type values
    68                              <1> bpbUnknown  equ 80h ;Unknown FAT
    69                              <1> bpbFat16    equ 40h ;FAT 16 disk
    70                              <1> bpbFat32    equ 20h ;FAT 32 disk
    71                              <1> bpbFat12    equ 10h ;FAT 12 disk
    72                              <1> 
    73                              <1> ;Device Type flags
    74                              <1> type48TPI   equ 0   ;Small floppy format, depreciated
    75                              <1> type96TPI   equ 1   ;Large floppy format, depreciated
    76                              <1> typeSmall   equ 2   ;Super large floppy format, depreciated
    77                              <1> typeHard    equ 5   ;Hard drive
    78                              <1> typeGenRem  equ 7   ;Generic removable medium, default
    79                              <1> 
    80                              <1> ;Device Flag values
    81                              <1> devFixed    equ 1       ;Set if fixed disk 
    82                              <1> devChgLine  equ 2       ;Set if the drive has a changeline
    83                              <1> devLockBpb  equ 4       ;Set if we are not to update BPB on updateBPB calls
    84                              <1> devSameSec  equ 8       ;All sectors in track are same size
    85                              <1> devMulti    equ 10h     ;Physical drive has many logical units (A/B share)
    86                              <1> devOwnDrv   equ 20h     ;Owner for possibly shared physical drive (A/B share)
    87                              <1> devChgd     equ 40h     ;Dev change detected (set on shared physical drives)
    88                              <1>                         ; Can only be set on remdevs with changeline support!
    89                              <1> devSetDASD  equ 80h     ;Set if we need to set drive DASD params before next fmt.
    90                              <1>                         ; Gets set if new parameters are written to drive!
    91                              <1> devNewParms equ 100h    ;Set if new drive parameters set! Set on IOCTL setparms.
    92                              <1> devUnFmt    equ 200h    ;Disables reads/writes if set
    93                              <1> 
    94                              <1> ;Media byte bits
    95                              <1> mbTwoHead   equ 1       ;Dual sided if bit set, single sided if not
    96                              <1> mb8Sector   equ 2       ;8 sectors per track if bit set, 9 if not
    97                              <1> mbRemDev    equ 4       ;Removable if set, Fixed if not.
    98                              <1> 
    99                              <1> ;Partition types
   100                              <1> ptnPrimary  equ 1       ;A primary MBR partition
   101                              <1> ptnLogical  equ 2       ;A logical MBR partition
   102                              <1> ptnActive   equ 80h     ;An active partition
   103                              <1> ptnGpt      equ 4       ;A primary GPT partition
   104                              <1> ptrUnknown  equ 8000h   ;An unknown partition
    17                                  
    18                                  Segment kDrvText code private align=1 use64
    19                                  ;---------------------------
    20                                  ;  OEM Driver code segment
    21                                  ;---------------------------
    22                                  ;All drivers are linked into the kDrvText segment
    23                                  %include "./src/dos/Drivers/charDrv.asm"
     1                              <1> commonStrat:
     2                              <1> ;DOS calls this function with rbx=Ptr to request header
     3 00000000 48891D(98010000)    <1>     mov qword [reqPktPtr], rbx
     4 00000007 C3                  <1>     ret
     5                              <1> conDriver:
     6 00000008 50                  <1>     push rax
     7 00000009 53                  <1>     push rbx
     8 0000000A 488B1D(98010000)    <1>     mov rbx, qword [reqPktPtr]
     9 00000011 B003                <1>     mov al, 03h ;Unknown Command
    10 00000013 807B0218            <1>     cmp byte [rbx + drvReqPkt.cmdcde], 24 ; Command code bigger than 24?
    11 00000017 773D                <1>     ja .conWriteErrorCode ;If yes, error!
    12                              <1> 
    13 00000019 8A4302              <1>     mov al, byte [rbx + drvReqPkt.cmdcde]
    14 0000001C 84C0                <1>     test al, al
    15 0000001E 7445                <1>     jz .conInit
    16 00000020 3C04                <1>     cmp al, 4
    17 00000022 745B                <1>     jz .conRead
    18 00000024 3C05                <1>     cmp al, 5
    19 00000026 0F84A1000000        <1>     jz .conNondestructiveRead
    20 0000002C 3C06                <1>     cmp al, 6
    21 0000002E 0F84D2000000        <1>     jz .conInputStatus
    22 00000034 3C07                <1>     cmp al, 7
    23 00000036 0F84DA000000        <1>     jz .conFlushInputBuffers
    24 0000003C 3C08                <1>     cmp al, 8
    25 0000003E 0F84F4000000        <1>     jz .conWrite
    26 00000044 3C09                <1>     cmp al, 9
    27 00000046 0F84EC000000        <1>     jz .conWrite
    28 0000004C 3C0A                <1>     cmp al, 0Ah
    29 0000004E 0F840D010000        <1>     jz .conOutputStatus
    30 00000054 EB06                <1>     jmp short .conExit  ;All other valid functions return done
    31                              <1> .conWriteErrorCode:     ;Jump to with al=Standard Error code
    32 00000056 B480                <1>     mov ah, 80h ;Set error bit
    33 00000058 66894303            <1>     mov word [rbx + drvReqPkt.status], ax
    34                              <1> .conExit:
    35 0000005C 66814B030001        <1>     or word [rbx + drvReqPkt.status], drvDonStatus    ;Merge done bit
    36 00000062 5B                  <1>     pop rbx
    37 00000063 58                  <1>     pop rax
    38 00000064 C3                  <1>     ret
    39                              <1> .conInit:    ;Function 0 wrapper
    40 00000065 B00C                <1>     mov al, errGF - drvErrShft ;General Error code (0Ch)
    41 00000067 F60510000000FF      <1>     test byte [.conInitDone], -1
    42 0000006E 75EC                <1>     jnz short .conExit
    43 00000070 E825340000          <1>     call conInit
    44 00000075 C60502000000FF      <1>     mov byte [.conInitDone], -1 ;Set initialised
    45 0000007C EBDE                <1>     jmp short .conExit
    46 0000007E 00                  <1> .conInitDone:   db 0
    47                              <1> 
    48                              <1> .conRead:    ;Function 4
    49 0000007F B005                <1>     mov al, 05h ;Bad request structure length?
    50 00000081 803B2A              <1>     cmp byte [rbx + drvReqPkt.hdrlen], ioReqPkt_size
    51 00000084 75D0                <1>     jne .conWriteErrorCode
    52                              <1> 
    53 00000086 57                  <1>     push rdi
    54 00000087 51                  <1>     push rcx
    55 00000088 488B7B0E            <1>     mov rdi, qword [rbx + ioReqPkt.bufptr]  ;Point rdi to caller buffer
    56 0000008C 31C9                <1>     xor ecx, ecx    ;Zero the char counter
    57                              <1> .cre1:
    58 0000008E 3B4B16              <1>     cmp ecx, dword [rbx + ioReqPkt.tfrlen]
    59 00000091 7424                <1>     je .cre2
    60 00000093 803DD700000000      <1>     cmp byte [.conBuf], 0   ;Does the buffer contain a zero?
    61 0000009A 7522                <1>     jnz .cre3   ;No, get the buffer value
    62 0000009C 31C0                <1>     xor eax, eax
    63 0000009E CD36                <1>     int 36h
    64 000000A0 663D0072            <1>     cmp ax, 7200h   ;CTRL + PrnScr? 
    65 000000A4 7502                <1>     jne .cre11
    66 000000A6 B010                <1>     mov al, 10h     ;Store ^P in al!
    67                              <1> .cre11:
    68 000000A8 AA                  <1>     stosb
    69 000000A9 84C0                <1>     test al, al ;Was the ascii code stored 0?
    70 000000AB 7506                <1>     jnz .cre12  ;No, skip storing scancode in buffer
    71 000000AD 8825BE000000        <1>     mov byte [.conBuf], ah  ;Save scancode
    72                              <1> .cre12:
    73 000000B3 FFC1                <1>     inc ecx ;Inc chars stored in buffer
    74 000000B5 EBD7                <1>     jmp short .cre1
    75                              <1> .cre2:
    76 000000B7 894B16              <1>     mov dword [rbx + ioReqPkt.tfrlen], ecx  ;Move num of transferred chars
    77 000000BA 59                  <1>     pop rcx
    78 000000BB 5F                  <1>     pop rdi
    79 000000BC EB9E                <1>     jmp short .conExit
    80                              <1> .cre3:
    81 000000BE 8A05AD000000        <1>     mov al, byte [.conBuf]  ;Get the buffer value
    82 000000C4 C605A600000000      <1>     mov byte [.conBuf], 0   ;Reset the buffer value
    83 000000CB EBDB                <1>     jmp short .cre11
    84                              <1> 
    85                              <1> .conNondestructiveRead:  ;Function 5
    86 000000CD B005                <1>     mov al, 05h ;Bad request structure length?
    87 000000CF 803B0E              <1>     cmp byte [rbx + drvReqPkt.hdrlen], ndInNoWaitPkt_size
    88 000000D2 7582                <1>     jne .conWriteErrorCode
    89 000000D4 803D9600000000      <1>     cmp byte [.conBuf], 0
    90 000000DB 7521                <1>     jnz .cnr2
    91 000000DD B401                <1>     mov ah, 01h     ;Get key if exists
    92 000000DF CD36                <1>     int 36h
    93 000000E1 7410                <1>     jz .cnr1        ;If zero clear => no key, go forwards
    94                              <1>     ;Keystroke available
    95 000000E3 663D0072            <1>     cmp ax, 7200h   ;CTRL + PrnScr?
    96 000000E7 7502                <1>     jne .cnr0
    97 000000E9 B010                <1>     mov al, 10h     ;Report ^P
    98                              <1> .cnr0:
    99 000000EB 88430D              <1>     mov byte [rbx + ndInNoWaitPkt.retbyt], al   ;Move char in al
   100 000000EE E969FFFFFF          <1>     jmp .conExit
   101                              <1> .cnr1: ;No keystroke available
   102 000000F3 66C743030002        <1>     mov word [rbx + ndInNoWaitPkt.status], 0200h   ;Set busy bit
   103 000000F9 E95EFFFFFF          <1>     jmp .conExit
   104                              <1> .cnr2:
   105 000000FE 8A056D000000        <1>     mov al, byte [.conBuf]  ;Copy scancode but dont reset it
   106 00000104 EBE5                <1>     jmp short .cnr0   ;Keystroke is available clearly
   107                              <1> 
   108                              <1> .conInputStatus:         ;Function 6
   109 00000106 B005                <1>     mov al, 05h ;Bad request structure length?
   110 00000108 803B0D              <1>     cmp byte [rbx + drvReqPkt.hdrlen], statusReqPkt_size
   111 0000010B 0F8545FFFFFF        <1>     jne .conWriteErrorCode
   112 00000111 E946FFFFFF          <1>     jmp .conExit ;Exit, device ready
   113                              <1> 
   114                              <1> .conFlushInputBuffers:   ;Function 7
   115 00000116 B005                <1>     mov al, 05h ;Bad request structure length?
   116 00000118 803B0D              <1>     cmp byte [rbx + drvReqPkt.hdrlen], statusReqPkt_size
   117 0000011B 0F8535FFFFFF        <1>     jne .conWriteErrorCode
   118 00000121 C6054900000000      <1>     mov byte [.conBuf], 0   ;Clear buffer
   119                              <1> .cfib0:
   120 00000128 B401                <1>     mov ah, 01      ;Get buffer status
   121 0000012A CD36                <1>     int 36h
   122 0000012C 0F842AFFFFFF        <1>     jz .conExit     ;If zero clear => no more keys to read
   123 00000132 30E4                <1>     xor ah, ah
   124 00000134 CD36                <1>     int 36h ;Read key to flush from buffer
   125 00000136 EBF0                <1>     jmp short .cfib0
   126                              <1> 
   127                              <1> .conWrite:   ;Function 8 and 9
   128 00000138 B005                <1>     mov al, 05h ;Bad request structure length?
   129 0000013A 803B2A              <1>     cmp byte [rbx + drvReqPkt.hdrlen], ioReqPkt_size
   130 0000013D 0F8513FFFFFF        <1>     jne .conWriteErrorCode
   131                              <1> 
   132 00000143 56                  <1>     push rsi
   133 00000144 51                  <1>     push rcx
   134 00000145 488B730E            <1>     mov rsi, qword [rbx + ioReqPkt.bufptr] ;Point rsi to caller buffer 
   135 00000149 31C9                <1>     xor ecx, ecx    ;Zero the char counter
   136                              <1> .cw1: 
   137 0000014B 3B4B16              <1>     cmp ecx, dword [rbx + ioReqPkt.tfrlen]
   138 0000014E 7407                <1>     je .cw2
   139 00000150 AC                  <1>     lodsb   ;Get char into al, and inc rsi
   140 00000151 CD29                <1>     int 29h ;Fast print char
   141 00000153 FFC1                <1>     inc ecx
   142 00000155 EBF4                <1>     jmp short .cw1 ;keep printing until all chars printed
   143                              <1> .cw2:
   144 00000157 894B16              <1>     mov dword [rbx + ioReqPkt.tfrlen], ecx  ;Move num of transferred chars
   145 0000015A 59                  <1>     pop rcx
   146 0000015B 5E                  <1>     pop rsi
   147 0000015C E9FBFEFFFF          <1>     jmp .conExit
   148                              <1> .conOutputStatus:   ;Function 0Ah
   149 00000161 B005                <1>     mov al, 05h ;Bad request structure length?
   150 00000163 803B0D              <1>     cmp byte [rbx + drvReqPkt.hdrlen], statusReqPkt_size
   151 00000166 0F85EAFEFFFF        <1>     jne .conWriteErrorCode
   152 0000016C E9EBFEFFFF          <1>     jmp .conExit
   153                              <1> 
   154 00000171 00                  <1> .conBuf db 0    ;Single byte buffer
   155                              <1> fastOutput:         ;This CON driver supports Int 29h
   156                              <1> ;Called with char to transfer in al
   157 00000172 50                  <1>     push rax
   158 00000173 B40E                <1>     mov ah, 0Eh
   159 00000175 CD30                <1>     int 30h
   160 00000177 58                  <1>     pop rax
   161 00000178 48CF                <1>     iretq
   162                              <1> ctrlBreak:
   163                              <1> ;CON Int 3Bh handler to detect CTRL+BREAK
   164 0000017A C605F0FFFFFF03      <1>     mov byte [conDriver.conBuf], 03h    ;Place a ^C in buffer
   165 00000181 48CF                <1>     iretq
   166                              <1> 
   167                              <1> clkDriver:
   168 00000183 50                  <1>     push rax
   169 00000184 53                  <1>     push rbx
   170 00000185 51                  <1>     push rcx
   171 00000186 52                  <1>     push rdx
   172 00000187 56                  <1>     push rsi
   173 00000188 55                  <1>     push rbp
   174 00000189 488B1D(98010000)    <1>     mov rbx, qword [reqPktPtr]
   175 00000190 B003                <1>     mov al, 03h ;Unknown Command
   176 00000192 807B0218            <1>     cmp byte [rbx + drvReqPkt.cmdcde], 24 ; Command code bigger than 24?
   177 00000196 772F                <1>     ja .clkWriteErrorCode ;If yes, error!
   178                              <1> 
   179 00000198 8A4302              <1>     mov al, byte [rbx + drvReqPkt.cmdcde]
   180 0000019B 84C0                <1>     test al, al
   181 0000019D 743B                <1>     jz .clkInit
   182 0000019F 3C04                <1>     cmp al, 04h
   183 000001A1 7451                <1>     jz .clkRead
   184 000001A3 3C06                <1>     cmp al, 06h
   185 000001A5 0F84AE000000        <1>     jz .clkInputStatus
   186 000001AB 3C07                <1>     cmp al, 07h
   187 000001AD 0F84B6000000        <1>     jz .clkFlushInputBuffers
   188 000001B3 3C08                <1>     cmp al, 08h
   189 000001B5 0F84BE000000        <1>     jz .clkWrite
   190 000001BB 3C09                <1>     cmp al, 09h
   191 000001BD 0F84B6000000        <1>     jz .clkWrite
   192 000001C3 EB08                <1>     jmp short .clkExit  ;All other valid functions return done immediately!
   193                              <1> .clkNotFunctioning:
   194 000001C5 B002                <1>     mov al, 02h ;Device not ready error
   195                              <1> .clkWriteErrorCode:
   196 000001C7 B480                <1>     mov ah, 80h ;Set error bit
   197 000001C9 66894303            <1>     mov word [rbx + drvReqPkt.status], ax
   198                              <1> .clkExit:
   199 000001CD 66814B030001        <1>     or word [rbx + drvReqPkt.status], drvDonStatus ;Merge done bit
   200 000001D3 5D                  <1>     pop rbp
   201 000001D4 5E                  <1>     pop rsi
   202 000001D5 5A                  <1>     pop rdx
   203 000001D6 59                  <1>     pop rcx
   204 000001D7 5B                  <1>     pop rbx
   205 000001D8 58                  <1>     pop rax
   206 000001D9 C3                  <1>     ret
   207                              <1> .clkInit:           ;Function 0
   208 000001DA B00C                <1>     mov al, errGF - drvErrShft ;General Error code (0Ch)
   209 000001DC F60510000000FF      <1>     test byte [.clkInitDone], -1
   210 000001E3 75E8                <1>     jnz short .clkExit
   211 000001E5 E812330000          <1>     call clockInit
   212 000001EA C60502000000FF      <1>     mov byte [.clkInitDone], -1 ;Set initialised
   213 000001F1 EBDA                <1>     jmp short .clkExit
   214 000001F3 00                  <1> .clkInitDone:   db 0
   215                              <1> 
   216                              <1> .clkRead:           ;Function 4
   217 000001F4 B005                <1>     mov al, 05h ;Bad request structure length?
   218 000001F6 803B2A              <1>     cmp byte [rbx + drvReqPkt.hdrlen], ioReqPkt_size
   219 000001F9 75CC                <1>     jne .clkWriteErrorCode
   220                              <1> 
   221 000001FB 4889DE              <1>     mov rsi, rbx    ;Save rbx temporarily in rsi
   222 000001FE 488B6B0E            <1>     mov rbp, qword [rbx + ioReqPkt.bufptr]    ;Save the clock struc ptr in rbp
   223 00000202 668B0502010000      <1>     mov ax, word [.clkDate] ;Get the clock date
   224 00000209 66894500            <1>     mov word [rbp + clkStruc.dateWord], ax
   225 0000020D 30E4                <1>     xor ah, ah
   226 0000020F CD3A                <1>     int 3Ah         ;Read the system timer
   227 00000211 84C0                <1>     test al, al     ;Check to see if midnight has passed?
   228 00000213 740D                <1>     jz .clkr1       ;Nope, now just time 
   229 00000215 30E4                <1>     xor ah, ah
   230                              <1>     ;This works as al should keep count of the # of days passed since last read
   231 00000217 66014500            <1>     add word [rbp + clkStruc.dateWord], ax
   232 0000021B 660105E9000000      <1>     add word [.clkDate], ax ;Add to internal date counter too
   233                              <1> .clkr1:
   234 00000222 884D03              <1>     mov byte [rbp + clkStruc.hours], cl   ;Save hours
   235 00000225 0FB7D2              <1>     movzx edx, dx
   236 00000228 89D3                <1>     mov ebx, edx  ;Save the minutes/seconds/hseconds count
   237 0000022A 89D0                <1>     mov eax, edx
   238 0000022C 31D2                <1>     xor edx, edx
   239 0000022E 89D8                <1>     mov eax, ebx
   240 00000230 B944040000          <1>     mov ecx, 1092   
   241 00000235 F7F1                <1>     div ecx
   242 00000237 884502              <1>     mov byte [rbp + clkStruc.minutes], al
   243 0000023A 89D0                <1>     mov eax, edx    ;Get remainder in eax
   244 0000023C 678D0480            <1>     lea eax, dword [eax + 4*eax]    ;Multiply by 5
   245 00000240 31D2                <1>     xor edx, edx
   246 00000242 B95B000000          <1>     mov ecx, 91 ;5*18.2
   247 00000247 F7F1                <1>     div ecx
   248 00000249 884505              <1>     mov byte [rbp + clkStruc.seconds], al
   249 0000024C 89D0                <1>     mov eax, edx    ;Get remainder in eax
   250                              <1>     ;lea eax, dword [eax + 4*eax]
   251                              <1>     ;add eax, edx    ;Essentially multiply by 6
   252 0000024E 884504              <1>     mov byte [rbp + clkStruc.hseconds], al
   253 00000251 4889F3              <1>     mov rbx, rsi    ;Return the packet pointer back to rbx
   254 00000254 E974FFFFFF          <1>     jmp .clkExit
   255                              <1> 
   256                              <1> .clkInputStatus:    ;Function 6
   257                              <1> ;Always return ready
   258 00000259 B005                <1>     mov al, 05h ;Bad request structure length?
   259 0000025B 803B0D              <1>     cmp byte [rbx + drvReqPkt.hdrlen], statusReqPkt_size
   260 0000025E 0F8563FFFFFF        <1>     jne .clkWriteErrorCode
   261 00000264 E964FFFFFF          <1>     jmp .clkExit
   262                              <1> .clkFlushInputBuffers:  ;Function 7
   263                              <1> ;Always return done immediately
   264 00000269 B005                <1>     mov al, 05h ;Bad request structure length?
   265 0000026B 803B0D              <1>     cmp byte [rbx + drvReqPkt.hdrlen], flushReqPkt_size
   266 0000026E 0F8553FFFFFF        <1>     jne .clkWriteErrorCode
   267 00000274 E954FFFFFF          <1>     jmp .clkExit
   268                              <1> 
   269                              <1> .clkWrite:          ;Functions 8 and 9
   270 00000279 B005                <1>     mov al, 05h ;Bad request structure length?
   271 0000027B 803B2A              <1>     cmp byte [rbx + drvReqPkt.hdrlen], ioReqPkt_size
   272 0000027E 0F8543FFFFFF        <1>     jne .clkWriteErrorCode
   273                              <1> 
   274 00000284 4889DE              <1>     mov rsi, rbx    ;Save rbx temporarily in rsi
   275 00000287 488B6B0E            <1>     mov rbp, qword [rbx + ioReqPkt.bufptr]    ;Save the clock struc ptr in rbp
   276 0000028B 668B4500            <1>     mov ax, word [rbp + clkStruc.dateWord]    ;Get date word
   277 0000028F 66890575000000      <1>     mov word [.clkDate], ax ;Save date internally
   278                              <1> 
   279 00000296 31DB                <1>     xor ebx, ebx    ;Clear temporary lo count register
   280 00000298 0FB64504            <1>     movzx eax, byte [rbp + clkStruc.hseconds]
   281 0000029C B105                <1>     mov cl, 5
   282 0000029E F6F1                <1>     div cl          ;Divide al by 5
   283 000002A0 30E4                <1>     xor ah, ah      ;Remove the remainder
   284 000002A2 01C3                <1>     add ebx, eax    ;Add the hseconds to final value
   285                              <1> ;Using the decimal part of this formula for the low count
   286                              <1> ;LoCount = (Minutes * 1092.38) + (Seconds * 18.21) + (Hundreths * .182)
   287 000002A4 8A4505              <1>     mov al, byte [rbp + clkStruc.seconds]
   288 000002A7 B912000000          <1>     mov ecx, 18
   289 000002AC F7E1                <1>     mul ecx  
   290 000002AE 01C3                <1>     add ebx, eax
   291                              <1> 
   292 000002B0 31D2                <1>     xor edx, edx
   293 000002B2 0FB64502            <1>     movzx eax, byte [rbp + clkStruc.minutes]
   294 000002B6 B944040000          <1>     mov ecx, 1092
   295 000002BB F7E1                <1>     mul ecx
   296 000002BD 01C3                <1>     add ebx, eax
   297 000002BF 89DA                <1>     mov edx, ebx    ;edx now has low count
   298 000002C1 0FB64D03            <1>     movzx ecx, byte [rbp + clkStruc.hours]
   299 000002C5 B401                <1>     mov ah, 01h     ;Set the system time
   300 000002C7 CD3A                <1>     int 3Ah
   301                              <1> 
   302 000002C9 4889F3              <1>     mov rbx, rsi
   303 000002CC E9FCFEFFFF          <1>     jmp .clkExit
   304                              <1> 
   305                              <1> .clkBCDtoHex:
   306                              <1> ;Converts a BCD value to a Hex byte
   307                              <1> ;Takes input in al, returns in al (zero-ed upper seven bytes)
   308 000002D1 51                  <1>     push rcx
   309 000002D2 0FB6C0              <1>     movzx eax, al   ;Zero extend
   310 000002D5 89C1                <1>     mov ecx, eax    ;Save al in ecx
   311 000002D7 250F000000          <1>     and eax, 0Fh    ;Get lower nybble
   312 000002DC 81E1F0000000        <1>     and ecx, 0F0h   ;Get upper nybble
   313 000002E2 C1E904              <1>     shr ecx, 4      ;Shift upper nybble value down
   314                              <1> .cbth0:
   315 000002E5 050A000000          <1>     add eax, 10
   316 000002EA E2F9                <1>     loop .cbth0
   317 000002EC 59                  <1>     pop rcx
   318 000002ED C3                  <1>     ret
   319                              <1> 
   320                              <1> .clkHexToBCD:
   321                              <1> ;Converts a Hex byte into two BCD digits
   322                              <1> ;Takes input in al, returns in al (zero-ed upper seven bytes)
   323 000002EE 51                  <1>     push rcx
   324 000002EF 0FB6C0              <1>     movzx eax, al   ;Zero extend
   325 000002F2 31C9                <1>     xor ecx, ecx
   326                              <1> .chtb0:
   327 000002F4 3D0A000000          <1>     cmp eax, 10
   328 000002F9 7209                <1>     jb .chtb1
   329 000002FB 2D0A000000          <1>     sub eax, 10
   330 00000300 FFC1                <1>     inc ecx
   331 00000302 EBF0                <1>     jmp short .chtb0
   332                              <1> .chtb1:
   333 00000304 C1E104              <1>     shl ecx, 4  ;Move to upper nybble
   334 00000307 08C8                <1>     or al, cl   ;Move upper nybble into al upper nybble
   335 00000309 59                  <1>     pop rcx
   336 0000030A C3                  <1>     ret
   337 0000030B 0000                <1> .clkDate    dw 0    ;Number of days since 01/01/1980
   338                              <1> 
   339                              <1> ;COM Driver headers and main interrupt strat
   340                              <1> com1Intr:
   341 0000030D C6058001000000      <1>     mov byte [comIntr.comDevice], 0
   342 00000314 EB19                <1>     jmp short comIntr
   343                              <1> com2Intr:
   344 00000316 C6057701000001      <1>     mov byte [comIntr.comDevice], 1
   345 0000031D EB10                <1>     jmp short comIntr
   346                              <1> com3Intr:
   347 0000031F C6056E01000002      <1>     mov byte [comIntr.comDevice], 2
   348 00000326 EB07                <1>     jmp short comIntr
   349                              <1> com4Intr:
   350 00000328 C6056501000003      <1>     mov byte [comIntr.comDevice], 3
   351                              <1> comIntr:
   352 0000032F 50                  <1>     push rax
   353 00000330 53                  <1>     push rbx
   354 00000331 51                  <1>     push rcx
   355 00000332 52                  <1>     push rdx
   356 00000333 56                  <1>     push rsi
   357 00000334 57                  <1>     push rdi
   358 00000335 488B1D(98010000)    <1>     mov rbx, qword [reqPktPtr]
   359 0000033C B003                <1>     mov al, 03h ;Unknown Command
   360 0000033E 807B0218            <1>     cmp byte [rbx + drvReqPkt.cmdcde], 24 ; Command code bigger than 24?
   361 00000342 775C                <1>     ja .comWriteErrorCode ;If yes, error!
   362                              <1> 
   363 00000344 8A4302              <1>     mov al, byte [rbx + drvReqPkt.cmdcde]
   364 00000347 84C0                <1>     test al, al
   365 00000349 745B                <1>     jz short .comExit
   366 0000034B 3C04                <1>     cmp al, 4   ;Read Character(s)
   367 0000034D 7464                <1>     jz .comRead
   368 0000034F 3C05                <1>     cmp al, 5   ;Non-destructive read, acts like fast read 1 char if available
   369 00000351 0F849D000000        <1>     jz .comNondestructiveRead   
   370 00000357 3C06                <1>     cmp al, 6   ;Read Input Status, always return with Busy bit = 0
   371 00000359 0F8486000000        <1>     jz .comReadInputStatus
   372 0000035F 3C07                <1>     cmp al, 7   ;Flush read buffers, return done
   373 00000361 0F849C000000        <1>     jz .comFlushInputBuffers
   374 00000367 3C08                <1>     cmp al, 8
   375 00000369 0F84BA000000        <1>     jz .comWrite
   376 0000036F 3C09                <1>     cmp al, 9
   377 00000371 0F84B2000000        <1>     jz .comWrite
   378 00000377 3C0A                <1>     cmp al, 0Ah
   379 00000379 0F84DF000000        <1>     jz .comOutputStatus ;Return Clear to send bit inverted for busy bit
   380 0000037F EB25                <1>     jmp short .comExit  ;All other valid functions should return done
   381                              <1> .comErrorNoCount:
   382 00000381 B002                <1>     mov al, 02h ;Unknown device
   383 00000383 EB1B                <1>     jmp short .comWriteErrorCode
   384                              <1> .comReadError:
   385 00000385 BA0B000000          <1>     mov edx, 0Bh
   386 0000038A EB05                <1>     jmp short .comError
   387                              <1> .comWriteError:
   388 0000038C BA0A000000          <1>     mov edx, 0Ah
   389                              <1> .comError:
   390 00000391 894B16              <1>     mov dword [rbx + ioReqPkt.tfrlen], ecx ;Store actual transferred chars
   391 00000394 B902000000          <1>     mov ecx, 02h    ;Unknown device
   392 00000399 3CFE                <1>     cmp al, 0FEh    ;Invalid COM port
   393 0000039B 0F44D1              <1>     cmove edx, ecx  ;Only move unknown device error code if invalid COM port
   394 0000039E 88D0                <1>     mov al, dl      ;Move dl to al to store error code
   395                              <1> .comWriteErrorCode:    ;Jump to with al=Standard Error code
   396 000003A0 B480                <1>     mov ah, 80h ;Set error bit
   397 000003A2 66894303            <1>     mov word [rbx + drvReqPkt.status], ax
   398                              <1> .comExit:
   399 000003A6 66814B030001        <1>     or word [rbx + drvReqPkt.status], drvDonStatus    ;Merge done bit
   400 000003AC 5F                  <1>     pop rdi
   401 000003AD 5E                  <1>     pop rsi
   402 000003AE 5A                  <1>     pop rdx
   403 000003AF 59                  <1>     pop rcx
   404 000003B0 5B                  <1>     pop rbx
   405 000003B1 58                  <1>     pop rax
   406 000003B2 C3                  <1>     ret
   407                              <1> 
   408                              <1> .comRead:
   409 000003B3 B005                <1>     mov al, 05h ;Bad request structure length?
   410 000003B5 803B2A              <1>     cmp byte [rbx + drvReqPkt.hdrlen], ioReqPkt_size
   411 000003B8 75E6                <1>     jne .comWriteErrorCode
   412 000003BA 488B7B0E            <1>     mov rdi, qword [rbx + ioReqPkt.bufptr]  ;Point rdi to caller buffer
   413 000003BE 31C9                <1>     xor ecx, ecx    ;Zero the char counter
   414                              <1> .cr1:
   415 000003C0 3B4B16              <1>     cmp ecx, dword [rbx + ioReqPkt.tfrlen]
   416 000003C3 741B                <1>     je .cre2
   417                              <1> .cr11:  ;Blocking wait, could be an infinite loop. Imitate basic DOS driver
   418 000003C5 B800020000          <1>     mov eax, 0200h    ;Recieve 
   419 000003CA 0FB615C3000000      <1>     movzx edx, byte [.comDevice]    ;Get transacting com device
   420 000003D1 F8                  <1>     clc
   421 000003D2 CD34                <1>     int 34h ;Recieve Char
   422 000003D4 72BB                <1>     jc .comError
   423 000003D6 80FC80              <1>     cmp ah, 80h ;Did a "timeout" occur? If so, keep waiting
   424 000003D9 74EA                <1>     je .cr11
   425 000003DB AA                  <1>     stosb   ;Store char in al into buffer and inc rdi
   426 000003DC FFC1                <1>     inc ecx
   427 000003DE EBE0                <1>     jmp short .cr1
   428                              <1> .cre2:
   429 000003E0 894B16              <1>     mov dword [rbx + ioReqPkt.tfrlen], ecx  ;Move num of transferred chars
   430 000003E3 EBC1                <1>     jmp short .comExit
   431                              <1> 
   432                              <1> .comReadInputStatus:
   433 000003E5 B005                <1>     mov al, 05h ;Bad request structure length?
   434 000003E7 803B0D              <1>     cmp byte [rbx + drvReqPkt.hdrlen], statusReqPkt_size
   435 000003EA 75B4                <1>     jne .comWriteErrorCode
   436 000003EC 66C743030000        <1>     mov word [rbx + statusReqPkt.status], 0 ;Chars ready to read status
   437 000003F2 EBB2                <1>     jmp short .comExit
   438                              <1> 
   439                              <1> .comNondestructiveRead:
   440                              <1> ;The buffer is always empty for now (no keystroke available)
   441 000003F4 B005                <1>     mov al, 05h ;Bad request structure length?
   442 000003F6 803B0E              <1>     cmp byte [rbx + drvReqPkt.hdrlen], ndInNoWaitPkt_size
   443 000003F9 75A5                <1>     jne .comWriteErrorCode
   444 000003FB 66C743030000        <1>     mov word [rbx + ndInNoWaitPkt.status], 0 ;Busy bit clear
   445 00000401 EBA3                <1>     jmp short .comExit
   446                              <1> 
   447                              <1> .comFlushInputBuffers:
   448 00000403 B005                <1>     mov al, 05h ;Bad request structure length?
   449 00000405 803B0D              <1>     cmp byte [rbx + drvReqPkt.hdrlen], flushReqPkt_size
   450 00000408 7596                <1>     jne .comWriteErrorCode
   451                              <1> .cfib0:
   452 0000040A 0FB61583000000      <1>     movzx edx, byte [.comDevice]    ;Get transacting com device
   453 00000411 B800020000          <1>     mov eax, 0200h    ;Recieve
   454 00000416 F8                  <1>     clc
   455 00000417 CD34                <1>     int 34h
   456 00000419 0F8262FFFFFF        <1>     jc .comErrorNoCount
   457 0000041F 80FC80              <1>     cmp ah, 80h ;Keep looping until ah = 80h (no more chars in buffer)
   458 00000422 75E6                <1>     jne .cfib0
   459 00000424 E97DFFFFFF          <1>     jmp .comExit
   460                              <1> 
   461                              <1> .comWrite:
   462 00000429 B005                <1>     mov al, 05h ;Bad request structure length?
   463 0000042B 803B2A              <1>     cmp byte [rbx + drvReqPkt.hdrlen], ioReqPkt_size
   464 0000042E 0F856CFFFFFF        <1>     jne .comWriteErrorCode
   465                              <1> 
   466 00000434 488B730E            <1>     mov rsi, qword [rbx + ioReqPkt.bufptr] ;Point rsi to caller buffer 
   467 00000438 31C9                <1>     xor ecx, ecx    ;Zero the char counter
   468                              <1> .cw1: 
   469 0000043A 3B4B16              <1>     cmp ecx, dword [rbx + ioReqPkt.tfrlen]
   470 0000043D 7417                <1>     je .cw2
   471 0000043F AC                  <1>     lodsb   ;Get char into al, and inc rsi
   472 00000440 B401                <1>     mov ah, 01h ;Move function number into ah
   473 00000442 0FB6154B000000      <1>     movzx edx, byte [.comDevice]    ;Get transacting com device
   474 00000449 F8                  <1>     clc
   475 0000044A CD34                <1>     int 34h ;Transmit char
   476 0000044C 0F823FFFFFFF        <1>     jc .comError
   477 00000452 FFC1                <1>     inc ecx
   478 00000454 EBE4                <1>     jmp short .cw1 ;keep printing until all chars printed
   479                              <1> .cw2:
   480 00000456 894B16              <1>     mov dword [rbx + ioReqPkt.tfrlen], ecx  ;Move num of transferred chars
   481 00000459 E948FFFFFF          <1>     jmp .comExit
   482                              <1> 
   483                              <1> .comOutputStatus:
   484                              <1> ;Read MODEM status
   485 0000045E B005                <1>     mov al, 05h ;Bad request structure length?
   486 00000460 803B0D              <1>     cmp byte [rbx + drvReqPkt.hdrlen], statusReqPkt_size
   487 00000463 0F8537FFFFFF        <1>     jne .comWriteErrorCode
   488                              <1> 
   489 00000469 0FB61524000000      <1>     movzx edx, byte [.comDevice]    ;Get transacting com device
   490 00000470 B403                <1>     mov ah, 03h     ;Get status
   491 00000472 F8                  <1>     clc
   492 00000473 CD34                <1>     int 34h
   493 00000475 0F8206FFFFFF        <1>     jc .comErrorNoCount
   494 0000047B 2510000000          <1>     and eax, 10h ;Isolate bit 4 of al, clear to set, and clear all other bits
   495 00000480 C1E005              <1>     shl eax, 5   ;Shift it up to bit 9 (busy bit in status word) 
   496 00000483 F7D0                <1>     not eax      ;Bitwise inversion
   497 00000485 2500020000          <1>     and eax, 200h   ;Isolate bit 9
   498 0000048A 6689441B03          <1>     mov word [rbx + rbx + drvReqPkt.status], ax  ;Add the busy bit
   499 0000048F E912FFFFFF          <1>     jmp .comExit
   500 00000494 00                  <1> .comDevice   db 0
   501                              <1> 
   502                              <1> ;Prn Drivers
   503                              <1> prnDriver:
   504 00000495 50                  <1>     push rax
   505 00000496 53                  <1>     push rbx
   506 00000497 488B1D(98010000)    <1>     mov rbx, qword [reqPktPtr]
   507 0000049E B003                <1>     mov al, 03h ;Unknown Command
   508 000004A0 807B0218            <1>     cmp byte [rbx + drvReqPkt.cmdcde], 24 ; Command code bigger than 24?
   509 000004A4 771F                <1>     ja .prnWriteErrorCode ;If yes, error!
   510 000004A6 8A4302              <1>     mov al, byte [rbx + drvReqPkt.cmdcde]
   511 000004A9 84C0                <1>     test al, al ;If the command code was Init, return ok!
   512 000004AB 741E                <1>     jz .prnExit 
   513 000004AD 3C0A                <1>     cmp al, drvOUTSTATUS    ;Always report we are busy
   514 000004AF 740A                <1>     je .prnBsy
   515 000004B1 3C10                <1>     cmp al, drvOUTTILBUSY   ;Always report now busy and 0 bytes xfred
   516 000004B3 750E                <1>     jne .prnElse
   517                              <1> ;If we are requested to output until busy, report we are busy
   518                              <1> ; and that we output 0 bytes
   519 000004B5 66C743150000        <1>     mov word [rbx + outTilBusyPkt.wXfrCount], 0 ;Xfr 0 bytes
   520                              <1> ;And fall through to be busy!
   521                              <1> .prnBsy:
   522                              <1> ;Always report we are busy!
   523 000004BB 66C743030002        <1>     mov word [rbx + drvReqPkt.status], drvBsyStatus
   524 000004C1 EB08                <1>     jmp short .prnExit
   525                              <1> .prnElse:
   526                              <1> ;Everything else, device not ready
   527 000004C3 B002                <1>     mov al, drvNotReady
   528                              <1> .prnWriteErrorCode:     ;Jump to with al=Standard Error code
   529 000004C5 B480                <1>     mov ah, 80h ;Set error bit
   530 000004C7 66894303            <1>     mov word [rbx + drvReqPkt.status], ax
   531                              <1> .prnExit:
   532 000004CB 66814B030001        <1>     or word [rbx + drvReqPkt.status], drvDonStatus    ;Merge done bit
   533 000004D1 5B                  <1>     pop rbx
   534 000004D2 58                  <1>     pop rax
   535 000004D3 C3                  <1>     ret
    24                                  %include "./src/dos/Drivers/diskDrv.asm"
     1                              <1> ; This file contains five main routines:
     2                              <1> ; 1) Replacement Int 39h routine (for unhooking interrupts back).
     3                              <1> ; 2) Replacement Int 33h routine.
     4                              <1> ; 3) Int 33h replacement routine.
     5                              <1> ; 4) Driver itself
     6                              <1> ; 5) Int 2Fh Driver backdoor routine
     7                              <1> 
     8 000004D4 0000000000000000    <1> i39Org  dq 0    ;Original BIOS Int 39h to replace on Int 39h
     9 000004DC 0000000000000000    <1> i33Org  dq 0    ;Original BIOS Int 33h to replace on Int 39h.
    10 000004E4 0000000000000000    <1> i2FNext dq 0    ;Previous Int 2Fh handler
    11 000004EC 0000000000000000    <1> i33Next dq 0    ;Current disk driver to call.
    12                              <1> 
    13                              <1> 
    14                              <1> ;DEBUG COMMON ROUTINES!
    15                              <1> dbgFnc equ 0    ;Enable debug output functions
    16                              <1> errDbg equ 0    ;Enable error recieving debug output
    17                              <1> drvDbg equ 0    ;Enable driver debug outputs
    18                              <1> i33Dbg equ 0    ;Enable i33h debug outputs
    19                              <1> wpDbg  equ 0    ;Mimic WP errors on writes
    20                              <1> e1Dbg  equ 0    ;Force 01h errors on all i33h calls
    21                              <1> ;~~~~~~~~~~~~~~~~DEBUG~~~~~~~~~~~~~~~~
    22                              <1> %if dbgFnc
    23                              <1> dbgPrintString:
    24                              <1> ;Pass in rsi the string we wanna print and its length in ecx.
    25                              <1> ;Preserves all registers
    26                              <1>     pushfq
    27                              <1>     push rax
    28                              <1> .lp:
    29                              <1>     lodsb
    30                              <1>     test al, al
    31                              <1>     jz .exit
    32                              <1>     call dbgPutch
    33                              <1>     jmp short .lp
    34                              <1> .exit:
    35                              <1>     pop rax
    36                              <1>     popfq
    37                              <1>     return
    38                              <1> 
    39                              <1> dbgCrlf:
    40                              <1> ;Prints a CRLF
    41                              <1>     push rax
    42                              <1>     mov al, 0Ah 
    43                              <1>     call dbgPutch
    44                              <1>     mov al, 0Dh
    45                              <1>     call dbgPutch
    46                              <1>     pop rax
    47                              <1>     return
    48                              <1> 
    49                              <1> dbgPutch:
    50                              <1> ;Input: al = ASCII char to print
    51                              <1>     push rdx
    52                              <1>     mov dx, 0E9h
    53                              <1>     out dx, al
    54                              <1>     ;mov ah, 0Eh
    55                              <1>     ;int 30h
    56                              <1>     pop rdx
    57                              <1>     return
    58                              <1> 
    59                              <1> dbgPrintHexByte:
    60                              <1> ;Print the hex byte in al as a hex value
    61                              <1>     pushfq
    62                              <1>     push rdx
    63                              <1>     push rbx
    64                              <1>     push rax
    65                              <1> 
    66                              <1>     mov dl, al           ;save byte in dl
    67                              <1>     and ax, 00F0h        ;Hi nybble
    68                              <1>     and dx, 000Fh        ;Lo nybble
    69                              <1>     shr ax, 4            ;shift one hex place value pos right
    70                              <1>     call .wrchar
    71                              <1>     mov ax, dx           ;mov lo nybble, to print
    72                              <1>     call .wrchar
    73                              <1> 
    74                              <1>     pop rax
    75                              <1>     pop rbx
    76                              <1>     pop rdx
    77                              <1>     popfq
    78                              <1>     return
    79                              <1> .wrchar:
    80                              <1>     lea rbx, .debascii
    81                              <1>     xlatb    ;point al to entry in ascii table, using al as offset into table
    82                              <1>     call dbgPutch
    83                              <1>     return
    84                              <1> .debascii   db "0123456789ABCDEF"
    85                              <1> %endif
    86                              <1> 
    87                              <1> ;Replacement Int 39h routine to replace interrupts these drivers hook.
    88                              <1> dosInt39h:
    89                              <1> ;For now, we just replace int 33h and int 39h back and then jump to i39h
    90 000004F4 B833250000          <1>     mov eax, 2533h
    91 000004F9 488B15DCFFFFFF      <1>     mov rdx, qword [i33Org]
    92 00000500 CD21                <1>     int 21h
    93 00000502 B839250000          <1>     mov eax, 2539h
    94 00000507 488B15C6FFFFFF      <1>     mov rdx, qword [i39Org]
    95 0000050E CD21                <1>     int 21h
    96                              <1> ;And now do the actual warm reboot
    97 00000510 FF25BEFFFFFF        <1>     jmp qword [i39Org]
    98                              <1> 
    99                              <1> ;Replacement Int 33h routine
   100                              <1> dosInt33h:
   101                              <1> ;--------------------------------------------------------------------------
   102                              <1> ;       This is a wrapper around the BIOS Int 33h handler.
   103                              <1> ;--------------------------------------------------------------------------
   104                              <1> ;This routine does the following:
   105                              <1> ;1) Checks if a format request is being made, in which case
   106                              <1> ;   it will ensure that the devSetDASD and devChgd bits are set for all 
   107                              <1> ;   drives for the BIOS drive in dl to ensure that the DOS driver treats
   108                              <1> ;   the DOS drives properly.
   109                              <1> ;
   110                              <1> ; For the most part (CHS is depreciated so we don't talk about it here):
   111                              <1> ;   AH = Function number (05h/85h is FORMAT)
   112                              <1> ;   AL = Number of sectors to xact.
   113                              <1> ;   RBX -> Points to a xfr buffer.
   114                              <1> ;   RCX = Start sector of xft.
   115                              <1> ;   DL = BIOS Drive number to xact on.
   116                              <1> ;--------------------------------------------------------------------------
   117                              <1> ;Enter the DOS driver critical section . When the MSD driver enters this it 
   118                              <1> ; already has the lock so this simply incs the count. If a process attempts 
   119                              <1> ; to bypass DOS and we are already processing a request it gets put on ice.
   120                              <1> ;--------------------------------------------------------------------------
   121                              <1> %if e1Dbg
   122                              <1>     cmp byte [0700h], -1
   123                              <1>     jne .e1skip
   124                              <1>     mov eax, 0100h
   125                              <1>     or byte [rsp + 2*8h], 1 ;Set CF
   126                              <1>     iretq
   127                              <1> .e1skip:
   128                              <1> %endif
   129                              <1> %if i33Dbg
   130                              <1>     call .dbgFun
   131                              <1> %endif
   132                              <1> ;Start by clearing the CF on entry
   133 00000516 80642410FE          <1>     and byte [rsp + 2*8], ~1
   134                              <1> ;Enter the device critical section
   135 0000051B 50                  <1>     push rax
   136 0000051C B802800000          <1>     mov eax, 8002h
   137 00000521 CD2A                <1>     int 2ah
   138 00000523 58                  <1>     pop rax
   139                              <1> ;Now put the retaddr in the var we own 
   140 00000524 8F055F000000        <1>     pop qword [.tmp]
   141                              <1> ;Now check that we are not formatting. If we are, we need to set the bit on
   142                              <1> ; all DOS drives that use this BIOS drive that it has been formatted and 
   143                              <1> ; changed.
   144 0000052A 50                  <1>     push rax    ;Push the function number on stack
   145 0000052B 80E47F              <1>     and ah, 7Fh ;Clear the top bit (as both 05h and 85h are formats)
   146 0000052E 80FC05              <1>     cmp ah, 05h
   147 00000531 7405                <1>     je .format
   148 00000533 80FC07              <1>     cmp ah, 07h ;Undocumented SCSI format?
   149 00000536 750A                <1>     jne .notFormat
   150                              <1> .format:
   151                              <1> ;Here we register the format request!
   152 00000538 B8C0000000          <1>     mov eax, devChgd | devSetDASD   ;Bits to set in flags
   153 0000053D E8EA0D0000          <1>     call msdDriver.setBitsForAllDevs
   154                              <1> .notFormat:
   155 00000542 58                  <1>     pop rax     ;Get the function number from stack
   156                              <1> ;Call previous handler and exit irq in this call.
   157 00000543 88153F000000        <1>     mov byte [.drv], dl ;Save the drive we are acting on
   158                              <1> ;~~~~~~~~~~~~~~~~DEBUG~~~~~~~~~~~~~~~~
   159                              <1> %if drvDbg
   160                              <1>     push rax
   161                              <1>     push rsi
   162                              <1>     lea rsi, .i33dbgStr1
   163                              <1>     call dbgPrintString
   164                              <1>     mov al, ah
   165                              <1>     call dbgPrintHexByte
   166                              <1>     lea rsi, .i33dbgStr11
   167                              <1>     call dbgPrintString
   168                              <1>     mov al, dl
   169                              <1>     call dbgPrintHexByte
   170                              <1>     call dbgCrlf
   171                              <1>     pop rsi
   172                              <1>     pop rax
   173                              <1> %endif
   174                              <1> ;~~~~~~~~~~~~~~~~~~~~~~~~~~~~~~~~~~~~~
   175 00000549 FF159DFFFFFF        <1>     call qword [i33Next]    
   176 0000054F 7327                <1>     jnc .exitI33
   177                              <1> ;We enter here when an error occurs!
   178 00000551 84E4                <1>     test ah, ah ;Error 0? Magical error needs to be cleaned up
   179 00000553 7423                <1>     jz .exitI33
   180                              <1> ;~~~~~~~~~~~~~~~~DEBUG~~~~~~~~~~~~~~~~
   181                              <1> %if drvDbg
   182                              <1>     push rsi
   183                              <1>     lea rsi, .i33dbgStr
   184                              <1>     call dbgPrintString
   185                              <1>     pop rsi
   186                              <1>     push rax
   187                              <1>     mov al, ah
   188                              <1>     call dbgPrintHexByte
   189                              <1>     pop rax
   190                              <1>     call dbgCrlf
   191                              <1> %endif
   192                              <1> ;~~~~~~~~~~~~~~~~~~~~~~~~~~~~~~~~~~~~~
   193 00000555 80FC06              <1>     cmp ah, 06h         ;Did a swap occur?
   194 00000558 751D                <1>     jne .exitI33Bad     ;All other errors get bubbled up
   195                              <1> ;Here we ensure that on all drives with this BIOS number, we 
   196                              <1> ; register that the swap occured :)
   197 0000055A 50                  <1>     push rax
   198 0000055B 52                  <1>     push rdx
   199 0000055C 0FB61525000000      <1>     movzx edx, byte [.drv]
   200 00000563 F7C280000000        <1>     test edx, 80h       ;Was this a hard disk?
   201 00000569 750A                <1>     jnz .exitI33Weird   ;Just skip setting this bit in this case
   202 0000056B B840000000          <1>     mov eax, devChgd    ;Set the device changed bit on all devices
   203 00000570 E8B70D0000          <1>     call msdDriver.setBitsForAllDevs
   204                              <1> .exitI33Weird:
   205 00000575 5A                  <1>     pop rdx
   206 00000576 58                  <1>     pop rax
   207                              <1> .exitI33Bad:
   208 00000577 F9                  <1>     stc
   209                              <1> .exitI33:
   210                              <1> ;Replace the retaddr back on the stack
   211 00000578 FF350B000000        <1>     push qword [.tmp]
   212                              <1> ;Exit the device critical section now
   213 0000057E 50                  <1>     push rax
   214 0000057F B802810000          <1>     mov eax, 8102h
   215 00000584 CD2A                <1>     int 2ah
   216 00000586 58                  <1>     pop rax
   217                              <1> ;And finally go back to the caller :)
   218                              <1>     return
    13                              <2> %%_ret:
    14 00000587 C3                  <2>  ret
    15                              <2> %assign retOff %%_ret-$$
   219                              <1> %if i33Dbg
   220                              <1> .dbgFun:
   221                              <1>     cmp byte [0700h], -1
   222                              <1>     retne
   223                              <1>     cmp byte [.drv], 0
   224                              <1>     retne
   225                              <1>     pop rax
   226                              <1> ;Now we enter the fake handler.
   227                              <1>     mov byte [0700h], 0
   228                              <1>     ;inc byte [.dbgCnt]
   229                              <1>     ;mov ah, 80h ;Timeout most of the time
   230                              <1>     ;cmp byte [.dbgCnt], 1
   231                              <1>     ;jne .dbgIret
   232                              <1>     mov eax, devChgd    ;Set the device changed bit on all devices
   233                              <1>     call msdDriver.setBitsForAllDevs
   234                              <1>     mov ah, 06h
   235                              <1> .dbgIret:
   236                              <1>     push rsi
   237                              <1>     lea rsi, .dbgStrMsg
   238                              <1>     call dbgPrintString
   239                              <1>     push rax
   240                              <1>     mov al, ah
   241                              <1>     call dbgPrintHexByte
   242                              <1>     pop rax
   243                              <1>     call dbgCrlf
   244                              <1>     pop rsi
   245                              <1>     or byte [rsp + 2*8h], 1 ;Set CF
   246                              <1>     iretq
   247                              <1> .dbgStrMsg db  "[BIOS DEBUG] REPORTING ERROR AH=",0
   248                              <1> .dbgCnt db 0
   249                              <1> %endif
   250                              <1> ;Local data for the main IRQ handler
   251 00000588 00                  <1> .drv    db 0    ;Drive we are acting on
   252 00000589 0000000000000000    <1> .tmp    dq 0
   253                              <1> ;~~~~~~~~~~~~~~~~DEBUG~~~~~~~~~~~~~~~~
   254                              <1> %if drvDbg
   255                              <1> .i33dbgStr1     db "[BIOS] Entering BIOS function ",0
   256                              <1> .i33dbgStr11    db "h on drive ",0
   257                              <1> .i33dbgStr      db "[BIOS] Int 33h Error detected: ",0
   258                              <1> %endif
   259                              <1> ;~~~~~~~~~~~~~~~~~~~~~~~~~~~~~~~~~~~~~
   260                              <1> 
   261                              <1> ;Int 33h replacement routine
   262                              <1> i2fhSwap33h:
   263                              <1> ;Replaces the current int 33h handler and the int 39h replacement handler
   264                              <1> ;Input: ah = 13h
   265                              <1> ;       rdx -> New Int 33h handler.
   266                              <1> ;       rbx -> Value to replace back when system shutdown occurs.
   267                              <1> ;Output:
   268                              <1> ;       rdx -> Replaced Int 33h handler.
   269                              <1> ;       rbx -> Replaced original lowest level Int 33h handler.
   270 00000591 80FC13              <1>     cmp ah, 13h
   271 00000594 0F85B40D0000        <1>     jne msdDriver.i2fDriver ;Goto the driver backdoor if not this handler 
   272 0000059A 4887154BFFFFFF      <1>     xchg qword [i33Next], rdx
   273 000005A1 48871D34FFFFFF      <1>     xchg qword [i33Org], rbx
   274 000005A8 48CF                <1>     iretq
   275                              <1> 
   276                              <1> ; Actual driver here
   277                              <1> msdDriver:
   278 000005AA 50                  <1>     push rax
   279 000005AB 53                  <1>     push rbx
   280 000005AC 51                  <1>     push rcx
   281 000005AD 52                  <1>     push rdx
   282 000005AE 56                  <1>     push rsi
   283 000005AF 57                  <1>     push rdi
   284 000005B0 55                  <1>     push rbp
   285 000005B1 4150                <1>     push r8
   286 000005B3 488B1D(98010000)    <1>     mov rbx, qword [reqPktPtr]  ;Get the ptr to the req header in rbx
   287 000005BA 0FB67302            <1>     movzx esi, byte [rbx + drvReqPkt.cmdcde]    ;Get the command code
   288 000005BE 81FE18000000        <1>     cmp esi, drvMAXCMD                  ;Command code bigger than max?
   289 000005C4 7741                <1>     ja .errBadCmd                 ;If yes, error!
   290 000005C6 488D2D4D000000      <1>     lea rbp, .fnTbl
   291 000005CD 488D7CB500          <1>     lea rdi, qword [rbp + 4*rsi]    ;Ptr to table entry
   292 000005D2 0FB737              <1>     movzx esi, word [rdi]   ;Get the offset from table into esi
   293 000005D5 85F6                <1>     test esi, esi           ;If the offset is 0, exit!
   294 000005D7 7417                <1>     jz .exit
   295 000005D9 0FB60B              <1>     movzx ecx, byte [rbx + drvReqPkt.hdrlen]       ;Get packet length
   296 000005DC 663B4F02            <1>     cmp cx, word [rdi + 2]          ;Cmp packet lengths
   297 000005E0 752C                <1>     jne .errBadPkt
   298 000005E2 4801EE              <1>     add rsi, rbp    ;Add the two to get the pointer!
   299 000005E5 0FB64301            <1>     movzx eax, byte [rbx + drvReqPkt.unitnm]    ;Get the unit to setup
   300 000005E9 E8090B0000          <1>     call .setupDrive    ;Returns rbp -> Table entry
   301                              <1> ;Goto function! rbp -> Table entry, eax = Drive number. rbx -> Reqpkt
   302 000005EE FFD6                <1>     call rsi 
   303                              <1> .exit:
   304 000005F0 488B1D(98010000)    <1>     mov rbx, qword [reqPktPtr]  ;Get back the req header ptr
   305 000005F7 66814B030001        <1>     or word [rbx + drvReqPkt.status], drvDonStatus ;Set done bit
   306 000005FD 4158                <1>     pop r8
   307 000005FF 5D                  <1>     pop rbp
   308 00000600 5F                  <1>     pop rdi
   309 00000601 5E                  <1>     pop rsi
   310 00000602 5A                  <1>     pop rdx
   311 00000603 59                  <1>     pop rcx
   312 00000604 5B                  <1>     pop rbx
   313 00000605 58                  <1>     pop rax
   314 00000606 C3                  <1>     ret
   315                              <1> 
   316                              <1> .errBadCmd:
   317 00000607 B803000000          <1>     mov eax, drvBadCmd
   318 0000060C EB05                <1>     jmp short .writeEntryError
   319                              <1> .errBadPkt:
   320 0000060E B805000000          <1>     mov eax, drvBadDrvReq
   321                              <1> .writeEntryError:
   322                              <1> ;Used for errors in the driver entry
   323 00000613 E8FE000000          <1>     call .errorExit
   324 00000618 EBD6                <1>     jmp short .exit
   325                              <1> 
   326                              <1> 
   327                              <1> .fnTbl:
   328                              <1> ;Each table entry is 4 bytes to make searching easier. Low word is offset
   329                              <1> ; to function, high word is packet size for check
   330                              <1>     ;dw .initShim - .fnTbl        ;Function 0
   331 0000061A 602F                <1>     dw msdInit - .fnTbl
   332 0000061C 1F00                <1>     dw initReqPkt_size
   333 0000061E 1501                <1>     dw .medChk - .fnTbl          ;Function 1
   334 00000620 1700                <1>     dw mediaCheckReqPkt_size
   335 00000622 CA01                <1>     dw .buildBPB - .fnTbl        ;Function 2
   336 00000624 1E00                <1>     dw bpbBuildReqPkt_size
   337 00000626 0000                <1>     dw 0                         ;Function 3
   338 00000628 0000                <1>     dw 0
   339 0000062A 5204                <1>     dw .read - .fnTbl            ;Function 4
   340 0000062C 2A00                <1>     dw ioReqPkt_size
   341 0000062E 0000                <1>     dw 0                         ;Function 5
   342 00000630 0000                <1>     dw 0
   343 00000632 0000                <1>     dw 0                         ;Function 6
   344 00000634 0000                <1>     dw 0
   345 00000636 0000                <1>     dw 0                         ;Function 7
   346 00000638 0000                <1>     dw 0
   347 0000063A 7C04                <1>     dw .write - .fnTbl           ;Function 8
   348 0000063C 2A00                <1>     dw ioReqPkt_size
   349 0000063E 7C04                <1>     dw .write - .fnTbl           ;Function 9
   350 00000640 2A00                <1>     dw ioReqPkt_size
   351 00000642 0000                <1>     dw 0                         ;Function 10
   352 00000644 0000                <1>     dw 0
   353 00000646 0000                <1>     dw 0                         ;Function 11
   354 00000648 0000                <1>     dw 0
   355 0000064A 0000                <1>     dw 0                         ;Function 12
   356 0000064C 0000                <1>     dw 0
   357 0000064E 9705                <1>     dw .devOpen - .fnTbl         ;Function 13
   358 00000650 0D00                <1>     dw openReqPkt_size
   359 00000652 AD05                <1>     dw .devClose - .fnTbl        ;Function 14
   360 00000654 0D00                <1>     dw closeReqPkt_size
   361 00000656 C305                <1>     dw .remMed - .fnTbl          ;Function 15
   362 00000658 0D00                <1>     dw remMediaReqPkt_size
   363 0000065A 0000                <1>     dw 0                         ;Function 16
   364 0000065C 0000                <1>     dw 0
   365 0000065E 0000                <1>     dw 0                         ;Function 17
   366 00000660 0000                <1>     dw 0
   367 00000662 0000                <1>     dw 0                         ;Function 18
   368 00000664 0000                <1>     dw 0
   369 00000666 D205                <1>     dw .IOCTL - .fnTbl           ;Function 19
   370 00000668 2700                <1>     dw ioctlReqPkt_size
   371 0000066A 0000                <1>     dw 0                         ;Function 20
   372 0000066C 0000                <1>     dw 0
   373 0000066E 0000                <1>     dw 0                         ;Function 21
   374 00000670 0000                <1>     dw 0
   375 00000672 0000                <1>     dw 0                         ;Function 22
   376 00000674 0000                <1>     dw 0
   377 00000676 790A                <1>     dw .getLogicalDev - .fnTbl   ;Function 23
   378 00000678 0D00                <1>     dw getDevReqPkt_size
   379 0000067A AF0A                <1>     dw .setLogicalDev - .fnTbl   ;Function 24
   380 0000067C 0D00                <1>     dw setDevReqPkt_size
   381 0000067E B50A                <1>     dw .ioctlQuery - .fnTbl      ;Function 25
   382 00000680 0D00                <1>     dw setDevReqPkt_size
   383                              <1> 
   384                              <1> ;DISK DRIVER ERROR HANDLER. Errors from within the functions come here!
   385                              <1> .errorXlat:
   386                              <1> ;Jumped to with ah = BIOS error code as reported on function call
   387 00000682 488D3D9C000000      <1>     lea rdi, .biosErrTbl
   388 00000689 88E0                <1>     mov al, ah
   389 0000068B B905000000          <1>     mov ecx, errTblLen
   390 00000690 F2AE                <1>     repne scasb
   391 00000692 7508                <1>     jne .exNotFnd
   392 00000694 8A4704              <1>     mov al, byte [rdi + errTblLen - 1] ;Get entry in DOS table now
   393                              <1>     ;jmp short .errorExit
   394 00000697 E97A000000          <1>     jmp .errorExit
   395                              <1> .exNotFnd:
   396                              <1> ;Come here if the BIOS supplied code was not mapped to anything.
   397                              <1> ; We now get the SCSI code. Only a few cases make sense so
   398                              <1> ; we try and decypher. Else, general fault.
   399 0000069C 0FB65508            <1>     movzx edx, byte [rbp + drvBlk.bBIOSNum]
   400 000006A0 B800010000          <1>     mov eax, 0100h
   401 000006A5 CD33                <1>     int 33h     ;No need to preserve regs across this call 
   402                              <1> ;~~~~~~~~~~~~~~~~DEBUG~~~~~~~~~~~~~~~~
   403                              <1> ;%if drvDbg
   404                              <1> %if errDbg
   405                              <1>     push rax
   406                              <1>     lea rsi, .errStr1
   407                              <1>     call dbgPrintString
   408                              <1>     push rax
   409                              <1>     mov al, dl
   410                              <1>     call dbgPrintHexByte
   411                              <1>     pop rax
   412                              <1>     call dbgCrlf
   413                              <1>     lea rsi, .errStrAL
   414                              <1>     call dbgPrintString
   415                              <1>     call dbgPrintHexByte
   416                              <1>     lea rsi, .errStrAH
   417                              <1>     call dbgPrintString
   418                              <1>     mov al, ah
   419                              <1>     call dbgPrintHexByte
   420                              <1>     lea rsi, .errStrCL
   421                              <1>     call dbgPrintString
   422                              <1>     mov al, cl
   423                              <1>     call dbgPrintHexByte
   424                              <1>     lea rsi, .errStrCH
   425                              <1>     call dbgPrintString
   426                              <1>     mov al, ch
   427                              <1>     call dbgPrintHexByte
   428                              <1>     call dbgCrlf
   429                              <1>     pop rax
   430                              <1>     jmp short .genDbgExit   ;Skip strings
   431                              <1> .errStr1    db "[DRIVER] Unknown Error. BIOS error codes reported for drive ",0
   432                              <1> .errStrAL   db "AL: ",0
   433                              <1> .errStrAH   db " | AH: ",0
   434                              <1> .errStrCL   db " | CL: ",0
   435                              <1> .errStrCH   db " | CH: ",0
   436                              <1> .genDbgExit:
   437                              <1> %endif
   438                              <1> ;~~~~~~~~~~~~~~~~~~~~~~~~~~~~~~~~~~~~~
   439                              <1> 
   440                              <1> ;Device Not Ready
   441 000006A7 B802000000          <1>     mov eax, drvNotReady  ;Device not ready code
   442 000006AC 4138C0              <1>     cmp r8b, al  ;SCSI Not ready commands start with 2
   443 000006AF 7465                <1>     je .errorExit
   444 000006B1 49C1E808            <1>     shr r8, 8       ;Remove Sense Key
   445 000006B5 410FB7C8            <1>     movzx ecx, r8w  ;Get ASC and ASCQ in cl and ch bzw.
   446                              <1> ;Write Protected
   447 000006B9 B800000000          <1>     mov eax, drvWPErr
   448 000006BE 6681F92700          <1>     cmp cx, 0027h   ;Write protected error
   449 000006C3 7451                <1>     je .errorExit
   450                              <1> ;CRC Error
   451 000006C5 B804000000          <1>     mov eax, drvCRCErr     ;CRC error code
   452 000006CA 6681F90803          <1>     cmp cx, 0308h   ;LU comms CRC error (UDMA/32)
   453 000006CF 7445                <1>     je .errorExit
   454 000006D1 6681F91000          <1>     cmp cx, 0010h   ;ID CRC or ECC error
   455 000006D6 743E                <1>     je .errorExit
   456 000006D8 6681F94701          <1>     cmp cx, 0147h   ;Data phase CRC error detected
   457 000006DD 7437                <1>     je .errorExit
   458                              <1> ;Seek Error
   459 000006DF B806000000          <1>     mov eax, drvBadSeek 
   460 000006E4 80F902              <1>     cmp cl, 02h     ;No Seek Complete
   461 000006E7 742D                <1>     je .errorExit
   462                              <1> ;Unknown Hardware Media (Shouldn't happen with Flash Drives)
   463                              <1> ;This error should only be called if BPB not recognised for Flash Drives
   464 000006E9 B807000000          <1>     mov eax, drvBadMed
   465 000006EE 80F930              <1>     cmp cl, 30h   ;All issues with media returns unknown media
   466 000006F1 7423                <1>     je .errorExit
   467                              <1> ;Sector Not Found
   468 000006F3 B808000000          <1>     mov eax, drvSecNotFnd     ;Sector not found code
   469 000006F8 80F921              <1>     cmp cl, 21h     ;Illegal Request - Invalid LBA
   470 000006FB 7419                <1>     je .errorExit
   471                              <1> ;Write faults
   472 000006FD B80A000000          <1>     mov eax, drvWriteFault     ;Write fault
   473 00000702 80F90C              <1>     cmp cl, 0Ch     ;Write Error ASC code
   474 00000705 740F                <1>     je .errorExit
   475                              <1> ;Read faults
   476 00000707 B80B000000          <1>     mov eax, drvReadFault     ;Read fault
   477 0000070C 80F911              <1>     cmp cl, 11h     ;Read error
   478 0000070F 7405                <1>     je .errorExit
   479                              <1> ;General Errors
   480                              <1> .genErrExit:
   481 00000711 B80C000000          <1>     mov eax, drvGenFault     ;Everything else is general error
   482                              <1> .errorExit:     ;Jump to with al=Standard Error code
   483 00000716 B480                <1>     mov ah, 80h ;Set error bit
   484 00000718 488B1D(98010000)    <1>     mov rbx, qword [reqPktPtr]
   485 0000071F 66894303            <1>     mov word [rbx + drvReqPkt.status], ax
   486 00000723 F9                  <1>     stc         ;Some functions need CF set to error properly
   487                              <1>     return      ;Return to set done bit
    13                              <2> %%_ret:
    14 00000724 C3                  <2>  ret
    15                              <2> %assign retOff %%_ret-$$
   488                              <1> ;The xlat table is used for simple error codes.
   489                              <1> ;The more complex stuff requires a further callout to int 33h for the SCSI
   490                              <1> ; error code.
   491                              <1> .biosErrTbl:
   492 00000725 04                  <1>     db 04h  ;Sector not found
   493 00000726 06                  <1>     db 06h  ;Media changed or removed
   494 00000727 10                  <1>     db 10h  ;ECC/CRC error
   495 00000728 40                  <1>     db 40h  ;Seek error
   496 00000729 80                  <1>     db 80h  ;Timeout error
   497                              <1> errTblLen equ $ - .biosErrTbl
   498                              <1> .dosErrTbl:
   499 0000072A 08                  <1>     db drvSecNotFnd
   500 0000072B 0F                  <1>     db drvBadDskChnge
   501 0000072C 04                  <1>     db drvCRCErr
   502 0000072D 06                  <1>     db drvBadSeek
   503 0000072E 02                  <1>     db drvNotReady
   504                              <1> 
   505                              <1> ;All functions have the request packet ptr in rbx and the bpb pointer in rbp
   506                              <1> .medChk:          ;Function 1
   507                              <1> ;Start by placing the label pointer in the slot in the event of a change!
   508 0000072F 488D7D74            <1>     lea rdi, qword [rbp + drvBlk.volLab]
   509 00000733 48897B0F            <1>     mov qword [rbx + mediaCheckReqPkt.desptr], rdi
   510                              <1> ;Did this drive have its parameters swapped since the last time?
   511 00000737 66F745370001        <1>     test word [rbp + drvBlk.wDevFlgs], devNewParms
   512 0000073D 7416                <1>     jz .mcNoFormat
   513                              <1> ;Reset and apply the different logic now :)
   514 0000073F 66816537FFFE        <1>     and word [rbp + drvBlk.wDevFlgs], ~devNewParms   ;Clear this bit
   515 00000745 C605FD0C0000FF      <1>     mov byte [.bLastDsk], -1    ;Formatted so cannot rely on timer logic
   516 0000074C E8840A0000          <1>     call .checkDevFixed ;If fixed, declare changed!
   517 00000751 757B                <1>     jnz .mmcChange
   518                              <1> ;For remdevs we now determine if the media was changed. If so, exit!
   519 00000753 EB07                <1>     jmp short .mcRem
   520                              <1> .mcNoFormat:
   521 00000755 E87B0A0000          <1>     call .checkDevFixed
   522 0000075A 7567                <1>     jnz .mmcNoChange
   523                              <1> .mcRem:
   524 0000075C E8900A0000          <1>     call .setDrvOwner
   525 00000761 E8680A0000          <1>     call .checkHasChangeline
   526 00000766 7443                <1>     jz .mmcNoChangeLine
   527 00000768 0FB65508            <1>     movzx edx, byte [rbp + drvBlk.bBIOSNum]
   528                              <1> ;Now we do a BIOS changeline check. 
   529 0000076C E86B0A0000          <1>     call .checkMediaChange  ;If we know we changed, skip the check
   530 00000771 750C                <1>     jnz .mmcVolCheck
   531                              <1> ;~~~~~~~~~~~~~~~~DEBUG~~~~~~~~~~~~~~~~
   532                              <1> %if drvDbg
   533                              <1>     push rsi
   534                              <1>     lea rsi, .mcDbgMsg
   535                              <1>     call dbgPrintString
   536                              <1>     pop rsi
   537                              <1> %endif
   538                              <1> ;~~~~~~~~~~~~~~~~~~~~~~~~~~~~~~~~~~~~~
   539 00000773 B800160000          <1>     mov eax, 1600h 
   540 00000778 E8A00B0000          <1>     call .callI33h
   541 0000077D 7318                <1>     jnc .mmcNoChangeFnd
   542                              <1> ;~~~~~~~~~~~~~~~~DEBUG~~~~~~~~~~~~~~~~
   543                              <1> %if drvDbg
   544                              <1>     push rsi
   545                              <1>     lea rsi, .mcDbgMsg1
   546                              <1>     call dbgPrintString
   547                              <1>     pop rsi
   548                              <1> %endif
   549                              <1> ;~~~~~~~~~~~~~~~~~~~~~~~~~~~~~~~~~~~~~
   550                              <1> .mmcVolCheck:
   551                              <1> ;~~~~~~~~~~~~~~~~DEBUG~~~~~~~~~~~~~~~~
   552                              <1> %if drvDbg
   553                              <1>     push rsi
   554                              <1>     lea rsi, .mcDbgMsg3
   555                              <1>     call dbgPrintString
   556                              <1>     pop rsi
   557                              <1> %endif
   558                              <1> ;~~~~~~~~~~~~~~~~~~~~~~~~~~~~~~~~~~~~~
   559                              <1> ;Here if are checking the volume for its ID.
   560 0000077F E8FB000000          <1>     call .updateBpb ;This should practically never return BIOS error 06h
   561 00000784 0F8245030000        <1>     jc .ioDoErr ;Translates BIOS to DOS if needed. Else, bubbles DOS error.
   562 0000078A E8190A0000          <1>     call .checkVolumeSame
   563 0000078F 85C0                <1>     test eax, eax
   564 00000791 7437                <1>     jz .mmcUnsure
   565 00000793 7839                <1>     js .mmcChange   ;If the sign bit is set, eax = -1. Disk changed!
   566 00000795 EB2C                <1>     jmp short .mmcNoChange
   567                              <1> .mmcNoChangeFnd:
   568                              <1> ;~~~~~~~~~~~~~~~~DEBUG~~~~~~~~~~~~~~~~
   569                              <1> %if drvDbg
   570                              <1>     push rsi
   571                              <1>     lea rsi, .mcDbgMsg2
   572                              <1>     call dbgPrintString
   573                              <1>     pop rsi
   574                              <1> %endif
   575                              <1> ;~~~~~~~~~~~~~~~~~~~~~~~~~~~~~~~~~~~~~
   576                              <1> ;If the changeline says no change, check that we were the last disk to access
   577                              <1> ; If we were not, we do a time check do time/last access check. If more than
   578                              <1> ; two seconds, have passed, we do a volume check. Else, since the changeline
   579                              <1> ; said no change, we assume that no change!
   580 00000797 8A05AC0C0000        <1>     mov al, byte [.bLastDsk]
   581 0000079D 384509              <1>     cmp byte [rbp + drvBlk.bDOSNum], al
   582 000007A0 7421                <1>     je .mmcNoChange
   583 000007A2 E8450B0000          <1>     call .checkTime ;Returns CF=CY if unsure. If unsure, do BPB check
   584 000007A7 72D6                <1>     jc .mmcVolCheck
   585 000007A9 EB18                <1>     jmp short .mmcNoChange    ;Else, we say no change!
   586                              <1> .mmcNoChangeLine:
   587                              <1> ; If last accessed medchecked disk was this one and the time on this 
   588                              <1> ;  disk was more than 2 seconds ago, return unknown, else return ok.
   589 000007AB 8A4509              <1>     mov al, byte [rbp + drvBlk.bDOSNum] ;Get this disk number for the check
   590 000007AE 8605950C0000        <1>     xchg byte [.bLastDsk], al ;Swap with the old disk number
   591 000007B4 38058F0C0000        <1>     cmp byte [.bLastDsk], al    ;Are they equal? If not, unsure.
   592 000007BA 750E                <1>     jne .mmcUnsure
   593                              <1> ;Else, now we do the famous time check. 
   594 000007BC E82B0B0000          <1>     call .checkTime ;Sets CF if unsure. Else stays the same
   595 000007C1 7207                <1>     jc .mmcUnsure
   596                              <1> .mmcNoChange:
   597                              <1> ;~~~~~~~~~~~~~~~~DEBUG~~~~~~~~~~~~~~~~
   598                              <1> %if drvDbg
   599                              <1>     lea rsi, .mmcNoStrD
   600                              <1>     call .mmcDbgCmn
   601                              <1> %endif
   602                              <1> ;~~~~~~~~~~~~~~~~~~~~~~~~~~~~~~~~~~~~~
   603 000007C3 B801000000          <1>     mov eax, 1
   604 000007C8 EB0F                <1>     jmp short .mmcExit
   605                              <1> 
   606                              <1> .mmcUnsure:
   607                              <1> ;~~~~~~~~~~~~~~~~DEBUG~~~~~~~~~~~~~~~~
   608                              <1> %if drvDbg
   609                              <1>     lea rsi, .mmcUnkStrD
   610                              <1>     call .mmcDbgCmn
   611                              <1> %endif
   612                              <1> ;~~~~~~~~~~~~~~~~~~~~~~~~~~~~~~~~~~~~~
   613 000007CA 31C0                <1>     xor eax, eax
   614 000007CC EB0B                <1>     jmp short .mmcExit
   615                              <1>     
   616                              <1> .mmcChange:
   617                              <1> ;~~~~~~~~~~~~~~~~DEBUG~~~~~~~~~~~~~~~~
   618                              <1> %if drvDbg
   619                              <1>     lea rsi, .mmcChStrD
   620                              <1>     call .mmcDbgCmn
   621                              <1> %endif
   622                              <1> ;~~~~~~~~~~~~~~~~~~~~~~~~~~~~~~~~~~~~~
   623 000007CE B8FFFFFFFF          <1>     mov eax, -1
   624 000007D3 8805700C0000        <1>     mov byte [.bLastDsk], al    ;Default to unknown disk if a change occured!
   625                              <1> .mmcExit:
   626 000007D9 488B1D(98010000)    <1>     mov rbx, qword [reqPktPtr]
   627 000007E0 88430E              <1>     mov byte [rbx + mediaCheckReqPkt.medret], al
   628                              <1>     return
    13                              <2> %%_ret:
    14 000007E3 C3                  <2>  ret
    15                              <2> %assign retOff %%_ret-$$
   629                              <1> ;~~~~~~~~~~~~~~~~DEBUG~~~~~~~~~~~~~~~~
   630                              <1> %if drvDbg
   631                              <1> .mmcDbgCmn:
   632                              <1>     push rsi
   633                              <1>     lea rsi, .mmcMedChgStr
   634                              <1>     call dbgPrintString
   635                              <1>     pop rsi
   636                              <1>     mov al, byte [rbp + drvBlk.bDOSNum]
   637                              <1>     add al, "A"
   638                              <1>     mov byte [rsi], al
   639                              <1>     call dbgPrintString
   640                              <1>     return
   641                              <1> .mmcNoStrD  db "_ not changed",0Ah,0Dh,0
   642                              <1> .mmcUnkStrD db "_ unknown",0Ah,0Dh,0
   643                              <1> .mmcChStrD  db "_ changed",0Ah,0Dh,0
   644                              <1> 
   645                              <1> .mmcMedChgStr   db "[MEDCHECK] ",0
   646                              <1> .mcDbgMsg db "[MEDCHECK] Doing BIOS medcheck",0Ah,0Dh,0
   647                              <1> .mcDbgMsg1 db "[MEDCHECK] Reported change",0Ah,0Dh,0
   648                              <1> .mcDbgMsg2 db "[MEDCHECK] No Change Reported",0Ah,0Dh,0
   649                              <1> .mcDbgMsg3 db "[MEDCHECK] Doing volume check",0Ah,0Dh,0
   650                              <1> %endif
   651                              <1> ;~~~~~~~~~~~~~~~~~~~~~~~~~~~~~~~~~~~~~
   652                              <1> 
   653                              <1> .buildBPB:        ;Function 2
   654                              <1> ;Only build BPB for removable devices and "non-locked" devices.
   655                              <1> ;Start by setting the pointer to the BPB in the reqpkt as this is 
   656                              <1> ; the table entry bpb which we will be returning.
   657 000007E4 E8EC090000          <1>     call .checkDevFixed
   658 000007E9 7517                <1>     jnz .bbpbExit
   659                              <1> ;~~~~~~~~~~~~~~~~DEBUG~~~~~~~~~~~~~~~~
   660                              <1> %if drvDbg
   661                              <1>     push rsi
   662                              <1>     lea rsi, .bbpbMsg
   663                              <1>     call dbgPrintString
   664                              <1>     pop rsi
   665                              <1> %endif
   666                              <1> ;~~~~~~~~~~~~~~~~~~~~~~~~~~~~~~~~~~~~~
   667                              <1> ;------------------------------------------------------
   668                              <1> ; Here for removable devices only!!
   669                              <1> ;------------------------------------------------------
   670 000007EB E839000000          <1>     call .resetIds  ;Reset the drvBlk volume ids
   671 000007F0 E88A000000          <1>     call .updateBpb ;Fill the BPB entries in the drvBlk
   672                              <1> ;~~~~~~~~~~~~~~~~DEBUG~~~~~~~~~~~~~~~~
   673                              <1> %if drvDbg
   674                              <1>     push rsi
   675                              <1>     push rdi
   676                              <1>     lea rsi, .bbpbMsg1
   677                              <1>     lea rdi, .bbpbMsg11
   678                              <1>     cmovc rsi, rdi
   679                              <1>     call dbgPrintString
   680                              <1>     pop rdi
   681                              <1>     pop rsi
   682                              <1> %endif
   683                              <1> ;~~~~~~~~~~~~~~~~~~~~~~~~~~~~~~~~~~~~~
   684 000007F5 0F82D4020000        <1>     jc .ioDoErr     ;Errors returned as if from block IO handler
   685 000007FB E895010000          <1>     call .moveVolIds    ;Move the volume ID's into the drvBlk if they exist.
   686 00000800 7300                <1>     jnc .bbpbExit
   687                              <1> ;Here we will search the root directory for the volume label only!
   688                              <1> ;The FS string has been setup and volume ID is set to 0.
   689                              <1> ;
   690                              <1> ;   TEMP: DO NOTHING. USE DEFAULT STRING IN THIS CASE 
   691                              <1> ;
   692                              <1> .bbpbExit:
   693 00000802 488B1D(98010000)    <1>     mov rbx, qword [reqPktPtr]  ;Get the driver ptr
   694 00000809 0FB64514            <1>     movzx eax, byte [rbp + drvBlk.bMedDesc] ;Get the meddesc from the bpb
   695 0000080D 88430D              <1>     mov byte [rbx + bpbBuildReqPkt.medesc], al
   696 00000810 4881C50A000000      <1>     add rbp, drvBlk.bpb ;Move the drvBlk ptr to the BPB itself.
   697 00000817 48896B16            <1>     mov qword [rbx + bpbBuildReqPkt.bpbptr], rbp
   698                              <1>     return
    13                              <2> %%_ret:
    14 0000081B C3                  <2>  ret
    15                              <2> %assign retOff %%_ret-$$
   699                              <1> .bbpbError:
   700 0000081C 3C07                <1>     cmp al, drvBadMed   ;In case of bad media, just present it.
   701 0000081E 0F84F2FEFFFF        <1>     je .errorExit   
   702 00000824 E959FEFFFF          <1>     jmp .errorXlat  ;Else, get error code and xlat it to DOS error.
   703                              <1> ;~~~~~~~~~~~~~~~~DEBUG~~~~~~~~~~~~~~~~
   704                              <1> %if drvDbg
   705                              <1> .bbpbMsg1 db "[BUILDBPB] BPB Build Ok",0Ah,0Dh,0
   706                              <1> .bbpbMsg11 db "[BUILDBPB] BPB Build Failed",0Ah,0Dh,0
   707                              <1> .bbpbMsg db "[BUILDBPB] Building BPB",0Ah,0Dh,0
   708                              <1> %endif
   709                              <1> ;~~~~~~~~~~~~~~~~~~~~~~~~~~~~~~~~~~~~~
   710                              <1> .resetIds:
   711                              <1> ;We reset the volume id string and label to the default for the 
   712                              <1> ; volume before the reset!
   713 00000829 50                  <1>     push rax
   714 0000082A 53                  <1>     push rbx
   715 0000082B 51                  <1>     push rcx
   716 0000082C 56                  <1>     push rsi
   717 0000082D 57                  <1>     push rdi
   718                              <1> 
   719                              <1> ;1) Clear volume Id
   720 0000082E C78580000000000000- <1>     mov dword [rbp + drvBlk.volId], 0
   720 00000837 00                  <1>
   721                              <1> ;2) Reset the volume label to default
   722 00000838 488D35FD0B0000      <1>     lea rsi, .defLbl
   723 0000083F 488D7D74            <1>     lea rdi, qword [rbp + drvBlk.volLab]
   724 00000843 B90C000000          <1>     mov ecx, 12
   725 00000848 F3A4                <1>     rep movsb
   726                              <1> ;3) Reset the FAT string
   727                              <1> ;Since fat32 indicator is in the middle, compare against it.
   728                              <1> ;If dskOff is set instead of FAT16, then FAT16 works as a default value :)
   729 0000084A 488D35E20B0000      <1>     lea rsi, .fat32Str
   730 00000851 488D05C90B0000      <1>     lea rax, .fat12Str
   731 00000858 488D1DCB0B0000      <1>     lea rbx, .fat16Str
   732 0000085F F6453320            <1>     test byte [rbp + drvBlk.bBpbType], bpbFat32
   733 00000863 480F47F3            <1>     cmova rsi, rbx
   734 00000867 480F42F0            <1>     cmovb rsi, rax
   735 0000086B 488DBD84000000      <1>     lea rdi, qword [rbp + drvBlk.filSysType]
   736 00000872 B909000000          <1>     mov ecx, 9
   737 00000877 F3A4                <1>     rep movsb
   738                              <1> 
   739 00000879 5F                  <1>     pop rdi
   740 0000087A 5E                  <1>     pop rsi
   741 0000087B 59                  <1>     pop rcx
   742 0000087C 5B                  <1>     pop rbx
   743 0000087D 58                  <1>     pop rax
   744                              <1>     return
    13                              <2> %%_ret:
    14 0000087E C3                  <2>  ret
    15                              <2> %assign retOff %%_ret-$$
   745                              <1> 
   746                              <1> .updateBpb:
   747                              <1> ;------------------------------------------------------
   748                              <1> ;Updates the BPB fields in drvBlk for the BPB on disk
   749                              <1> ; or failing, for the BPB indicated by the media byte.
   750                              <1> ;Never called on Fixed devs in normal operation.
   751                              <1> ;------------------------------------------------------
   752                              <1> ;Entered with: 
   753                              <1> ;   rbp -> drvBlk for this drive
   754                              <1> ;------------------------------------------------------
   755                              <1> ;Exited with:
   756                              <1> ;   If CF=NC:
   757                              <1> ;       rbx -> The start of the BPB
   758                              <1> ;       rsi -> End of the BPB. Points to the extSig
   759                              <1> ;               if present.
   760                              <1> ;   Else:
   761                              <1> ;       If ZF=NZ: 
   762                              <1> ;           eax = DOS error code (Invalid BPB detected)
   763                              <1> ;       Else:
   764                              <1> ;           eax = BIOS error code
   765                              <1> ;------------------------------------------------------
   766 0000087F 66F745370500        <1>     test word [rbp + drvBlk.wDevFlgs], devFixed | devLockBpb
   767                              <1>     retnz  
    45                              <2> cret nz
    19                              <3> %%_base:
    20                              <3> %assign baseVar %%_base-$$
    21                              <3> 
    22                              <3> 
    23                              <3> 
    24                              <3> 
    25                              <3> 
    26                              <3> 
    27                              <3> 
    28                              <3> 
    29                              <3> 
    30                              <3> 
    31                              <3> 
    32                              <3> 
    33                              <3> 
    34 00000885 7401                <3>  j%-1 short %%a
    35                              <3>  return
    13                              <4> %%_ret:
    14 00000887 C3                  <4>  ret
    15                              <4> %assign retOff %%_ret-$$
    36                              <3> %%a:
    37                              <3> 
   768 00000888 E8AF010000          <1>     call .bbpbReadBS    ;Sets up rbx to point to internal disk buffer
   769                              <1>     retc    ;If an error occured, return ZF=ZE
    57                              <2> cret c
    19                              <3> %%_base:
    20                              <3> %assign baseVar %%_base-$$
    21                              <3> 
    22                              <3> 
    23                              <3> 
    24                              <3> 
    25                              <3> 
    26                              <3> 
    27                              <3> 
    28                              <3> 
    29                              <3> 
    30                              <3> 
    31                              <3> 
    32                              <3> 
    33                              <3> 
    34 0000088D 7301                <3>  j%-1 short %%a
    35                              <3>  return
    13                              <4> %%_ret:
    14 0000088F C3                  <4>  ret
    15                              <4> %assign retOff %%_ret-$$
    36                              <3> %%a:
    37                              <3> 
   770                              <1> ;Check we if we have a valid bootsector.
   771 00000890 803B69              <1>     cmp byte [rbx + oemHeader.jump], 069h       ;Direct jump has no NOP
   772 00000893 7410                <1>     je .ubpbCheckMedOk
   773 00000895 803BE9              <1>     cmp byte [rbx + oemHeader.jump], 0E9h       ;Near jump has no NOP
   774 00000898 740B                <1>     je .ubpbCheckMedOk
   775 0000089A 803BEB              <1>     cmp byte [rbx + oemHeader.jump], 0EBh       ;Short jump has a NOP
   776 0000089D 7555                <1>     jne .ubpbOldDisk
   777 0000089F 807B0290            <1>     cmp byte [rbx + oemHeader.jump + 2], 090h   ;NOP should be here
   778 000008A3 754F                <1>     jne .ubpbOldDisk
   779                              <1> .ubpbCheckMedOk:
   780 000008A5 8A4315              <1>     mov al, byte [rbx + oemHeader_size + bpb.media] ;Get medbyte from BPB
   781 000008A8 E83A000000          <1>     call .checkMedByt   ;Check if it is 0F0h or geq 0F8h
   782 000008AD 7545                <1>     jnz .ubpbOldDisk    ;If it is not, don't trust the BPB. Read the FAT sector
   783                              <1> ;Now we do the pre DOS 3.2 single sided check and kludge.
   784 000008AF A801                <1>     test al, 1  ;Double sided bit set on media byte?
   785 000008B1 0F85B2000000        <1>     jnz .ubpbNormalDisk ;If set, proceed as normal.
   786                              <1> ;Here if we have a "single-sided" formatted media.
   787                              <1> ;Check the OEM string. We filter out SCPDOS disks first.
   788 000008B7 817B0353435044      <1>     cmp dword [rbx + oemHeader.oemString], "SCPD"
   789 000008BE 750C                <1>     jne .ubpbNotSCP
   790 000008C0 66817B074F53        <1>     cmp word [rbx + oemHeader.oemString + 4], "OS"
   791 000008C6 0F849D000000        <1>     je .ubpbNormalDisk
   792                              <1> .ubpbNotSCP:
   793                              <1> ;Now blind check version numbers for 16-bit DOS OEM strings.
   794                              <1> ;Search for DOS 2.0, 3.1 and 3.2. These versions have ID's such that 
   795                              <1> ; the version number starts at position 5.
   796                              <1> ;Usually, these BPBs have MSDOS or IBM<SPC><SPC> or OEM<SPC><SPC>
   797                              <1> ; as the OEM string. OEM stands for any three characters used by an
   798                              <1> ; OEM to identify disks they formatted, follows by "x.y" for a major
   799                              <1> ; and minor version number.
   800                              <1> ;Since we cannot enumerate all the OEM strings and can't guarantee
   801                              <1> ; that they have the bug, we will simply check the version number @
   802                              <1> ; position 5 in the string which seems to have been an unofficial 
   803                              <1> ; standard for placing the version number in the OEM string at the 
   804                              <1> ; time. 
   805                              <1> ;The dot in the check helps "guarantee" the number is a version number 
   806                              <1> ; we are possibly interested in.
   807 000008CC 66817B08332E        <1>     cmp word [rbx + oemHeader.oemString + 5], "3."  ;DOS 3?
   808 000008D2 720A                <1>     jb .ubpbAdjustSPC  ;If below, must be "2." or "1." which has bug. Adjust.
   809 000008D4 807B0A32            <1>     cmp byte [rbx + oemHeader.oemString + 7], "2"   ;DOS 3.2?
   810 000008D8 0F838B000000        <1>     jae .ubpbNormalDisk ;If above or equal 3.2, no need for adjustment.
   811                              <1> .ubpbAdjustSPC:
   812                              <1> ;Here we must be pre 16-bit DOS 3.2. Adjust the BPB in memory to have 
   813                              <1> ; a spc value of 1.
   814 000008DE C6430D01            <1>     mov byte [rbx + oemHeader_size + bpb.secPerClus], 1
   815 000008E2 E982000000          <1>     jmp .ubpbNormalDisk ;Now proceed as a normal disk
   816                              <1> .checkMedByt:
   817                              <1> ;Checks the media byte is of a valid type. Refuse media bytes we don't
   818                              <1> ; recognise as this is a sign of an unhealthy volume.
   819                              <1> ;Accept values 0FFh - 0F8h and 0F0h.
   820                              <1> ;Input: al = Media byte. 
   821                              <1> ;Ouput: ZF=NZ: Bad media byte. ZF=ZE: Ok media byte!
   822 000008E7 3CF0                <1>     cmp al, 0F0h
   823                              <1>     rete
    49                              <2> cret e
    19                              <3> %%_base:
    20                              <3> %assign baseVar %%_base-$$
    21                              <3> 
    22                              <3> 
    23                              <3> 
    24                              <3> 
    25                              <3> 
    26                              <3> 
    27                              <3> 
    28                              <3> 
    29                              <3> 
    30                              <3> 
    31                              <3> 
    32                              <3> 
    33                              <3> 
    34 000008E9 7501                <3>  j%-1 short %%a
    35                              <3>  return
    13                              <4> %%_ret:
    14 000008EB C3                  <4>  ret
    15                              <4> %assign retOff %%_ret-$$
    36                              <3> %%a:
    37                              <3> 
   824 000008EC 3CF8                <1>     cmp al, 0F8h
   825                              <1>     retb
    65                              <2> cret b
    19                              <3> %%_base:
    20                              <3> %assign baseVar %%_base-$$
    21                              <3> 
    22                              <3> 
    23                              <3> 
    24                              <3> 
    25                              <3> 
    26                              <3> 
    27                              <3> 
    28                              <3> 
    29                              <3> 
    30                              <3> 
    31                              <3> 
    32                              <3> 
    33                              <3> 
    34 000008EE 7301                <3>  j%-1 short %%a
    35                              <3>  return
    13                              <4> %%_ret:
    14 000008F0 C3                  <4>  ret
    15                              <4> %assign retOff %%_ret-$$
    36                              <3> %%a:
    37                              <3> 
   826 000008F1 38C0                <1>     cmp al, al  ;Set ZF if greater than F8h
   827                              <1>     return
    13                              <2> %%_ret:
    14 000008F3 C3                  <2>  ret
    15                              <2> %assign retOff %%_ret-$$
   828                              <1> .ubpbOldDisk:
   829                              <1> ;We accept media bytes 0F9h-0FFh now. 0F8h and 0F0h make no sense here.
   830 000008F4 E83D010000          <1>     call .bbpbReadFAT   ;Read the FAT sector now instead
   831                              <1>     retc    ;If an error occured, return ZF=ZE
    57                              <2> cret c
    19                              <3> %%_base:
    20                              <3> %assign baseVar %%_base-$$
    21                              <3> 
    22                              <3> 
    23                              <3> 
    24                              <3> 
    25                              <3> 
    26                              <3> 
    27                              <3> 
    28                              <3> 
    29                              <3> 
    30                              <3> 
    31                              <3> 
    32                              <3> 
    33                              <3> 
    34 000008F9 7301                <3>  j%-1 short %%a
    35                              <3>  return
    13                              <4> %%_ret:
    14 000008FB C3                  <4>  ret
    15                              <4> %assign retOff %%_ret-$$
    36                              <3> %%a:
    37                              <3> 
   832 000008FC 0FB703              <1>     movzx eax, word [rbx]   ;Clear upper bytes
   833 000008FF 25FF0F0000          <1>     and eax, 0FFFh
   834 00000904 3DF90F0000          <1>     cmp eax, 0FF9h    ;Cannot accept less than 0F9h as we dont know how to handle
   835 00000909 7224                <1>     jb .ubpbErr
   836 0000090B 7547                <1>     jne .ubpbOldest ;If not equal to 0F9h, it must be a "normal" disk.
   837                              <1> ;The only way to check which 0F9h we have, is to read the FAT and try to 
   838                              <1> ; find the second FAT, as they are at different "known" sectors. 
   839                              <1> ;First we read sector 4. If we find the 12 bytes 0FFF9h then use the first entry
   840                              <1> ; in the 0F9h table. 
   841                              <1> ;Else, read sector 8. If we find the 12 bytes 0FFF9h there, then use the 
   842                              <1> ; second entry in the 0F9h table.
   843 0000090D 488D1DCE1C0000      <1>     lea rbx, .drvBpbTblF9
   844 00000914 E81C000000          <1>     call .upbpFindF9
   845                              <1>     retc                ;If the sector read failed, exit with ZF=ZE!
    57                              <2> cret c
    19                              <3> %%_base:
    20                              <3> %assign baseVar %%_base-$$
    21                              <3> 
    22                              <3> 
    23                              <3> 
    24                              <3> 
    25                              <3> 
    26                              <3> 
    27                              <3> 
    28                              <3> 
    29                              <3> 
    30                              <3> 
    31                              <3> 
    32                              <3> 
    33                              <3> 
    34 00000919 7301                <3>  j%-1 short %%a
    35                              <3>  return
    13                              <4> %%_ret:
    14 0000091B C3                  <4>  ret
    15                              <4> %assign retOff %%_ret-$$
    36                              <3> %%a:
    37                              <3> 
   846 0000091C 7452                <1>     je .ubpbMoveBpb     ;If second FAT found, proceed with this bpb!
   847 0000091E 4881C319000000      <1>     add rbx, bpb_size   ;Else, goto next entry
   848 00000925 E80B000000          <1>     call .upbpFindF9    ;And try with this BPB
   849                              <1>     retc                ;If the sector read failed, exit with ZF=ZE!
    57                              <2> cret c
    19                              <3> %%_base:
    20                              <3> %assign baseVar %%_base-$$
    21                              <3> 
    22                              <3> 
    23                              <3> 
    24                              <3> 
    25                              <3> 
    26                              <3> 
    27                              <3> 
    28                              <3> 
    29                              <3> 
    30                              <3> 
    31                              <3> 
    32                              <3> 
    33                              <3> 
    34 0000092A 7301                <3>  j%-1 short %%a
    35                              <3>  return
    13                              <4> %%_ret:
    14 0000092C C3                  <4>  ret
    15                              <4> %assign retOff %%_ret-$$
    36                              <3> %%a:
    37                              <3> 
   850 0000092D 7441                <1>     je .ubpbMoveBpb     ;If second FAT found, proceed with this bpb!
   851                              <1> ;Else fall through as we don't know what 0F9h means here.
   852                              <1> .ubpbErr:               
   853                              <1> ;Bad media bytes or BPB go here. Means the media is unknown.
   854 0000092F B007                <1>     mov al, drvBadMed       ;Default to unknown media error code (07h)
   855 00000931 85C0                <1>     test eax, eax           ;Set ZF=NZ so we indicate a DOS error code!
   856 00000933 F9                  <1>     stc                     ;And set CF=CY to always return error!
   857                              <1>     return
    13                              <2> %%_ret:
    14 00000934 C3                  <2>  ret
    15                              <2> %assign retOff %%_ret-$$
   858                              <1> .upbpFindF9:
   859                              <1> ;Reads the supposed start of the second FAT sector to search for a FF9h 
   860                              <1> ;Call with rbx -> Table entry for this drive
   861                              <1> ;Returns:   CF=NC and ZF=ZE: Second boot sector found. Use the bpb in rbx.
   862                              <1> ;           CF=NC and ZF=NZ: Second boot sector not found. Goto next entry.
   863                              <1> ;           CF=CY: Disk read failed.
   864 00000935 0FB74B0B            <1>     movzx ecx, word [rbx + bpb.FATsz16] ;Get number of fat sectors in a FAT
   865 00000939 FFC1                <1>     inc ecx     ;Add one for the reserved sector to get sector !
   866 0000093B 53                  <1>     push rbx
   867 0000093C E8FD000000          <1>     call .bbpbReadEp
   868 00000941 0FB703              <1>     movzx eax, word [rbx]   ;Read the first word
   869 00000944 5B                  <1>     pop rbx
   870                              <1>     retc            ;If an error occured, return ZF=ZE
    57                              <2> cret c
    19                              <3> %%_base:
    20                              <3> %assign baseVar %%_base-$$
    21                              <3> 
    22                              <3> 
    23                              <3> 
    24                              <3> 
    25                              <3> 
    26                              <3> 
    27                              <3> 
    28                              <3> 
    29                              <3> 
    30                              <3> 
    31                              <3> 
    32                              <3> 
    33                              <3> 
    34 00000945 7301                <3>  j%-1 short %%a
    35                              <3>  return
    13                              <4> %%_ret:
    14 00000947 C3                  <4>  ret
    15                              <4> %assign retOff %%_ret-$$
    36                              <3> %%a:
    37                              <3> 
   871 00000948 25FF0F0000          <1>     and eax, 0FFFh  ;Scan off the upper nybble to get low meaningful 12 bytes
   872 0000094D 3DF90F0000          <1>     cmp eax, 0FF9h  ;Is this FF9h as it should be?
   873 00000952 F8                  <1>     clc             ;Since eax can be a random word, force clear CF here.
   874                              <1>     return
    13                              <2> %%_ret:
    14 00000953 C3                  <2>  ret
    15                              <2> %assign retOff %%_ret-$$
   875                              <1> .ubpbOldest:
   876                              <1> ;Here we build a pretend BPB in the sector buffer pointed to by rbx.
   877                              <1> ;This will then be used to build the internal data structure. 
   878 00000954 488D1DF11B0000      <1>     lea rbx, .drvBpbTbl
   879 0000095B 2CFA                <1>     sub al, 0FAh    ;Get the offset into the bpb table
   880 0000095D B919000000          <1>     mov ecx, bpb_size
   881 00000962 F7E1                <1>     mul ecx         ;Get byte offset into the bpb table
   882 00000964 4801C3              <1>     add rbx, rax    ;Point rbx to this bpb in the table
   883 00000967 EB07                <1>     jmp short .ubpbMoveBpb
   884                              <1> .ubpbNormalDisk:
   885 00000969 4881C30B000000      <1>     add rbx, oemHeader_size ;Now point rbx to the BPB itself
   886                              <1> ;Update the drvBlk with info from the BPB.
   887                              <1> ;rbx points to the disk BPB. May be bad so we need to ensure the values 
   888                              <1> ; are ok before updating the msdTbl entry. 
   889                              <1> .ubpbMoveBpb:
   890 00000970 E858000000          <1>     call .getFATType    ;Fat type is given in edx
   891 00000975 72B8                <1>     jc .ubpbErr ;Only happens if crucial BPB fields are zero 
   892 00000977 885533              <1>     mov byte [rbp + drvBlk.bBpbType], dl    ;Save the FAT type
   893                              <1> ;Get the correct length to correctly position rsi over the extended bs struct
   894                              <1> ; if it is present
   895 0000097A B819000000          <1>     mov eax, bpb_size
   896 0000097F B929000000          <1>     mov ecx, bpb32_size - 12    ;BPB32 minus reserved count
   897 00000984 80FA20              <1>     cmp dl, bpbFat32
   898 00000987 0F45C8              <1>     cmovne ecx, eax     ;If not FAT32, replace move count
   899 0000098A 4889DE              <1>     mov rsi, rbx    ;Source from the BPB in disk buffer
   900 0000098D 488D7D0A            <1>     lea rdi, qword [rbp + drvBlk.bpb]
   901 00000991 F3A4                <1>     rep movsb        ;Now copy the BPB over!
   902 00000993 F8                  <1>     clc     ;Ensure if we return here, we return with CF happy :)
   903                              <1>     return
    13                              <2> %%_ret:
    14 00000994 C3                  <2>  ret
    15                              <2> %assign retOff %%_ret-$$
   904                              <1> 
   905                              <1> .moveVolIds:
   906                              <1> ;Now check the BPB for a extBs. If it is present, we copy the information.
   907                              <1> ;Input: rsi -> End of the BPB in sector. rbp -> drvBlk
   908                              <1> ;Output: CF=CY: No volume label in sector found.
   909                              <1> ;        CF=NC: Volume Label in sector found and copied.
   910 00000995 E849080000          <1>     call .clearMediaChange   ;Start by clearing the changed bit if it was set
   911 0000099A 807E0229            <1>     cmp byte [rsi + extBs.bootSig], extBsSig
   912 0000099E 752B                <1>     jne .mviNoSig
   913                              <1> ;Else, now we copy the volume information from the extended bs info block
   914 000009A0 8B4603              <1>     mov eax, dword [rsi + extBs.volId]
   915 000009A3 898580000000        <1>     mov dword [rbp + drvBlk.volId], eax
   916 000009A9 4881C607000000      <1>     add rsi, extBs.volLab
   917 000009B0 488D7D74            <1>     lea rdi, qword [rbp + drvBlk.volLab]
   918 000009B4 B90B000000          <1>     mov ecx, 11 ;Copy the volume label
   919 000009B9 F3A4                <1>     rep movsb   
   920                              <1>     ;rsi now points to the filSysType field in the extBs.
   921                              <1>     ;Move rdi to the filSysType field in the drvBlk.
   922 000009BB 488DBD84000000      <1>     lea rdi, qword [rbp + drvBlk.filSysType]
   923 000009C2 B908000000          <1>     mov ecx, 8  ;Now copy the 8 char string over too
   924 000009C7 F3A4                <1>     rep movsb   
   925                              <1> ;Clear the change bit now
   926 000009C9 F8                  <1>     clc
   927                              <1>     return
    13                              <2> %%_ret:
    14 000009CA C3                  <2>  ret
    15                              <2> %assign retOff %%_ret-$$
   928                              <1> .mviNoSig:
   929 000009CB F9                  <1>     stc
   930                              <1>     return
    13                              <2> %%_ret:
    14 000009CC C3                  <2>  ret
    15                              <2> %assign retOff %%_ret-$$
   931                              <1> 
   932                              <1> .getFATType:
   933                              <1> ;Computes FAT type. Returns bpb flag in edx. rbx -> BPB itself
   934 000009CD 0FB70B              <1>     movzx ecx, word [rbx + bpb.bytsPerSec]
   935 000009D0 E362                <1>     jrcxz .bbpbGFTErr
   936 000009D2 89C8                <1>     mov eax, ecx
   937 000009D4 FFC8                <1>     dec eax
   938 000009D6 0FB75306            <1>     movzx edx, word [rbx + bpb.rootEntCnt]
   939 000009DA C1E205              <1>     shl edx, 5  ;Multiply by 32 (dir entry size)
   940 000009DD 01D0                <1>     add eax, edx
   941 000009DF 31D2                <1>     xor edx, edx
   942 000009E1 F7F1                <1>     div ecx     ;eax = Root Dir sectors
   943 000009E3 50                  <1>     push rax    ;Save Root Dir sectors on the stack
   944 000009E4 0FB7430B            <1>     movzx eax, word [rbx + bpb.FATsz16]
   945 000009E8 8B5319              <1>     mov edx, dword [rbx + bpb32.FATsz32]
   946 000009EB 85C0                <1>     test eax, eax
   947 000009ED 0F44C2              <1>     cmovz eax, edx
   948 000009F0 0FB64B05            <1>     movzx ecx, byte [rbx + bpb.numFATs]
   949 000009F4 F7E1                <1>     mul ecx         ;eax = BPB_NumFATs * FATSz
   950 000009F6 85C0                <1>     test eax, eax   ;If either BPB_NumFATs or FATSz is 0, fail!
   951 000009F8 59                  <1>     pop rcx         ;Get RootDirSectors into ecx
   952 000009F9 7439                <1>     jz .bbpbGFTErr
   953 000009FB 0FB75303            <1>     movzx edx, word [rbx + bpb.revdSecCnt]
   954 000009FF 01C1                <1>     add ecx, eax    ;ecx = (BPB_NumFATs * FATSz) + RootDirSectors
   955 00000A01 01D1                <1>     add ecx, edx    ;ecx = (BPB_ResvdSecCnt + ecx)
   956 00000A03 0FB74308            <1>     movzx eax, word [rbx + bpb.totSec16]
   957 00000A07 8B5315              <1>     mov edx, dword [rbx + bpb32.totSec32]
   958 00000A0A 85C0                <1>     test eax, eax
   959 00000A0C 0F44C2              <1>     cmovz eax, edx  ;eax = Totsec
   960 00000A0F 29C8                <1>     sub eax, ecx    ;Datasec [eax] = eax - ecx
   961 00000A11 0FB64B02            <1>     movzx ecx, byte [rbx + bpb.secPerClus]
   962 00000A15 E31D                <1>     jrcxz .bbpbGFTErr
   963 00000A17 31D2                <1>     xor edx, edx
   964 00000A19 F7F1                <1>     div ecx         ;eax = CountofClusters = DataSec / BPB_SecPerClus;
   965 00000A1B BA10000000          <1>     mov edx, bpbFat12
   966 00000A20 3DF50F0000          <1>     cmp eax, fat12MaxClustCnt
   967 00000A25 720B                <1>     jb .bbpbGFTExit
   968 00000A27 D1E2                <1>     shl edx, 1  ;Move bit into FAT32 position
   969 00000A29 3DF5FF0000          <1>     cmp eax, fat16MaxClustCnt
   970 00000A2E 7302                <1>     jnb .bbpbGFTExit   ;If above or equal, its in FAT32
   971 00000A30 D1E2                <1>     shl edx, 1  ;Else move into FAT16 position
   972                              <1> .bbpbGFTExit:
   973 00000A32 F8                  <1>     clc
   974                              <1>     return
    13                              <2> %%_ret:
    14 00000A33 C3                  <2>  ret
    15                              <2> %assign retOff %%_ret-$$
   975                              <1> .bbpbGFTErr:
   976 00000A34 F9                  <1>     stc
   977                              <1>     return
    13                              <2> %%_ret:
    14 00000A35 C3                  <2>  ret
    15                              <2> %assign retOff %%_ret-$$
   978                              <1> 
   979                              <1> .bbpbReadFAT:
   980                              <1> ;Reads the first FAT sector of media we are playing with.
   981 00000A36 31C9                <1>     xor ecx, ecx
   982 00000A38 FFC1                <1>     inc ecx         ;Read Sector 1...
   983                              <1> ;~~~~~~~~~~~~~~~~DEBUG~~~~~~~~~~~~~~~~
   984                              <1> %if drvDbg
   985                              <1>     push rsi
   986                              <1>     lea rsi, .bbpbDbgReadFatStr
   987                              <1>     call dbgPrintString
   988                              <1>     pop rsi
   989                              <1> %endif
   990                              <1> ;~~~~~~~~~~~~~~~~~~~~~~~~~~~~~~~~~~~~~
   991 00000A3A EB02                <1>     jmp short .bbpbReadEp
   992                              <1> .bbpbReadBS:
   993                              <1> ;Reads the bootsector of media we are playing with.
   994                              <1> ;If an error occurs, returns CF=CY and ZF=ZE with AH=BIOS error code
   995 00000A3C 31C9                <1>     xor ecx, ecx    ;Read Sector 0...
   996                              <1> ;~~~~~~~~~~~~~~~~DEBUG~~~~~~~~~~~~~~~~
   997                              <1> %if drvDbg
   998                              <1>     push rsi
   999                              <1>     lea rsi, .bbpbDbgReadBSStr
  1000                              <1>     call dbgPrintString
  1001                              <1>     pop rsi
  1002                              <1> %endif
  1003                              <1> ;~~~~~~~~~~~~~~~~~~~~~~~~~~~~~~~~~~~~~
  1004                              <1> .bbpbReadEp:
  1005 00000A3E 034D1B              <1>     add ecx, dword [rbp + drvBlk.dHiddSec]
  1006 00000A41 0FB65508            <1>     movzx edx, byte [rbp + drvBlk.bBIOSNum]
  1007 00000A45 488D1D000B0000      <1>     lea rbx, .inBuffer  ;Use the in sector buffer. Ensure ownership.
  1008 00000A4C BE05000000          <1>     mov esi, 5
  1009                              <1> .bbpbReadLp:
  1010 00000A51 B801820000          <1>     mov eax, 8201h  ;LBA Read function (read 1 sector)
  1011 00000A56 E8C2080000          <1>     call .callI33h
  1012                              <1> %if drvDbg
  1013                              <1>     jnc .bbpbDbgReadExit
  1014                              <1> %else
  1015 00000A5B 0F83E3000000        <1>     jnc .bioExit    ;Exit setting up the time and .bLastDsk to this drive
  1016                              <1> %endif
  1017                              <1> ;Here if an error. AH has the BIOS error code. Return with
  1018                              <1> ; ZF=ZE to indicate we are returning a BIOS code!
  1019                              <1> ;Reset the drive.
  1020 00000A61 E80B010000          <1>     call .bioReset  ;Resets .bLastDsk to -1
  1021 00000A66 FFCE                <1>     dec esi
  1022 00000A68 75E7                <1>     jnz .bbpbReadLp
  1023                              <1> ;~~~~~~~~~~~~~~~~DEBUG~~~~~~~~~~~~~~~~
  1024                              <1> %if drvDbg
  1025                              <1>     push rsi
  1026                              <1>     lea rsi, .bbpbDbgReadBadStr
  1027                              <1>     call dbgPrintString
  1028                              <1>     pop rsi
  1029                              <1> %endif
  1030                              <1> ;~~~~~~~~~~~~~~~~~~~~~~~~~~~~~~~~~~~~~
  1031 00000A6A F9                  <1>     stc             ;Now set up the carry flag!
  1032                              <1>     return          ; and exit CF=CY and ZF=ZE
    13                              <2> %%_ret:
    14 00000A6B C3                  <2>  ret
    15                              <2> %assign retOff %%_ret-$$
  1033                              <1> ;~~~~~~~~~~~~~~~~DEBUG~~~~~~~~~~~~~~~~
  1034                              <1> %if drvDbg
  1035                              <1> .bbpbDbgReadExit:
  1036                              <1>     push rsi
  1037                              <1>     lea rsi, .bbpbDbgReadOkStr
  1038                              <1>     call dbgPrintString
  1039                              <1>     pop rsi
  1040                              <1>     jmp .bioExit
  1041                              <1> 
  1042                              <1> .bbpbDbgReadFatStr db "[DRIVER] Reading FAT Sector",0Ah,0Dh,0
  1043                              <1> .bbpbDbgReadBSStr db "[DRIVER] Reading Boot Sector",0Ah,0Dh,0
  1044                              <1> .bbpbDbgReadOkStr db "[DRIVER] Read OK",0Ah,0Dh,0
  1045                              <1> .bbpbDbgReadBadStr db "[DRIVER] Read Bad",0Ah,0Dh,0
  1046                              <1> %endif
  1047                              <1> ;~~~~~~~~~~~~~~~~~~~~~~~~~~~~~~~~~~~~~
  1048                              <1> 
  1049                              <1> .read:              ;Function 4
  1050                              <1> ;Will read one sector at a time.
  1051 00000A6C E83A080000          <1>     call .ioSetVolLbl
  1052 00000A71 E87B070000          <1>     call .setDrvOwner
  1053 00000A76 E8F3060000          <1>     call .checkSwap 
  1054 00000A7B 7252                <1>     jc .ioDoErr
  1055 00000A7D E86F000000          <1>     call .bioSetupRegs
  1056                              <1>     retz
    41                              <2> cret z
    19                              <3> %%_base:
    20                              <3> %assign baseVar %%_base-$$
    21                              <3> 
    22                              <3> 
    23                              <3> 
    24                              <3> 
    25                              <3> 
    26                              <3> 
    27                              <3> 
    28                              <3> 
    29                              <3> 
    30                              <3> 
    31                              <3> 
    32                              <3> 
    33                              <3> 
    34 00000A82 7501                <3>  j%-1 short %%a
    35                              <3>  return
    13                              <4> %%_ret:
    14 00000A84 C3                  <4>  ret
    15                              <4> %assign retOff %%_ret-$$
    36                              <3> %%a:
    37                              <3> 
  1057                              <1> .msdr0:
  1058 00000A85 B682                <1>     mov dh, 82h  ;LBA Read function
  1059 00000A87 E891000000          <1>     call .blkIO
  1060 00000A8C 7241                <1>     jc .ioDoErr
  1061 00000A8E E84C000000          <1>     call .ioAdv
  1062 00000A93 75F0                <1>     jne .msdr0
  1063                              <1>     return
    13                              <2> %%_ret:
    14 00000A95 C3                  <2>  ret
    15                              <2> %assign retOff %%_ret-$$
  1064                              <1> 
  1065                              <1> .write:             ;Function 8/9
  1066                              <1> ;Will write and optionally verify one sector at a time.
  1067                              <1> ;~~~~~~~~~~~~~~~~DEBUG~~~~~~~~~~~~~~~~
  1068                              <1> %if wpDbg
  1069                              <1>     mov eax, drvWPErr
  1070                              <1>     jmp .errorExit
  1071                              <1> %endif
  1072                              <1> ;~~~~~~~~~~~~~~~~~~~~~~~~~~~~~~~~~~~~~
  1073 00000A96 E810080000          <1>     call .ioSetVolLbl
  1074 00000A9B E851070000          <1>     call .setDrvOwner
  1075 00000AA0 E8C9060000          <1>     call .checkSwap 
  1076 00000AA5 7228                <1>     jc .ioDoErr
  1077 00000AA7 E845000000          <1>     call .bioSetupRegs
  1078                              <1>     retz
    41                              <2> cret z
    19                              <3> %%_base:
    20                              <3> %assign baseVar %%_base-$$
    21                              <3> 
    22                              <3> 
    23                              <3> 
    24                              <3> 
    25                              <3> 
    26                              <3> 
    27                              <3> 
    28                              <3> 
    29                              <3> 
    30                              <3> 
    31                              <3> 
    32                              <3> 
    33                              <3> 
    34 00000AAC 7501                <3>  j%-1 short %%a
    35                              <3>  return
    13                              <4> %%_ret:
    14 00000AAE C3                  <4>  ret
    15                              <4> %assign retOff %%_ret-$$
    36                              <3> %%a:
    37                              <3> 
  1079                              <1> .msdw0:
  1080 00000AAF B683                <1>     mov dh, 83h ;LBA Write Sectors
  1081 00000AB1 E867000000          <1>     call .blkIO
  1082 00000AB6 7217                <1>     jc .ioDoErr
  1083 00000AB8 807F0209            <1>     cmp byte [rdi + ioReqPkt.cmdcde], drvWRITEVERIFY
  1084 00000ABC 7509                <1>     jne .msdw1
  1085 00000ABE B684                <1>     mov dh, 84h ;LBA Verify Sectors
  1086 00000AC0 E858000000          <1>     call .blkIO
  1087 00000AC5 7208                <1>     jc .ioDoErr
  1088                              <1> .msdw1:
  1089 00000AC7 E813000000          <1>     call .ioAdv
  1090 00000ACC 75E1                <1>     jne .msdw0
  1091                              <1>     return
    13                              <2> %%_ret:
    14 00000ACE C3                  <2>  ret
    15                              <2> %assign retOff %%_ret-$$
  1092                              <1> .ioDoErr:
  1093                              <1> ;Come here if after an error in block IO handler.
  1094                              <1> ;If ZF=ZE, disk error occured, the error needs translation so do it.
  1095                              <1> ;Else just return the error code in al
  1096 00000ACF 0F84ADFBFFFF        <1>     jz .errorXlat
  1097 00000AD5 E93CFCFFFF          <1>     jmp .errorExit
  1098                              <1> 
  1099                              <1> .ioAdvIOCTL:
  1100                              <1> ;Increments the count of sectors transferred in LBA IOCTL operations
  1101                              <1> ;Input/Output: As below except for rdi -> lbaFormatBlock (or lbaIOBlock)
  1102                              <1> ;               Remember, lbaIOBlock is a superset of lbaFormatBlock 
  1103 00000ADA FE4701              <1>     inc byte [rdi + lbaIOBlock.numSectors]
  1104 00000ADD EB03                <1>     jmp short .ioAdvCmn
  1105                              <1> .ioAdv:
  1106                              <1> ;Increments the count of sectors transferred in normal read/writes
  1107                              <1> ;Input/Output: As below except for rdi -> ioReqPkt only
  1108 00000ADF FF4716              <1>     inc dword [rdi + ioReqPkt.tfrlen]    ;One more sector xfred ok!
  1109                              <1> .ioAdvCmn:
  1110                              <1> ;Advances the buffers on successful IO.
  1111                              <1> ;If returns ZF=ZE, we have completed all the IO for the request.
  1112                              <1> ;Input: 
  1113                              <1> ;       rbx -> Where we just IO'ed to
  1114                              <1> ;       rcx = LBA sector we just xfred
  1115                              <1> ;       dh  = BIOS function number
  1116                              <1> ;       dl  = BIOS drive number
  1117                              <1> ;       rdi -> ioReqPkt / lbaFormatBlock / lbaIOBlock
  1118                              <1> ;       rbp -> drvBlk
  1119                              <1> ;       esi = Number of sectors to xfr
  1120                              <1> ;Output:
  1121                              <1> ;       rbx -> Where to IO next sector to/from
  1122                              <1> ;       rcx = LBA of next sector to xfer
  1123                              <1> ;       dh  = BIOS function number
  1124                              <1> ;       dl  = BIOS drive number
  1125                              <1> ;       rdi -> ioReqPkt / lbaFormatBlock / lbaIOBlock
  1126                              <1> ;       rbp -> drvBlk
  1127                              <1> ;       esi = Sectors left to xfr.
  1128                              <1> ;       ZF=ZE if esi is 0. Else ZF=NZ.
  1129 00000AE2 50                  <1>     push rax
  1130 00000AE3 48FFC1              <1>     inc rcx     ;Goto next sector
  1131 00000AE6 0FB7450A            <1>     movzx eax, word [rbp + drvBlk.wBpS] 
  1132 00000AEA 4801C3              <1>     add rbx, rax  ;Advance the buffer pointer by 1 sector
  1133 00000AED FFCE                <1>     dec esi     ;Once this hits 0, we stop the xfr
  1134 00000AEF 58                  <1>     pop rax
  1135                              <1>     return
    13                              <2> %%_ret:
    14 00000AF0 C3                  <2>  ret
    15                              <2> %assign retOff %%_ret-$$
  1136                              <1> 
  1137                              <1> .bioSetupRegs:
  1138                              <1> ;Sets up sector to read and buffer ptr for block IO call.
  1139                              <1> ;If returns ZF=ZE then xfr 0 sectors, exit immediately
  1140                              <1> ;Input: rbp -> drvBlk
  1141                              <1> ;Output: rdi -> ioReqPkt
  1142                              <1> ;        rbp -> drvBlk
  1143                              <1> ;        rbx -> Transfer buffer
  1144                              <1> ;        rcx = Sector to transfer
  1145                              <1> ;        dl  = BIOS Drive number
  1146                              <1> ;        dword [rdi + ioReqPkt.tfrlen] set to 0
  1147                              <1> ;        esi = Number of sectors to transfer
  1148                              <1> ;        ZF=ZE if esi is 0. Else ZF=NZ.
  1149 00000AF1 488B3D(98010000)    <1>     mov rdi, qword [reqPktPtr]  ;Get ioreqpktptr in rdi
  1150 00000AF8 8B4D1B              <1>     mov ecx, dword [rbp + drvBlk.dHiddSec]  ;Goto start of volume
  1151 00000AFB 48034F1A            <1>     add rcx, qword [rdi + ioReqPkt.strtsc]  ;Get sector in volume
  1152 00000AFF 488B5F0E            <1>     mov rbx, qword [rdi + ioReqPkt.bufptr]  ;Get Memory Buffer
  1153 00000B03 0FB65508            <1>     movzx edx, byte [rbp + drvBlk.bBIOSNum] ;Get BIOS drive number
  1154 00000B07 31F6                <1>     xor esi, esi   ;Setup esi to 0 to init tfrlen to 0
  1155 00000B09 877716              <1>     xchg esi, dword [rdi + ioReqPkt.tfrlen]  ;Get the tfrlen into esi
  1156 00000B0C 85F6                <1>     test esi, esi   ;If esi is still 0, avoid doing IO
  1157                              <1>     return
    13                              <2> %%_ret:
    14 00000B0E C3                  <2>  ret
    15                              <2> %assign retOff %%_ret-$$
  1158                              <1> 
  1159                              <1> .blkIODirect:    ;Does block IO without sanity checking the sector number
  1160                              <1> ;All registers as below!
  1161 00000B0F 66F745370002        <1>     test word [rbp + drvBlk.wDevFlgs], devUnFmt
  1162 00000B15 0F858F000000        <1>     jnz .bioUfmted
  1163 00000B1B EB11                <1>     jmp short .biocmn
  1164                              <1> .blkIO:  ;Does block IO for one sector
  1165                              <1> ;Sector count handled by caller.
  1166                              <1> ;All registers marked as input registers must be preserved across the call
  1167                              <1> ; except ah
  1168                              <1> ;Input: ah = BIOS function number
  1169                              <1> ;       rdi -> ioReqPkt             (Normal Read/Write only)
  1170                              <1> ;       rbp -> drvBlk
  1171                              <1> ;       rbx -> Transfer buffer
  1172                              <1> ;       rcx = LBA sector to transfer
  1173                              <1> ;       dh  = BIOS function number
  1174                              <1> ;       dl  = BIOS drive number
  1175                              <1> ;       esi = Sectors left to xfr!  (Normal Read/Write only)
  1176                              <1> ;Output: CF=NC: esi number of sectors xferred.
  1177                              <1> ;        CF=CY: An error ocured. 
  1178                              <1> ;           ZF=NZ: Non-disk error, return the DOS error code in eax
  1179                              <1> ;           ZF=ZE: Disk error, xlat BIOS error code in ah
  1180 00000B1D 66F745370002        <1>     test word [rbp + drvBlk.wDevFlgs], devUnFmt
  1181 00000B23 0F8581000000        <1>     jnz .bioUfmted
  1182 00000B29 E854000000          <1>     call .bioSanity ;Sanity check ecx here
  1183                              <1> .biocmn:
  1184 00000B2E 56                  <1>     push rsi    ;Save sector count
  1185 00000B2F BE05000000          <1>     mov esi, 5  ;Retry counter five times
  1186                              <1> .biolp:
  1187 00000B34 B001                <1>     mov al, 01h ;Do one sector
  1188 00000B36 88F4                <1>     mov ah, dh  ;Get the function number into its proper place
  1189 00000B38 E8E0070000          <1>     call .callI33h  ;Preserves all passed regs except eax. eax trashed
  1190 00000B3D 7221                <1>     jc .bioError
  1191 00000B3F 3C01                <1>     cmp al, 1   ;Did we do one sector?
  1192 00000B41 7515                <1>     jne .bioNoIO    ;No, try again without calling BIOS error handling
  1193 00000B43 5E                  <1>     pop rsi ;Rebalance stack
  1194                              <1> .bioExit:
  1195 00000B44 8815FF080000        <1>     mov byte [.bLastDsk], dl    ;Last DOS disk accessed
  1196 00000B4A E886060000          <1>     call .checkDevFixed
  1197                              <1>     retnz
    45                              <2> cret nz
    19                              <3> %%_base:
    20                              <3> %assign baseVar %%_base-$$
    21                              <3> 
    22                              <3> 
    23                              <3> 
    24                              <3> 
    25                              <3> 
    26                              <3> 
    27                              <3> 
    28                              <3> 
    29                              <3> 
    30                              <3> 
    31                              <3> 
    32                              <3> 
    33                              <3> 
    34 00000B4F 7401                <3>  j%-1 short %%a
    35                              <3>  return
    13                              <4> %%_ret:
    14 00000B51 C3                  <4>  ret
    15                              <4> %assign retOff %%_ret-$$
    36                              <3> %%a:
    37                              <3> 
  1198                              <1> ;Below routine saves the registers it trashes
  1199 00000B52 E87F070000          <1>     call .setTime   ;Set the current time and clear state for successful IO
  1200                              <1>     return
    13                              <2> %%_ret:
    14 00000B57 C3                  <2>  ret
    15                              <2> %assign retOff %%_ret-$$
  1201                              <1> .bioNoIO:
  1202 00000B58 FFCE                <1>     dec esi ;Decrement the retry counter
  1203 00000B5A 75D8                <1>     jnz .biolp  ;and try again if we still have retries to do
  1204 00000B5C 5E                  <1>     pop rsi ;Now rebalance the stack
  1205                              <1> ;Here we return as if our request was successful but we set esi to zero
  1206                              <1> ; to stop IO processing as the operation isn't reading/writing the sector
  1207                              <1> ; for no erroring reason (should never actually happen as the sanity check 
  1208                              <1> ; should handle this case but _just in case_ ).
  1209 00000B5D 31F6                <1>     xor esi, esi
  1210                              <1>     return
    13                              <2> %%_ret:
    14 00000B5F C3                  <2>  ret
    15                              <2> %assign retOff %%_ret-$$
  1211                              <1> .bioError:
  1212                              <1> ;Jumped to with ah = BIOS error code
  1213 00000B60 E8BB050000          <1>     call .checkSwapIO
  1214                              <1> ;Reset the drive. WARNING: CRASHES BOCHS. Does E9h check. 
  1215 00000B65 E807000000          <1>     call .bioReset  ;Resets .bLastDsk to -1
  1216 00000B6A FFCE                <1>     dec esi
  1217 00000B6C 75C6                <1>     jnz .biolp
  1218 00000B6E 5E                  <1>     pop rsi ;Pop the sector count off the stack
  1219                              <1>     ;ZF=ZE set now as esi counted down
  1220 00000B6F F9                  <1>     stc
  1221                              <1>     return
    13                              <2> %%_ret:
    14 00000B70 C3                  <2>  ret
    15                              <2> %assign retOff %%_ret-$$
  1222                              <1> .bioReset:
  1223                              <1> ;Resets the drive system for the drive in dl
  1224 00000B71 50                  <1>     push rax
  1225                              <1>     ;in al, 0E9h ;Catches if we are in BOCHS and avoids issuing a buggy reset
  1226                              <1>     ;cmp al, 0E9h
  1227                              <1>     ;je .bioResetSkip
  1228 00000B72 31C0                <1>     xor eax, eax    ;Do reset
  1229 00000B74 E8A4070000          <1>     call .callI33h  ;Ignore any errors
  1230                              <1> .bioResetSkip:
  1231 00000B79 C605C9080000FF      <1>     mov byte [.bLastDsk], -1    ;Reset the last disk accessed
  1232 00000B80 58                  <1>     pop rax
  1233                              <1>     return
    13                              <2> %%_ret:
    14 00000B81 C3                  <2>  ret
    15                              <2> %assign retOff %%_ret-$$
  1234                              <1> .bioSanity:
  1235                              <1> ;Input: ecx = Sector we will transact on. rbp -> DrvBlk
  1236                              <1> ;Output: CF=NC, sector ok to xact on
  1237                              <1> ;        CF=CY, doesnt return, fails the call. ZF=ZE always (have DOS code)
  1238                              <1> ;        If the sector fails check, we return from the top level with ZF=ZE
  1239                              <1> ;           to indicate a DOS error code in eax.
  1240 00000B82 A9FF000000          <1>     test eax, 0FFh  ;If the bottom byte is set, it is a IOCTL call.
  1241                              <1>     retnz           ;BIOS checks these for us as IOCTL bypasses partitions.
    45                              <2> cret nz
    19                              <3> %%_base:
    20                              <3> %assign baseVar %%_base-$$
    21                              <3> 
    22                              <3> 
    23                              <3> 
    24                              <3> 
    25                              <3> 
    26                              <3> 
    27                              <3> 
    28                              <3> 
    29                              <3> 
    30                              <3> 
    31                              <3> 
    32                              <3> 
    33                              <3> 
    34 00000B87 7401                <3>  j%-1 short %%a
    35                              <3>  return
    13                              <4> %%_ret:
    14 00000B89 C3                  <4>  ret
    15                              <4> %assign retOff %%_ret-$$
    36                              <3> %%a:
    37                              <3> 
  1242 00000B8A 50                  <1>     push rax
  1243 00000B8B 53                  <1>     push rbx
  1244 00000B8C 0FB74512            <1>     movzx eax, word [rbp + drvBlk.wTotSec16]
  1245 00000B90 8B5D1F              <1>     mov ebx, dword [rbp + drvBlk.dTotSec32] 
  1246 00000B93 85C0                <1>     test eax, eax
  1247 00000B95 0F44C3              <1>     cmovz eax, ebx  ;The 32 bit count is valid only if 16 bit count is 0
  1248 00000B98 39C1                <1>     cmp ecx, eax    ;This will set CF iff ecx < eax. If eax >= ecx CF=NC.
  1249 00000B9A 5B                  <1>     pop rbx
  1250 00000B9B 58                  <1>     pop rax
  1251 00000B9C F5                  <1>     cmc             ;Flip CF from CY to NC if ok and NC to CY if not
  1252                              <1>     retnc
    61                              <2> cret nc
    19                              <3> %%_base:
    20                              <3> %assign baseVar %%_base-$$
    21                              <3> 
    22                              <3> 
    23                              <3> 
    24                              <3> 
    25                              <3> 
    26                              <3> 
    27                              <3> 
    28                              <3> 
    29                              <3> 
    30                              <3> 
    31                              <3> 
    32                              <3> 
    33                              <3> 
    34 00000B9D 7201                <3>  j%-1 short %%a
    35                              <3>  return
    13                              <4> %%_ret:
    14 00000B9F C3                  <4>  ret
    15                              <4> %assign retOff %%_ret-$$
    36                              <3> %%a:
    37                              <3> 
  1253                              <1> ;Now pops the return from the sanity call and falls.
  1254 00000BA0 58                  <1>     pop rax ;Return from block IO with error code in eax below
  1255 00000BA1 B808000000          <1>     mov eax, drvSecNotFnd
  1256                              <1> .bioNoDiskErr:
  1257 00000BA6 85C0                <1>     test eax, eax   ;Clear ZF
  1258 00000BA8 F9                  <1>     stc
  1259                              <1>     return
    13                              <2> %%_ret:
    14 00000BA9 C3                  <2>  ret
    15                              <2> %assign retOff %%_ret-$$
  1260                              <1> .bioUfmted:
  1261                              <1> ;Returns the DOS error code bad media to caller. 
  1262                              <1> ;Returns CF=CY and ZF=ZE (with eax = DOS error code)
  1263 00000BAA B807000000          <1>     mov eax, drvBadMed
  1264 00000BAF EBF5                <1>     jmp short .bioNoDiskErr
  1265                              <1> 
  1266                              <1> .devOpen:         ;Function 13
  1267 00000BB1 E818060000          <1>     call .checkHasChangeline
  1268                              <1>     retz    ;Only modify the open and closed counts is a changeline present!
    41                              <2> cret z
    19                              <3> %%_base:
    20                              <3> %assign baseVar %%_base-$$
    21                              <3> 
    22                              <3> 
    23                              <3> 
    24                              <3> 
    25                              <3> 
    26                              <3> 
    27                              <3> 
    28                              <3> 
    29                              <3> 
    30                              <3> 
    31                              <3> 
    32                              <3> 
    33                              <3> 
    34 00000BB6 7501                <3>  j%-1 short %%a
    35                              <3>  return
    13                              <4> %%_ret:
    14 00000BB8 C3                  <4>  ret
    15                              <4> %assign retOff %%_ret-$$
    36                              <3> %%a:
    37                              <3> 
  1269 00000BB9 66817D34FFFF        <1>     cmp word [rbp + drvBlk.wOpenCnt], -1
  1270                              <1>     rete  ;Inc past -1 does nothing!
    49                              <2> cret e
    19                              <3> %%_base:
    20                              <3> %assign baseVar %%_base-$$
    21                              <3> 
    22                              <3> 
    23                              <3> 
    24                              <3> 
    25                              <3> 
    26                              <3> 
    27                              <3> 
    28                              <3> 
    29                              <3> 
    30                              <3> 
    31                              <3> 
    32                              <3> 
    33                              <3> 
    34 00000BBF 7501                <3>  j%-1 short %%a
    35                              <3>  return
    13                              <4> %%_ret:
    14 00000BC1 C3                  <4>  ret
    15                              <4> %assign retOff %%_ret-$$
    36                              <3> %%a:
    37                              <3> 
  1271 00000BC2 66FF4534            <1>     inc word [rbp + drvBlk.wOpenCnt]
  1272                              <1>     return
    13                              <2> %%_ret:
    14 00000BC6 C3                  <2>  ret
    15                              <2> %assign retOff %%_ret-$$
  1273                              <1> .devClose:        ;Function 14
  1274 00000BC7 E802060000          <1>     call .checkHasChangeline
  1275                              <1>     retz
    41                              <2> cret z
    19                              <3> %%_base:
    20                              <3> %assign baseVar %%_base-$$
    21                              <3> 
    22                              <3> 
    23                              <3> 
    24                              <3> 
    25                              <3> 
    26                              <3> 
    27                              <3> 
    28                              <3> 
    29                              <3> 
    30                              <3> 
    31                              <3> 
    32                              <3> 
    33                              <3> 
    34 00000BCC 7501                <3>  j%-1 short %%a
    35                              <3>  return
    13                              <4> %%_ret:
    14 00000BCE C3                  <4>  ret
    15                              <4> %assign retOff %%_ret-$$
    36                              <3> %%a:
    37                              <3> 
  1276 00000BCF 66817D340000        <1>     cmp word [rbp + drvBlk.wOpenCnt], 0
  1277                              <1>     rete    ;Dec past zero does nothing
    49                              <2> cret e
    19                              <3> %%_base:
    20                              <3> %assign baseVar %%_base-$$
    21                              <3> 
    22                              <3> 
    23                              <3> 
    24                              <3> 
    25                              <3> 
    26                              <3> 
    27                              <3> 
    28                              <3> 
    29                              <3> 
    30                              <3> 
    31                              <3> 
    32                              <3> 
    33                              <3> 
    34 00000BD5 7501                <3>  j%-1 short %%a
    35                              <3>  return
    13                              <4> %%_ret:
    14 00000BD7 C3                  <4>  ret
    15                              <4> %assign retOff %%_ret-$$
    36                              <3> %%a:
    37                              <3> 
  1278 00000BD8 66FF4D34            <1>     dec word [rbp + drvBlk.wOpenCnt]
  1279                              <1>     return
    13                              <2> %%_ret:
    14 00000BDC C3                  <2>  ret
    15                              <2> %assign retOff %%_ret-$$
  1280                              <1> .remMed:  ;Function 15
  1281                              <1> ;Sets busy bit if fixed drive!
  1282 00000BDD E8F3050000          <1>     call .checkDevFixed ;Is it fixed?
  1283                              <1>     retz
    41                              <2> cret z
    19                              <3> %%_base:
    20                              <3> %assign baseVar %%_base-$$
    21                              <3> 
    22                              <3> 
    23                              <3> 
    24                              <3> 
    25                              <3> 
    26                              <3> 
    27                              <3> 
    28                              <3> 
    29                              <3> 
    30                              <3> 
    31                              <3> 
    32                              <3> 
    33                              <3> 
    34 00000BE2 7501                <3>  j%-1 short %%a
    35                              <3>  return
    13                              <4> %%_ret:
    14 00000BE4 C3                  <4>  ret
    15                              <4> %assign retOff %%_ret-$$
    36                              <3> %%a:
    37                              <3> 
  1284 00000BE5 66C743030002        <1>     mov word [rbx + remMediaReqPkt.status], drvBsyStatus
  1285                              <1>     return
    13                              <2> %%_ret:
    14 00000BEB C3                  <2>  ret
    15                              <2> %assign retOff %%_ret-$$
  1286                              <1> 
  1287                              <1> .IOCTL:    ;Function 19
  1288                              <1> ;Implements LBA versions of the CHS functions by setting the high bit
  1289                              <1> ; in the minor code.
  1290 00000BEC B803000000          <1>     mov eax, drvBadCmd
  1291 00000BF1 0FB74B0D            <1>     movzx ecx, word [rbx + ioctlReqPkt.majfun]  ;Get CH and CL in one read
  1292 00000BF5 80FD08              <1>     cmp ch, 08h     ;Disk Drive Major Code?
  1293 00000BF8 0F8518FBFFFF        <1>     jne .errorExit  ;If not, exit bad
  1294                              <1> ;Disk Drive IOCTL here
  1295 00000BFE F6C118              <1>     test cl, 18h    ;If either bits 3 or 4 set, fail the call
  1296 00000C01 0F850FFBFFFF        <1>     jnz .errorExit
  1297 00000C07 F6C160              <1>     test cl, 60h    ;One of these two bits MUST be set (bits 5 and 6)
  1298 00000C0A 0F8406FBFFFF        <1>     jz .errorExit
  1299 00000C10 0FB6D1              <1>     movzx edx, cl
  1300 00000C13 81E207FFFFFF        <1>     and edx, ~0F8h   ;Clear bits 3-7 to get table offset
  1301 00000C19 488D3D21000000      <1>     lea rdi, .ioctlTbl
  1302 00000C20 57                  <1>     push rdi
  1303 00000C21 488D3C97            <1>     lea rdi, qword [rdi + 4*rdx]
  1304 00000C25 F6C120              <1>     test cl, 20h
  1305 00000C28 7407                <1>     jz .ioctlNoRead
  1306 00000C2A 4881C702000000      <1>     add rdi, 2  ;If we are doing the read function, goto the next instruction
  1307                              <1> .ioctlNoRead:
  1308 00000C31 0FB717              <1>     movzx edx, word [rdi]   ;Read the word offset
  1309 00000C34 5F                  <1>     pop rdi
  1310 00000C35 4801D7              <1>     add rdi, rdx    ;Add the table base
  1311 00000C38 488B531F            <1>     mov rdx, qword [rbx + ioctlReqPkt.ctlptr]
  1312 00000C3C F6C180              <1>     test cl, 80h    ;Now set the flag for if CHS (ZF=ZE) or LBA (ZF=NZ)
  1313 00000C3F FFE7                <1>     jmp rdi ;And enter the function with the ptr to the ctrl block in rdx
  1314                              <1> .ioctlTbl:
  1315                              <1> ;Note: For the CHS IO functions, we translate the CHS requests into LBA
  1316                              <1> ; requests and then recycle the LBA request code. We do this using the 
  1317                              <1> ; track table. If the sector size of any table entry is neq the 
  1318                              <1> ; device sector size, we fail the request. This is because these requests
  1319                              <1> ; work on a track by track basis.
  1320 00000C41 4300                <1>     dw .ioSetDevParams - .ioctlTbl  ;CL = 40h or CL = C0h, Write IOCTL
  1321 00000C43 5301                <1>     dw .ioGetDevParams - .ioctlTbl  ;CL = 60h or CL = E0h, Read IOCTL
  1322 00000C45 4F02                <1>     dw .ioWrite - .ioctlTbl         ;CL = 41h or CL = C1h, Write IOCTL
  1323 00000C47 7902                <1>     dw .ioRead - .ioctlTbl          ;CL = 61h or CL = E1h, Read IOCTL
  1324 00000C49 8602                <1>     dw .ioFormat - .ioctlTbl        ;CL = 42h or CL = C2h, Write IOCTL
  1325 00000C4B B502                <1>     dw .ioVerify - .ioctlTbl        ;CL = 62h or CL = E2h, Read IOCTL
  1326 00000C4D 2500                <1>     dw .iobadCmd - .ioctlTbl        ;CL = 43h or CL = C3h, error
  1327 00000C4F 2500                <1>     dw .iobadCmd - .ioctlTbl        ;CL = 63h or CL = E3h, error
  1328 00000C51 2500                <1>     dw .iobadCmd - .ioctlTbl        ;CL = 44h or CL = C4h, error
  1329 00000C53 2500                <1>     dw .iobadCmd - .ioctlTbl        ;CL = 64h or CL = E4h, error
  1330 00000C55 2500                <1>     dw .iobadCmd - .ioctlTbl        ;CL = 45h or CL = C5h, error
  1331 00000C57 2500                <1>     dw .iobadCmd - .ioctlTbl        ;CL = 65h or CL = E5h, error
  1332 00000C59 4F03                <1>     dw .ioSetIds - .ioctlTbl        ;CL = 46h or CL = C6h, Set vol Ids
  1333 00000C5B 9B03                <1>     dw .ioGetIds - .ioctlTbl        ;CL = 66h or CL = E6h, Get vol Ids
  1334 00000C5D 2D04                <1>     dw .ioSetAccessFlag - .ioctlTbl ;CL = 47h or CL = C7h, Write IOCTL
  1335 00000C5F 4104                <1>     dw .ioGetAccessFlag - .ioctlTbl ;CL = 67h or CL = E7h, Read IOCTL
  1336                              <1> .ioctlQTbl:
  1337                              <1> ;Table of Read functions for IOCTL query. We homogenise the minor code 
  1338                              <1> ; value into a CHS level read request and then search for it (by clearing
  1339                              <1> ; bits 7 and 5 from the byte, both optionally set bits).
  1340                              <1> ;If we add a new function, add it to this table pls :)
  1341 00000C61 4041424647          <1>     db 40h, 41h, 42h, 46h, 47h
  1342                              <1> ioctlQTblL equ $ - .ioctlQTbl
  1343                              <1> .iobadCmd:
  1344 00000C66 B803000000          <1>     mov eax, drvBadCmd
  1345 00000C6B E9A6FAFFFF          <1>     jmp .errorExit
  1346                              <1> .iobadCmdLen:
  1347 00000C70 B805000000          <1>     mov eax, drvBadDrvReq
  1348 00000C75 E99CFAFFFF          <1>     jmp .errorExit
  1349                              <1> .iobadMed:
  1350 00000C7A B807000000          <1>     mov eax, drvBadMed
  1351 00000C7F E992FAFFFF          <1>     jmp .errorExit
  1352                              <1> ;---------------------------------------------------------------------------
  1353                              <1> ;               Set Device parameters in CHS and LBA here
  1354                              <1> ;---------------------------------------------------------------------------
  1355                              <1> .ioSetDevParams:
  1356                              <1>     ;breakpoint
  1357 00000C84 9C                  <1>     pushfq
  1358                              <1> ;If the parameters are swapped, set the flags and indicate the media 
  1359                              <1> ; was swapped (even if not).
  1360 00000C85 66814D374001        <1>     or word [rbp + drvBlk.wDevFlgs], devNewParms | devChgd
  1361 00000C8B 9D                  <1>     popfq
  1362 00000C8C 0F85D3000000        <1>     jnz .lbaSetParams
  1363                              <1> ;Here we set CHS params. 
  1364                              <1> ;Before we trust the table, we check that indeed
  1365                              <1> ; no sector index is past the max sector count and that if the caller
  1366                              <1> ; claimed that all the sectors are of the same size, they really are.   
  1367                              <1> 
  1368                              <1> ;TEMP: IF THE INCOMING PACKET DOES NOT REPORT ALL SECTORS OF A TRACK 
  1369                              <1> ;      AS BEING OF THE SAME SIZE, WE FAIL THE REQUEST!
  1370 00000C92 F60204              <1>     test byte [rdx + chsParamsBlock.bSpecFuncs], specFuncSec
  1371 00000C95 0F8476FAFFFF        <1>     jz .genErrExit
  1372                              <1> ;END TEMP 
  1373                              <1> ;Now we set the sector size bit.
  1374 00000C9B 66816537F7FF        <1>     and word [rbp + drvBlk.wDevFlgs], ~devSameSec    ;Clear bit first
  1375 00000CA1 F60204              <1>     test byte [rdx + chsParamsBlock.bSpecFuncs], specFuncSec
  1376 00000CA4 7406                <1>     jz .iosdpNoSetTrackBit
  1377 00000CA6 66814D370800        <1>     or word [rbp + drvBlk.wDevFlgs], devSameSec
  1378                              <1> .iosdpNoSetTrackBit:
  1379                              <1> ;Start by copying the table directly as sector numbers may be purposefully
  1380                              <1> ; interleaved. NO SORTING!! 
  1381                              <1> ;------------------------- NOTE -------------------------
  1382                              <1> ;For now we don't use the track table for anything as our 
  1383                              <1> ; removable devices MUST all have all sectors on a 
  1384                              <1> ; ``track'' with the same size. This information is 
  1385                              <1> ; superfluous and effectively undocumented to keep it 
  1386                              <1> ; just to us. We will likely remove this logic.
  1387                              <1> ;--------------------------------------------------------
  1388 00000CAC 488D723C            <1>     lea rsi, qword [rdx + chsParamsBlock.TrackLayout]
  1389 00000CB0 31C0                <1>     xor eax, eax
  1390 00000CB2 66AD                <1>     lodsw           ;Get the new table length word and adv rsi to table itsef
  1391 00000CB4 0FB7C8              <1>     movzx ecx, ax
  1392 00000CB7 67E331              <1>     jecxz .iosdpTrkDone ;If ecx is zero, there is no table and we ignore it!
  1393 00000CBA 81F93F000000        <1>     cmp ecx, maxTrackTblSz
  1394 00000CC0 0F874BFAFFFF        <1>     ja .genErrExit
  1395 00000CC6 488D3D7D070000      <1>     lea rdi, .ioTrackTbl    
  1396 00000CCD 31C0                <1>     xor eax, eax
  1397                              <1> .iosdpTrkLp:
  1398 00000CCF 48FFC7              <1>     inc rdi ;Go past "track" number
  1399 00000CD2 48FFC7              <1>     inc rdi ;Go past "head" number
  1400 00000CD5 66AD                <1>     lodsw   ;Get the sector number (a byte)
  1401 00000CD7 50                  <1>     push rax
  1402 00000CD8 66AD                <1>     lodsw   ;Get the sector size
  1403 00000CDA E866000000          <1>     call .iosdpSetTblEntry  ;Return in al the sector code
  1404 00000CDF 5B                  <1>     pop rbx
  1405 00000CE0 C1E308              <1>     shl ebx, 8  ;Move low byte high
  1406 00000CE3 09D8                <1>     or eax, ebx
  1407 00000CE5 66AB                <1>     stosw   ;Store this packed word
  1408 00000CE7 FFC9                <1>     dec ecx
  1409 00000CE9 75E4                <1>     jnz .iosdpTrkLp
  1410                              <1> .iosdpTrkDone:
  1411 00000CEB F60202              <1>     test byte [rdx + chsParamsBlock.bSpecFuncs], specFuncTrk    ;Just tracks?
  1412                              <1>     retnz   ;Return if bit set!
    45                              <2> cret nz
    19                              <3> %%_base:
    20                              <3> %assign baseVar %%_base-$$
    21                              <3> 
    22                              <3> 
    23                              <3> 
    24                              <3> 
    25                              <3> 
    26                              <3> 
    27                              <3> 
    28                              <3> 
    29                              <3> 
    30                              <3> 
    31                              <3> 
    32                              <3> 
    33                              <3> 
    34 00000CEE 7401                <3>  j%-1 short %%a
    35                              <3>  return
    13                              <4> %%_ret:
    14 00000CF0 C3                  <4>  ret
    15                              <4> %assign retOff %%_ret-$$
    36                              <3> %%a:
    37                              <3> 
  1413                              <1> ;Now we update the rest of the disk metadata.
  1414                              <1> ;Now copy the rest of the bytes and return
  1415 00000CF1 0FB74202            <1>     movzx eax, word [rdx + chsParamsBlock.wDevFlgs]
  1416 00000CF5 2503000000          <1>     and eax, devFixed | devChgLine  ;Keep only these two bits
  1417 00000CFA 66816537FCFF        <1>     and word [rbp + drvBlk.wDevFlgs], ~(devFixed | devChgLine)   ;Clear em
  1418 00000D00 66094537            <1>     or word [rbp + drvBlk.wDevFlgs], ax  ;Add those two bits as set
  1419 00000D04 0FB64201            <1>     movzx eax, byte [rdx + chsParamsBlock.bDevType]
  1420 00000D08 884536              <1>     mov byte [rbp + drvBlk.bDevType], al
  1421 00000D0B 66814D378000        <1>     or word [rbp + drvBlk.wDevFlgs], devSetDASD 
  1422 00000D11 0FB74204            <1>     movzx eax, word [rdx + chsParamsBlock.wNumCyl]
  1423 00000D15 66894539            <1>     mov word [rbp + drvBlk.wNumCyl], ax
  1424                              <1> ;Finally, here we do the BPB magic.
  1425                              <1> ;
  1426                              <1> ;The logic here is that in a format operation, we first update the driver 
  1427                              <1> ; devBlk bpb fields with the new format and set the devLockBpb flag. 
  1428                              <1> ; This is so the bpb isn't updated from the disk when a disk operation is 
  1429                              <1> ; enacted and that the parameters we passed in this call are what are
  1430                              <1> ; reported to DOS whilst the bootsector hasn't been synchronised with 
  1431                              <1> ; the disk.
  1432                              <1> ;
  1433                              <1> ;We then write the bootsector with the new bpb to disk, thus synchronising
  1434                              <1> ; the new bpb parameter block with what is on disk.
  1435                              <1> ;
  1436                              <1> ;Then we call this again, this time, to clear the locking flag as the disk
  1437                              <1> ; is now sychronised with the accurate bpb. We also here can get rid of 
  1438                              <1> ; the old backup bpb and so the second call will replace the backup
  1439                              <1> ; with whatever we pass it (ideally, the same bpb).
  1440                              <1> ;
  1441                              <1> ;This procedure protects us from accidentally making the drive unusable if
  1442                              <1> ; we somehow fail to write the BPB by having updated the drvBlk. The 
  1443                              <1> ; protection occurs by allowing us to restore the backup bpb as the devBlk 
  1444                              <1> ; bpb if the disk synchronisation of the new parameters failed.
  1445 00000D19 F60201              <1>     test byte [rdx + chsParamsBlock.bSpecFuncs], specFuncBPB
  1446 00000D1C 7511                <1>     jnz .iosdpSetBPB    ;If bit set, lock the bpb
  1447                              <1> ;Else we update the backup bpb and unlock the main bpb
  1448 00000D1E 488D7D3B            <1>     lea rdi, qword [rbp + drvBlk.sBkupBPB]
  1449 00000D22 B935000000          <1>     mov ecx, bpb32_size
  1450 00000D27 66816537FBFF        <1>     and word [rbp + drvBlk.wDevFlgs], ~devLockBpb   ;Now allow update bpb 
  1451 00000D2D EB0F                <1>     jmp short .iosdpCopy
  1452                              <1> .iosdpSetBPB:
  1453 00000D2F 488D7D0A            <1>     lea rdi, qword [rbp + drvBlk.bpb]   ;Default to the normal BPB in drvblk
  1454 00000D33 B929000000          <1>     mov ecx, drvBlkBpb_size
  1455 00000D38 66814D370400        <1>     or word [rbp + drvBlk.wDevFlgs], devLockBpb ;Lock the BPB now
  1456                              <1> .iosdpCopy:
  1457 00000D3E 488D7207            <1>     lea rsi, qword [rdx + chsParamsBlock.deviceBPB]
  1458 00000D42 F3A4                <1>     rep movsb
  1459                              <1>     return
    13                              <2> %%_ret:
    14 00000D44 C3                  <2>  ret
    15                              <2> %assign retOff %%_ret-$$
  1460                              <1> .iosdpSetTblEntry:
  1461                              <1> ;Input: eax = A number between 128 and 4096. If not, adjusted to.
  1462                              <1> ; 128  = 0080h -> 0
  1463                              <1> ; 256  = 0100h -> 1
  1464                              <1> ; 512  = 0200h -> 2
  1465                              <1> ; 1024 = 0400h -> 3
  1466                              <1> ; 4096 = 1000h -> 5
  1467                              <1> ;Output: eax = Code [0 = 128 ... 5 = 4096]
  1468 00000D45 C1E808              <1>     shr eax, 8  ;Shift the upper word down
  1469 00000D48 3D02000000          <1>     cmp eax, 2  
  1470                              <1>     retb
    65                              <2> cret b
    19                              <3> %%_base:
    20                              <3> %assign baseVar %%_base-$$
    21                              <3> 
    22                              <3> 
    23                              <3> 
    24                              <3> 
    25                              <3> 
    26                              <3> 
    27                              <3> 
    28                              <3> 
    29                              <3> 
    30                              <3> 
    31                              <3> 
    32                              <3> 
    33                              <3> 
    34 00000D4D 7301                <3>  j%-1 short %%a
    35                              <3>  return
    13                              <4> %%_ret:
    14 00000D4F C3                  <4>  ret
    15                              <4> %assign retOff %%_ret-$$
    36                              <3> %%a:
    37                              <3> 
  1471 00000D50 53                  <1>     push rbx
  1472 00000D51 3D04000000          <1>     cmp eax, 4  ;Was this 1024?
  1473 00000D56 B803000000          <1>     mov eax, 3  ;Set to index if so
  1474 00000D5B BB05000000          <1>     mov ebx, 5  ;Default to 4096 if not
  1475 00000D60 0F45C3              <1>     cmovne eax, ebx
  1476 00000D63 5B                  <1>     pop rbx
  1477                              <1>     return
    13                              <2> %%_ret:
    14 00000D64 C3                  <2>  ret
    15                              <2> %assign retOff %%_ret-$$
  1478                              <1> .lbaSetParams:
  1479                              <1> ;This only sets the sector size and number of sectors in drvBlk.bpb.
  1480                              <1>     ;Set start sector of partition
  1481 00000D65 8B4A18              <1>     mov ecx, dword [rdx + lbaParamsBlock.qStartSector]
  1482 00000D68 894D1B              <1>     mov dword [rbp + drvBlk.dHiddSec], ecx
  1483                              <1>     ;Set sector size
  1484 00000D6B 8B4A08              <1>     mov ecx, dword [rdx + lbaParamsBlock.qSectorSize]
  1485 00000D6E 66894D0A            <1>     mov word [rbp + drvBlk.wBpS], cx
  1486                              <1>     ;Set same device flags as in CHS.
  1487 00000D72 0FB64A02            <1>     movzx ecx, byte [rdx + lbaParamsBlock.wDevFlgs]
  1488 00000D76 6681E10300          <1>     and cx, devFixed | devChgLine
  1489 00000D7B 66094D37            <1>     or word [rbp + drvBlk.wDevFlgs], cx
  1490                              <1>     ;Set sector information.
  1491 00000D7F 8B4A10              <1>     mov ecx, dword [rdx + lbaParamsBlock.qNumSectors]
  1492 00000D82 81F9FFFF0000        <1>     cmp ecx, 0FFFFh
  1493 00000D88 7605                <1>     jna .lbaSetSmall
  1494 00000D8A 894D1F              <1>     mov dword [rbp + drvBlk.dTotSec32], ecx
  1495 00000D8D 31C9                <1>     xor ecx, ecx
  1496                              <1> .lbaSetSmall:
  1497 00000D8F 66894D12            <1>     mov word [rbp + drvBlk.wTotSec16], cx
  1498                              <1>     return
    13                              <2> %%_ret:
    14 00000D93 C3                  <2>  ret
    15                              <2> %assign retOff %%_ret-$$
  1499                              <1> ;---------------------------------------------------------------------------
  1500                              <1> ;               Get Device parameters in CHS and LBA here
  1501                              <1> ;---------------------------------------------------------------------------
  1502                              <1> .ioGetDevParams:
  1503 00000D94 7561                <1>     jnz .lbaGetParams
  1504                              <1> ;Here we get CHS params. 
  1505 00000D96 488D750A            <1>     lea rsi, qword [rbp + drvBlk.bpb]
  1506 00000D9A F60201              <1>     test byte [rdx + chsParamsBlock.bSpecFuncs], specFuncBPB
  1507 00000D9D 751F                <1>     jnz .iogdpBkup  ;If set, return the bpb data as is.
  1508 00000D9F 66F745370100        <1>     test word [rbp + drvBlk.wDevFlgs], devFixed
  1509 00000DA5 7517                <1>     jnz .iogdpBkup  ;If it is fixed, return the BPB as is too
  1510 00000DA7 E8D3FAFFFF          <1>     call .updateBpb ;Else, gets the BPB from the disk.
  1511 00000DAC 0F821DFDFFFF        <1>     jc .ioDoErr ;Errors returned as if from block IO handler
  1512 00000DB2 E8DEFBFFFF          <1>     call .moveVolIds    ;Move the volume ID's into the drvBlk if they exist.
  1513 00000DB7 488D3599070000      <1>     lea rsi, qword [.inBuffer + 11]
  1514                              <1> .iogdpBkup:
  1515                              <1> ;The caller block in memory must have a bpb32_size'ed space for the BPB
  1516                              <1> ; even if it is a FAT16/12 drive. The caller has to assertain the 
  1517                              <1> ; type of BPB it is based information in the common part of the BPB.
  1518 00000DBE 488D7A07            <1>     lea rdi, qword [rdx + chsParamsBlock.deviceBPB]
  1519 00000DC2 B935000000          <1>     mov ecx, bpb32_size
  1520 00000DC7 F3A4                <1>     rep movsb
  1521 00000DC9 B805000000          <1>     mov eax, typeHard
  1522 00000DCE B907000000          <1>     mov ecx, typeGenRem
  1523 00000DD3 F6453701            <1>     test byte [rbp + drvBlk.wDevFlgs], devFixed
  1524 00000DD7 0F44C1              <1>     cmovz eax, ecx  ;eax is set to 7 if the dev is removable
  1525 00000DDA 884201              <1>     mov byte [rdx + chsParamsBlock.bDevType], al
  1526 00000DDD 0FB74537            <1>     movzx eax, word [rbp + drvBlk.wDevFlgs]
  1527 00000DE1 2503000000          <1>     and eax, devFixed | devChgLine
  1528 00000DE6 66894202            <1>     mov word [rdx + chsParamsBlock.wDevFlgs], ax
  1529 00000DEA C6420600            <1>     mov byte [rdx + chsParamsBlock.bMedTyp], 0
  1530 00000DEE 0FB74539            <1>     movzx eax, word [rbp + drvBlk.wNumCyl]
  1531 00000DF2 66894204            <1>     mov word [rdx + chsParamsBlock.wNumCyl], ax
  1532                              <1>     return
    13                              <2> %%_ret:
    14 00000DF6 C3                  <2>  ret
    15                              <2> %assign retOff %%_ret-$$
  1533                              <1> 
  1534                              <1> .lbaGetParams:
  1535                              <1> ;Gets more "updated" information on partitions.
  1536                              <1> ;The data returned will always be the partition maximum! For remdevs
  1537                              <1> ; this means up to the whole media size and for fixed disks we are still 
  1538                              <1> ; restricted to the partition size.
  1539 00000DF7 B805000000          <1>     mov eax, drvBadDrvReq
  1540 00000DFC 803A20              <1>     cmp byte [rdx + lbaParamsBlock.bSize], lbaParamsBlock_size
  1541 00000DFF 0F8511F9FFFF        <1>     jne .errorExit
  1542 00000E05 4889D7              <1>     mov rdi, rdx    ;Store the params block ptr in rdi
  1543 00000E08 807F0102            <1>     cmp byte [rdi + lbaParamsBlock.bSpecFuncs], 2   ;Check get phys call.
  1544 00000E0C 0F8704F9FFFF        <1>     ja .errorExit   ;If above 2, error with bad request!
  1545 00000E12 7425                <1>     je .lgpbpbGetPhys
  1546 00000E14 F6470101            <1>     test byte [rdi + lbaParamsBlock.bSpecFuncs], 1  ;Check if we update BPB.
  1547 00000E18 7539                <1>     jnz .lgpbpbok
  1548 00000E1A 66F745370100        <1>     test word [rbp + drvBlk.wDevFlgs], devFixed
  1549 00000E20 7531                <1>     jnz .lgpbpbok  ;If it is fixed, return the BPB as is too
  1550 00000E22 57                  <1>     push rdi    ;Push the param block onto the stack
  1551 00000E23 E857FAFFFF          <1>     call .updateBpb
  1552 00000E28 7208                <1>     jc .lgpbpbnotok ;Even if just bad BPB, keep changed bit on!
  1553 00000E2A E866FBFFFF          <1>     call .moveVolIds    ;Move the volume ID's into the drvBlk if they exist.
  1554 00000E2F 5F                  <1>     pop rdi     ;Pop param block
  1555 00000E30 EB21                <1>     jmp short .lgpbpbok
  1556                              <1> .lgpbpbnotok:
  1557                              <1> ;If no valid BPB found, and the device removable, return BIOS params for the 
  1558                              <1> ; whole device. We never come here for fixed disks as updateBpb always passes.
  1559 00000E32 5F                  <1>     pop rdi
  1560 00000E33 0F8449F8FFFF        <1>     jz .errorXlat   ;If update returned CF=CY and ZF=ZE, xlat the BIOS code
  1561                              <1> ;We only fall here if on an unformatted removable disk.
  1562                              <1> ;Unformatted means with an unrecognisable BPB.
  1563                              <1> .lgpbpbGetPhys:
  1564 00000E39 0FB65508            <1>     movzx edx, byte [rbp + drvBlk.bBIOSNum]
  1565 00000E3D B800880000          <1>     mov eax, 8800h  ;Read LBA Device Parameters
  1566 00000E42 CD33                <1>     int 33h         ;Need a naked call as params returned in regs!
  1567 00000E44 0F8238F8FFFF        <1>     jc .errorXlat
  1568 00000E4A 48FFC1              <1>     inc rcx         ;Turn into an absolute count of sectors
  1569 00000E4D 31D2                <1>     xor edx, edx    ;0 Hidden sectors on remdevs/unformatted media
  1570                              <1> ;eax = 0 since either not formatted or values may not be ok for CHS calls
  1571 00000E4F 89D0                <1>     mov eax, edx     
  1572 00000E51 EB1F                <1>     jmp short .lgpStor
  1573                              <1> .lgpbpbok:
  1574 00000E53 31C0                <1>     xor eax, eax
  1575 00000E55 89C3                <1>     mov ebx, eax
  1576 00000E57 FFC3                <1>     inc ebx
  1577                              <1> ;Here eax=0 and ebx=1.
  1578 00000E59 F6450FFF            <1>     test byte [rbp + drvBlk.bNumFAT], -1    ;If 0 FATs, the FAT is invalid!
  1579 00000E5D 0F45C3              <1>     cmovnz eax, ebx                         ;Set if we have a FAT
  1580 00000E60 8B551B              <1>     mov edx, dword [rbp + drvBlk.dHiddSec]
  1581 00000E63 0FB75D0A            <1>     movzx ebx, word [rbp + drvBlk.wBpS]
  1582 00000E67 0FB74D12            <1>     movzx ecx, word [rbp + drvBlk.wTotSec16]
  1583 00000E6B 85C9                <1>     test ecx, ecx
  1584 00000E6D 7503                <1>     jnz .lgpStor
  1585 00000E6F 8B4D1F              <1>     mov ecx, dword [rbp + drvBlk.dTotSec32]
  1586                              <1> .lgpStor:
  1587                              <1> ;Enter with:
  1588                              <1> ;ax = 0 if unformatted, 1 if any FAT type (means can call CHS function)
  1589                              <1> ;rbx = Sector size in bytes
  1590                              <1> ;rcx = Last LBA block address + 1 (Count of sectors)
  1591                              <1> ;rdx = Hidden sectors
  1592 00000E72 66894704            <1>     mov word [rdi + lbaParamsBlock.wFSType], ax
  1593 00000E76 48895F08            <1>     mov qword [rdi + lbaParamsBlock.qSectorSize], rbx
  1594 00000E7A 48894F10            <1>     mov qword [rdi + lbaParamsBlock.qNumSectors], rcx
  1595 00000E7E 48895718            <1>     mov qword [rdi + lbaParamsBlock.qStartSector], rdx
  1596 00000E82 0FB74537            <1>     movzx eax, word [rbp + drvBlk.wDevFlgs]
  1597 00000E86 2503000000          <1>     and eax, devFixed | devChgLine
  1598 00000E8B 66894702            <1>     mov word [rdi + lbaParamsBlock.wDevFlgs], ax
  1599                              <1>     return 
    13                              <2> %%_ret:
    14 00000E8F C3                  <2>  ret
    15                              <2> %assign retOff %%_ret-$$
  1600                              <1> ;---------------------------------------------------------------------------
  1601                              <1> ;                    CHS IO requests are structured here
  1602                              <1> ;---------------------------------------------------------------------------
  1603                              <1> .ioWrite:
  1604 00000E90 0F85C2000000        <1>     jnz .lbaWrite
  1605                              <1> ;Here for CHS write tracks. 
  1606 00000E96 BB00830000          <1>     mov ebx, 8300h  ;Write sectors
  1607                              <1> .iochsRW:
  1608 00000E9B E876000000          <1>     call .ioChsToLba
  1609 00000EA0 E85A000000          <1>     call .ioChsSanity
  1610 00000EA5 0FB74705            <1>     movzx eax, word [rdi + chsIOBlock.wStartSector]
  1611 00000EA9 01C1                <1>     add ecx, eax    ;Add the zero based sector number to start of "track"
  1612 00000EAB 0FB77707            <1>     movzx esi, word [rdi + chsIOBlock.wNumSectors]  ;How many sectors to IO on
  1613                              <1> .iochsCmn:
  1614 00000EAF 89D8                <1>     mov eax, ebx    ;Move the function number to eax
  1615 00000EB1 488B5F09            <1>     mov rbx, qword [rdi + chsIOBlock.pXferBuffer]   ;And get buffer ptr in rbx
  1616 00000EB5 E9BE000000          <1>     jmp .ioEp
  1617                              <1> .ioRead:
  1618 00000EBA 0F8591000000        <1>     jnz .lbaRead
  1619                              <1> ;Here for CHS read tracks.
  1620 00000EC0 BB00820000          <1>     mov ebx, 8200h  ;Read sectors
  1621 00000EC5 EBD4                <1>     jmp short .iochsRW
  1622                              <1> .ioFormat:
  1623                              <1> ;DASD TEMP DASD TEMP DASD TEMP DASD TEMP DASD TEMP DASD TEMP DASD TEMP 
  1624                              <1> ;
  1625                              <1> ;We start by setting DASD parameters but for now we do nothing so just
  1626                              <1> ; clear the flag.
  1627 00000EC7 9C                  <1>     pushfq
  1628 00000EC8 668165377FFF        <1>     and word [rbp + drvBlk.wDevFlgs], ~devSetDASD
  1629 00000ECE 9D                  <1>     popfq
  1630                              <1> ;DASD TEMP DASD TEMP DASD TEMP DASD TEMP DASD TEMP DASD TEMP DASD TEMP 
  1631 00000ECF 7576                <1>     jnz .lbaFmt
  1632                              <1> ;Here for CHS format track.
  1633 00000ED1 BB00850000          <1>     mov ebx, 8500h  ;Format sectors
  1634 00000ED6 F60201              <1>     test byte [rdx + chsFormatBlock.bSpecFuncs], 1  ;If this bit clear do format
  1635 00000ED9 7404                <1>     jz .iochsFmtCmn
  1636                              <1> ;Else we should respond if the sector table is valid. Since our BIOS is crap
  1637                              <1> ; we always return OK and let the format call fail. This would possibly be
  1638                              <1> ; dangerous but its not since the BIOS CHS emulation is very meh.
  1639 00000EDB C60200              <1>     mov byte [rdx + chsFormatBlock.bSpecFuncs], 0   ;All ok!
  1640                              <1>     return
    13                              <2> %%_ret:
    14 00000EDE C3                  <2>  ret
    15                              <2> %assign retOff %%_ret-$$
  1641                              <1> .iochsFmtCmn:
  1642 00000EDF E832000000          <1>     call .ioChsToLba    ;Get the LBA of the first sector of the track in ecx
  1643 00000EE4 0FB77517            <1>     movzx esi, word [rbp + drvBlk.wSecPerTrk]   ;Fmt/Verify this many sectors
  1644 00000EE8 89D8                <1>     mov eax, ebx    ;Move the function number to eax
  1645 00000EEA 488D1D59050000      <1>     lea rbx, .ioTrackTbl    ;rbx is meaningless for verify so its ok.
  1646 00000EF1 E982000000          <1>     jmp .ioEp
  1647                              <1> .ioVerify:
  1648 00000EF6 7548                <1>     jnz .lbaVerify
  1649                              <1> ;Here for CHS verify track.
  1650 00000EF8 BB00840000          <1>     mov ebx, 8400h
  1651 00000EFD EBE0                <1>     jmp short .iochsFmtCmn
  1652                              <1> 
  1653                              <1> .ioChsSanity:
  1654                              <1> ;Checks that the read/write will be on one track and makes sense.
  1655                              <1> ;Input: ebx = BIOS function to call. Preserved.
  1656                              <1> ;       ecx = LBA of start sector.
  1657                              <1> ;       rdi -> chsIOBlock
  1658                              <1> ;       rbp -> Drive block ptr
  1659 00000EFF 0FB74705            <1>     movzx eax, word [rdi + chsIOBlock.wStartSector] ;Zero based
  1660 00000F03 FFC0                <1>     inc eax         ;Make it 1 based for the comparison
  1661 00000F05 66034707            <1>     add ax, word [rdi + chsIOBlock.wNumSectors]
  1662 00000F09 663B4517            <1>     cmp ax, word [rbp + drvBlk.wSecPerTrk]  ;Does this surpass num sect/trck?
  1663                              <1>     retna
    77                              <2> cret na
    19                              <3> %%_base:
    20                              <3> %assign baseVar %%_base-$$
    21                              <3> 
    22                              <3> 
    23                              <3> 
    24                              <3> 
    25                              <3> 
    26                              <3> 
    27                              <3> 
    28                              <3> 
    29                              <3> 
    30                              <3> 
    31                              <3> 
    32                              <3> 
    33                              <3> 
    34 00000F0D 7701                <3>  j%-1 short %%a
    35                              <3>  return
    13                              <4> %%_ret:
    14 00000F0F C3                  <4>  ret
    15                              <4> %assign retOff %%_ret-$$
    36                              <3> %%a:
    37                              <3> 
  1664                              <1> .ioctlerr:
  1665 00000F10 5B                  <1>     pop rbx ;Pop the ret addr off the stack and tail to the bad media
  1666 00000F11 E964FDFFFF          <1>     jmp .iobadMed
  1667                              <1> .ioChsToLba:
  1668                              <1> ;Gets the first sector of the track selected by this call.
  1669                              <1> ;Works with the values set in the bpb of drvBlk which isn't ideal...
  1670                              <1> ;LBA = (( C x HPC ) + H ) x SPT + S - 1
  1671                              <1> ;Input: ebx = BIOS Function to call. Preserved.
  1672                              <1> ;Output: ecx = eax = LBA address for the first sector of the track
  1673                              <1> ;        rdi -> chsFormatBlock or IOBlock
  1674 00000F16 4889D7              <1>     mov rdi, rdx
  1675 00000F19 0FB74519            <1>     movzx eax, word [rbp + drvBlk.wNumHeads]
  1676 00000F1D 0FB74F03            <1>     movzx ecx, word [rdi + chsFormatBlock.wStartCyl]
  1677 00000F21 663B4D39            <1>     cmp cx, word [rbp + drvBlk.wNumCyl]
  1678 00000F25 73E9                <1>     jae .ioctlerr
  1679 00000F27 FFC1                <1>     inc ecx ;Inc as we get it as a zero based number
  1680 00000F29 F7E1                <1>     mul ecx
  1681 00000F2B 0FB74F01            <1>     movzx ecx, word [rdi + chsFormatBlock.wStartHead]
  1682 00000F2F 663B4D19            <1>     cmp cx, word [rbp + drvBlk.wNumHeads]
  1683 00000F33 73DB                <1>     jae .ioctlerr 
  1684 00000F35 01C8                <1>     add eax, ecx
  1685 00000F37 0FB74D17            <1>     movzx ecx, word [rbp + drvBlk.wSecPerTrk]
  1686 00000F3B F7E1                <1>     mul ecx
  1687 00000F3D 89C1                <1>     mov ecx, eax
  1688                              <1>     return
    13                              <2> %%_ret:
    14 00000F3F C3                  <2>  ret
    15                              <2> %assign retOff %%_ret-$$
  1689                              <1> ;---------------------------------------------------------------------------
  1690                              <1> ;                    LBA IO requests are structured here
  1691                              <1> ;---------------------------------------------------------------------------
  1692                              <1> .lbaVerify:
  1693 00000F40 B800840000          <1>     mov eax, 8400h  ;Verify sectors
  1694 00000F45 EB05                <1>     jmp short .lbaFmtCmn
  1695                              <1> .lbaFmt:
  1696 00000F47 B800850000          <1>     mov eax, 8500h  ;Format sectors
  1697                              <1> .lbaFmtCmn:
  1698 00000F4C 803A10              <1>     cmp byte [rdx + lbaIOBlock.size], lbaFormatBlock_size
  1699 00000F4F EB13                <1>     jmp short .lbaCmn
  1700                              <1> .lbaRead:
  1701 00000F51 B800820000          <1>     mov eax, 8200h  ;Read sectors
  1702 00000F56 EB05                <1>     jmp short .lbaRWCmn
  1703                              <1> .lbaWrite:
  1704 00000F58 B800830000          <1>     mov eax, 8300h  ;Write sectors
  1705                              <1> .lbaRWCmn:
  1706 00000F5D 488B5A10            <1>     mov rbx, qword [rdx + lbaIOBlock.xferBuffer]
  1707 00000F61 803A18              <1>     cmp byte [rdx + lbaIOBlock.size], lbaIOBlock_size
  1708                              <1> .lbaCmn:
  1709 00000F64 0F8506FDFFFF        <1>     jne .iobadCmdLen
  1710                              <1> ;Setup the vars for block IO
  1711 00000F6A 4889D7              <1>     mov rdi, rdx
  1712                              <1> ;Formally numSectors is a byte and will only be treated as a byte but
  1713                              <1> ; we reserve the following three bytes for future updates to allow
  1714                              <1> ; up to a dword of contiguous sectors to be written in one go.
  1715 00000F6D 31F6                <1>     xor esi, esi
  1716 00000F6F 877701              <1>     xchg esi, dword [rdi + lbaFormatBlock.numSectors]
  1717 00000F72 8B4F08              <1>     mov ecx, dword [rdi + lbaFormatBlock.startSector]
  1718 00000F75 034D1B              <1>     add ecx, dword [rbp + drvBlk.dHiddSec]  ;Point to sector in partition
  1719                              <1> .ioEp:
  1720 00000F78 89C2                <1>     mov edx, eax    ;Move the function number into dh (and zero dl)
  1721 00000F7A 8A5508              <1>     mov dl, byte [rbp + drvBlk.bBIOSNum]    ;Get BIOS number for device
  1722                              <1> .ioLp:
  1723 00000F7D E88DFBFFFF          <1>     call .blkIODirect
  1724 00000F82 0F8247FBFFFF        <1>     jc .ioDoErr
  1725 00000F88 E84DFBFFFF          <1>     call .ioAdvIOCTL
  1726 00000F8D 75EE                <1>     jnz .ioLp
  1727                              <1>     return
    13                              <2> %%_ret:
    14 00000F8F C3                  <2>  ret
    15                              <2> %assign retOff %%_ret-$$
  1728                              <1> ;---------------------------------------------------------------------------
  1729                              <1> 
  1730                              <1> ;---------------------------------------------------------------------------
  1731                              <1> ;                           Misc GENIO routines 
  1732                              <1> ;---------------------------------------------------------------------------
  1733                              <1> .ioSetIds:
  1734                              <1> ;We get the BS from the disk, write the new metadata and write it
  1735                              <1> ; back to the disk. If the BS is not extended, we error exit with
  1736                              <1> ; unknown media error.
  1737                              <1> ;Input: rbp -> drvBlk
  1738                              <1> ;       rdx -> idParamBlk to set from
  1739 00000F90 52                  <1>     push rdx    ;Save the ptr to the parameter block
  1740 00000F91 E860000000          <1>     call .ioGetSetSetup ;Return rbx -> Extended Bootsector structure
  1741 00000F96 5A                  <1>     pop rdx
  1742                              <1>     retc    ;If CF=CY, just return. Error info has been setup already
    57                              <2> cret c
    19                              <3> %%_base:
    20                              <3> %assign baseVar %%_base-$$
    21                              <3> 
    22                              <3> 
    23                              <3> 
    24                              <3> 
    25                              <3> 
    26                              <3> 
    27                              <3> 
    28                              <3> 
    29                              <3> 
    30                              <3> 
    31                              <3> 
    32                              <3> 
    33                              <3> 
    34 00000F97 7301                <3>  j%-1 short %%a
    35                              <3>  return
    13                              <4> %%_ret:
    14 00000F99 C3                  <4>  ret
    15                              <4> %assign retOff %%_ret-$$
    36                              <3> %%a:
    37                              <3> 
  1743                              <1> ;Now we setup the info in the BS we just read and write the BS back.
  1744                              <1> ;rbx points to the extBS structure
  1745 00000F9A B917000000          <1>     mov ecx, 4+11+8 ;Lengths of ID, Label and FS string 
  1746 00000F9F 488D7202            <1>     lea rsi, qword [rdx + idParamBlk.volId]
  1747 00000FA3 488D7B03            <1>     lea rdi, qword [rbx + extBs.volId]
  1748 00000FA7 F3A4                <1>     rep movsb
  1749                              <1> ;Now write the bootsector back
  1750 00000FA9 31C9                <1>     xor ecx, ecx    ;Write Sector 0...
  1751 00000FAB 034D1B              <1>     add ecx, dword [rbp + drvBlk.dHiddSec]
  1752 00000FAE 0FB65508            <1>     movzx edx, byte [rbp + drvBlk.bBIOSNum]
  1753 00000FB2 488D1D93050000      <1>     lea rbx, .inBuffer  ;Use the in sector buffer.
  1754 00000FB9 BE05000000          <1>     mov esi, 5
  1755                              <1> .iosidLp:
  1756 00000FBE B801830000          <1>     mov eax, 8301h  ;LBA Write function (write 1 sector)
  1757 00000FC3 E855030000          <1>     call .callI33h
  1758 00000FC8 0F8376FBFFFF        <1>     jnc .bioExit   ;Setup the last access time and disk and return to caller
  1759                              <1> ;Here if an error. AH has the BIOS error code. Return with
  1760                              <1> ; ZF=ZE to indicate we are returning a BIOS code!
  1761 00000FCE E89EFBFFFF          <1>     call .bioReset  ;Reset the drive. Saves error code in ah
  1762 00000FD3 FFCE                <1>     dec esi
  1763 00000FD5 75E7                <1>     jnz .iosidLp
  1764                              <1> ;Exit by translating BIOS error to DOS error and putting it in the reqpkt.
  1765                              <1> ; We return to the caller directly. The rest call sets the last drive to -1.
  1766                              <1> ; Dont update time fields.
  1767 00000FD7 E9A6F6FFFF          <1>     jmp .errorXlat 
  1768                              <1> 
  1769                              <1> .ioGetIds:
  1770                              <1> ;We get the BS from the disk and populate the field from the BS.
  1771                              <1> ;Input: rbp -> drvBlk
  1772                              <1> ;       rdx -> idParamBlk to set from
  1773 00000FDC 52                  <1>     push rdx    ;Save the ptr to the parameter block
  1774 00000FDD E814000000          <1>     call .ioGetSetSetup ;Return rbx -> Extended Bootsector structure
  1775 00000FE2 5A                  <1>     pop rdx
  1776                              <1>     retc    ;If CF=CY, just return. Error info has been setup already
    57                              <2> cret c
    19                              <3> %%_base:
    20                              <3> %assign baseVar %%_base-$$
    21                              <3> 
    22                              <3> 
    23                              <3> 
    24                              <3> 
    25                              <3> 
    26                              <3> 
    27                              <3> 
    28                              <3> 
    29                              <3> 
    30                              <3> 
    31                              <3> 
    32                              <3> 
    33                              <3> 
    34 00000FE3 7301                <3>  j%-1 short %%a
    35                              <3>  return
    13                              <4> %%_ret:
    14 00000FE5 C3                  <4>  ret
    15                              <4> %assign retOff %%_ret-$$
    36                              <3> %%a:
    37                              <3> 
  1777                              <1> ;rbx points to the extBS structure
  1778 00000FE6 B917000000          <1>     mov ecx, 4+11+8 ;Lengths of ID, Label and FS string 
  1779 00000FEB 488D7A02            <1>     lea rdi, qword [rdx + idParamBlk.volId]
  1780 00000FEF 488D7303            <1>     lea rsi, qword [rbx + extBs.volId]
  1781 00000FF3 F3A4                <1>     rep movsb
  1782                              <1>     return
    13                              <2> %%_ret:
    14 00000FF5 C3                  <2>  ret
    15                              <2> %assign retOff %%_ret-$$
  1783                              <1> 
  1784                              <1> .ioGetSetSetup:
  1785                              <1> ;Reads a bootsector in for us and checks it's the right kind of thing
  1786                              <1> ; for us to do this op on. All failures set up the return information
  1787                              <1> ; for us.
  1788                              <1> ;Sets up the BIOS/DOS error translation on hard error for us.
  1789 00000FF6 E852000000          <1>     call .ioIdCheckChange   ;Do this to ensure no fail in the read below
  1790 00000FFB E83CFAFFFF          <1>     call .bbpbReadBS        ;Read BS for the drive in rbp. sets rbx to buffer
  1791 00001000 7244                <1>     jc .iogssHardErr        ;This returns CF=CY and ZF=ZE
  1792                              <1> ;Just do a quick jump check here too to make sure we're a decent BPB.
  1793 00001002 803B69              <1>     cmp byte [rbx + oemHeader.jump], 069h       ;Direct jump has no NOP
  1794 00001005 7410                <1>     je .iogssOk
  1795 00001007 803BE9              <1>     cmp byte [rbx + oemHeader.jump], 0E9h       ;Near jump has no NOP
  1796 0000100A 740B                <1>     je .iogssOk
  1797 0000100C 803BEB              <1>     cmp byte [rbx + oemHeader.jump], 0EBh       ;Short jump has a NOP
  1798 0000100F 752E                <1>     jne .iogssBadBS
  1799 00001011 807B0290            <1>     cmp byte [rbx + oemHeader.jump + 2], 090h   ;NOP should be here
  1800 00001015 7528                <1>     jne .iogssBadBS
  1801                              <1> .iogssOk:
  1802 00001017 4881C30B000000      <1>     add rbx, oemHeader_size ;Point rbx to the bpb itself
  1803 0000101E E8AAF9FFFF          <1>     call .getFATType    ;Get in dl if we are FAT32 or CF=CY if bad
  1804 00001023 721A                <1>     jc .iogssBadBS
  1805 00001025 80FA20              <1>     cmp dl, bpbFat32    ;Did we get a FAT32 disk?
  1806 00001028 B819000000          <1>     mov eax, bpb_size
  1807 0000102D B935000000          <1>     mov ecx, bpb32_size
  1808 00001032 0F45C8              <1>     cmovne ecx, eax     ;If not FAT32, replace move count
  1809 00001035 4801CB              <1>     add rbx, rcx        ;Move rbx to point to the extended signature
  1810 00001038 807B0229            <1>     cmp byte [rbx + extBs.bootSig], extBsSig    ;Check ext boot sig?
  1811                              <1>     rete
    49                              <2> cret e
    19                              <3> %%_base:
    20                              <3> %assign baseVar %%_base-$$
    21                              <3> 
    22                              <3> 
    23                              <3> 
    24                              <3> 
    25                              <3> 
    26                              <3> 
    27                              <3> 
    28                              <3> 
    29                              <3> 
    30                              <3> 
    31                              <3> 
    32                              <3> 
    33                              <3> 
    34 0000103C 7501                <3>  j%-1 short %%a
    35                              <3>  return
    13                              <4> %%_ret:
    14 0000103E C3                  <4>  ret
    15                              <4> %assign retOff %%_ret-$$
    36                              <3> %%a:
    37                              <3> 
  1812                              <1> .iogssBadBS:
  1813                              <1> ;Bad bootsectors come through here
  1814 0000103F B807000000          <1>     mov eax, drvBadMed
  1815 00001044 85C0                <1>     test eax, eax   ;Make ZF=NZ for ioDoErr to route us correctly
  1816                              <1> .iogssHardErr:
  1817 00001046 E884FAFFFF          <1>     call .ioDoErr   ;xlat BIOS code if needed (ZF=ZE). Setup for Error return
  1818 0000104B F9                  <1>     stc
  1819                              <1>     return
    13                              <2> %%_ret:
    14 0000104C C3                  <2>  ret
    15                              <2> %assign retOff %%_ret-$$
  1820                              <1> 
  1821                              <1> .ioIdCheckChange:
  1822                              <1> ;We don't want to trigger an error (a disk swap error) on BIOS io so first
  1823                              <1> ; do a quick media check. If the media has been changed, the BIOS wrapper
  1824                              <1> ; will set the flag for all drives for us.
  1825 0000104D E883010000          <1>     call .checkDevFixed ;If fixed, just return
  1826                              <1>     retnz
    45                              <2> cret nz
    19                              <3> %%_base:
    20                              <3> %assign baseVar %%_base-$$
    21                              <3> 
    22                              <3> 
    23                              <3> 
    24                              <3> 
    25                              <3> 
    26                              <3> 
    27                              <3> 
    28                              <3> 
    29                              <3> 
    30                              <3> 
    31                              <3> 
    32                              <3> 
    33                              <3> 
    34 00001052 7401                <3>  j%-1 short %%a
    35                              <3>  return
    13                              <4> %%_ret:
    14 00001054 C3                  <4>  ret
    15                              <4> %assign retOff %%_ret-$$
    36                              <3> %%a:
    37                              <3> 
  1827 00001055 E874010000          <1>     call .checkHasChangeline
  1828                              <1>     retz
    41                              <2> cret z
    19                              <3> %%_base:
    20                              <3> %assign baseVar %%_base-$$
    21                              <3> 
    22                              <3> 
    23                              <3> 
    24                              <3> 
    25                              <3> 
    26                              <3> 
    27                              <3> 
    28                              <3> 
    29                              <3> 
    30                              <3> 
    31                              <3> 
    32                              <3> 
    33                              <3> 
    34 0000105A 7501                <3>  j%-1 short %%a
    35                              <3>  return
    13                              <4> %%_ret:
    14 0000105C C3                  <4>  ret
    15                              <4> %assign retOff %%_ret-$$
    36                              <3> %%a:
    37                              <3> 
  1829 0000105D 52                  <1>     push rdx
  1830 0000105E 0FB65508            <1>     movzx edx, byte [rbp + drvBlk.bBIOSNum]
  1831 00001062 B800160000          <1>     mov eax, 1600h
  1832 00001067 E8B1020000          <1>     call .callI33h
  1833                              <1> ;I33 wrapper sets the device changed bit on all devs if a change detected
  1834                              <1>     ;jnc .ioidccExit
  1835                              <1>     ;mov eax, devChgd    ;Set the device changed bit on all devices
  1836                              <1>     ;call .setBitsForAllDevs
  1837                              <1> ;.ioidccExit:
  1838 0000106C 5A                  <1>     pop rdx
  1839                              <1>     return
    13                              <2> %%_ret:
    14 0000106D C3                  <2>  ret
    15                              <2> %assign retOff %%_ret-$$
  1840                              <1> 
  1841                              <1> .ioSetAccessFlag:
  1842                              <1> ;Sets/Clears the unformatted bit of a device block.
  1843 0000106E F64201FF            <1>     test byte [rdx + accFlgBlk.bAccMode], -1
  1844 00001072 7407                <1>     jz .iosafNoAcc
  1845                              <1> ;Enables access if the access mode is non-zero
  1846 00001074 66816537FFFD        <1>     and word [rbp + drvBlk.wDevFlgs], ~devUnFmt
  1847                              <1>     return
    13                              <2> %%_ret:
    14 0000107A C3                  <2>  ret
    15                              <2> %assign retOff %%_ret-$$
  1848                              <1> .iosafNoAcc:
  1849                              <1> ;Disables access if the access mode is zero 
  1850 0000107B 66814D370002        <1>     or word [rbp + drvBlk.wDevFlgs], devUnFmt
  1851                              <1>     return
    13                              <2> %%_ret:
    14 00001081 C3                  <2>  ret
    15                              <2> %assign retOff %%_ret-$$
  1852                              <1> .ioGetAccessFlag:
  1853                              <1> ;Gets the state of the unformatted bit of a device block
  1854 00001082 C6420100            <1>     mov byte [rdx + accFlgBlk.bAccMode], 0  ;Init to clear, no access
  1855 00001086 66F745370002        <1>     test word [rbp + drvBlk.wDevFlgs], devUnFmt
  1856                              <1>     retnz
    45                              <2> cret nz
    19                              <3> %%_base:
    20                              <3> %assign baseVar %%_base-$$
    21                              <3> 
    22                              <3> 
    23                              <3> 
    24                              <3> 
    25                              <3> 
    26                              <3> 
    27                              <3> 
    28                              <3> 
    29                              <3> 
    30                              <3> 
    31                              <3> 
    32                              <3> 
    33                              <3> 
    34 0000108C 7401                <3>  j%-1 short %%a
    35                              <3>  return
    13                              <4> %%_ret:
    14 0000108E C3                  <4>  ret
    15                              <4> %assign retOff %%_ret-$$
    36                              <3> %%a:
    37                              <3> 
  1857 0000108F FE4201              <1>     inc byte [rdx + accFlgBlk.bAccMode] ;If bit clear, set mode to access ok!
  1858                              <1>     return
    13                              <2> %%_ret:
    14 00001092 C3                  <2>  ret
    15                              <2> %assign retOff %%_ret-$$
  1859                              <1> 
  1860                              <1> .getLogicalDev:   ;Function 23
  1861                              <1> ;Returns 0 if device not multi. Else 1 based number of current drive
  1862                              <1> ; owner of the BIOS device is returned in getDevReqPkt.unitnm
  1863 00001093 31C0                <1>     xor eax, eax
  1864 00001095 66F745371000        <1>     test word [rbp + drvBlk.wDevFlgs], devMulti
  1865 0000109B 7428                <1>     jz .gldExit
  1866 0000109D 0FB64508            <1>     movzx eax, byte [rbp + drvBlk.bBIOSNum] ;Now find owner of this BIOS drv
  1867 000010A1 488D2D6C150000      <1>     lea rbp, .drvBlkTbl ;Start from head of table :)
  1868                              <1> .gldLp:
  1869 000010A8 384508              <1>     cmp byte [rbp + drvBlk.bBIOSNum], al
  1870 000010AB 480F456D00          <1>     cmovne rbp, qword [rbp +  drvBlk.pLink] ;If not for BIOS drive, goto next
  1871 000010B0 75F6                <1>     jne .gldLp
  1872 000010B2 66F745372000        <1>     test word [rbp + drvBlk.wDevFlgs], devOwnDrv
  1873 000010B8 480F446D00          <1>     cmovz rbp, qword [rbp +  drvBlk.pLink]  ;If not owner goto next
  1874 000010BD 74E9                <1>     jz .gldLp 
  1875 000010BF 0FB64509            <1>     movzx eax, byte [rbp + drvBlk.bDOSNum]  ;Else get DOS number for owner
  1876 000010C3 FFC0                <1>     inc eax ;Make it 1 based
  1877                              <1> .gldExit:
  1878 000010C5 884301              <1>     mov byte [rbx + getDevReqPkt.unitnm], al    ;Return value in unitnum
  1879                              <1>     return
    13                              <2> %%_ret:
    14 000010C8 C3                  <2>  ret
    15                              <2> %assign retOff %%_ret-$$
  1880                              <1> 
  1881                              <1> .setLogicalDev:   ;Function 24
  1882 000010C9 E823010000          <1>     call .setDrvOwner  ;Set the unit as the owner of this BIOS drive!
  1883                              <1>     return
    13                              <2> %%_ret:
    14 000010CE C3                  <2>  ret
    15                              <2> %assign retOff %%_ret-$$
  1884                              <1> 
  1885                              <1> .ioctlQuery:      ;Function 25
  1886                              <1> ;Called with a Generic IOCTL packet in rbx
  1887                              <1> ;We check to see that major/minor codes are valid functions for us.
  1888                              <1> ;Major code is always 08h
  1889 000010CF 807B0D08            <1>     cmp byte [rbx + ioctlReqPkt.majfun], 08h
  1890 000010D3 751B                <1>     jne .ioctlQErr
  1891 000010D5 0FB6430E            <1>     movzx eax, byte [rbx + ioctlReqPkt.minfun]
  1892 000010D9 A890                <1>     test al, 90h    ;If either of these bits are set, dont recognise func
  1893 000010DB 7513                <1>     jnz .ioctlQErr
  1894                              <1> ;Convert LBA functions to CHS and Writes functions to Read functions
  1895 000010DD 245F                <1>     and al, 5Fh ;Turn off bits 7 and 5, bot optionally set
  1896 000010DF B905000000          <1>     mov ecx, ioctlQTblL
  1897 000010E4 488D3D76FBFFFF      <1>     lea rdi, .ioctlQTbl ;Table up near IOCTL table
  1898 000010EB F2AE                <1>     repne scasb
  1899                              <1>     rete    ;Just return if found
    49                              <2> cret e
    19                              <3> %%_base:
    20                              <3> %assign baseVar %%_base-$$
    21                              <3> 
    22                              <3> 
    23                              <3> 
    24                              <3> 
    25                              <3> 
    26                              <3> 
    27                              <3> 
    28                              <3> 
    29                              <3> 
    30                              <3> 
    31                              <3> 
    32                              <3> 
    33                              <3> 
    34 000010ED 7501                <3>  j%-1 short %%a
    35                              <3>  return
    13                              <4> %%_ret:
    14 000010EF C3                  <4>  ret
    15                              <4> %assign retOff %%_ret-$$
    36                              <3> %%a:
    37                              <3> 
  1900                              <1> .ioctlQErr:
  1901                              <1> ;Here we set the error code. We dont recognise the IOCTL command.
  1902 000010F0 B003                <1>     mov al, drvBadCmd
  1903 000010F2 E91FF6FFFF          <1>     jmp .errorExit
  1904                              <1> 
  1905                              <1> .setupDrive:
  1906                              <1> ;Finds the DOS drive in the linked list which is for this drive, and
  1907                              <1> ; sets up internal vars according to it. 
  1908                              <1> ;Input: eax = Zero based DOS drive number. rbx -> Packet
  1909                              <1> ;Output: rbp = Points to the drvBlk
  1910 000010F7 807B0200            <1>     cmp byte [rbx + drvReqPkt.cmdcde], drvINIT
  1911                              <1>     rete
    49                              <2> cret e
    19                              <3> %%_base:
    20                              <3> %assign baseVar %%_base-$$
    21                              <3> 
    22                              <3> 
    23                              <3> 
    24                              <3> 
    25                              <3> 
    26                              <3> 
    27                              <3> 
    28                              <3> 
    29                              <3> 
    30                              <3> 
    31                              <3> 
    32                              <3> 
    33                              <3> 
    34 000010FB 7501                <3>  j%-1 short %%a
    35                              <3>  return
    13                              <4> %%_ret:
    14 000010FD C3                  <4>  ret
    15                              <4> %assign retOff %%_ret-$$
    36                              <3> %%a:
    37                              <3> 
  1912 000010FE 488D2D0F150000      <1>     lea rbp, .drvBlkTbl
  1913                              <1> .sdChk:
  1914 00001105 384509              <1>     cmp byte [rbp + drvBlk.bDOSNum], al
  1915                              <1>     rete
    49                              <2> cret e
    19                              <3> %%_base:
    20                              <3> %assign baseVar %%_base-$$
    21                              <3> 
    22                              <3> 
    23                              <3> 
    24                              <3> 
    25                              <3> 
    26                              <3> 
    27                              <3> 
    28                              <3> 
    29                              <3> 
    30                              <3> 
    31                              <3> 
    32                              <3> 
    33                              <3> 
    34 00001108 7501                <3>  j%-1 short %%a
    35                              <3>  return
    13                              <4> %%_ret:
    14 0000110A C3                  <4>  ret
    15                              <4> %assign retOff %%_ret-$$
    36                              <3> %%a:
    37                              <3> 
  1916 0000110B 488B6D00            <1>     mov rbp, qword [rbp + drvBlk.pLink]
  1917 0000110F 4881FDFFFFFFFF      <1>     cmp rbp, -1
  1918 00001116 75ED                <1>     jne .sdChk  ;Keep looping until end of table
  1919 00001118 58                  <1>     pop rax     ;Pop return address off the stack
  1920 00001119 B007                <1>     mov al, drvBadMed
  1921 0000111B E9F3F4FFFF          <1>     jmp .writeEntryError
  1922                              <1> 
  1923                              <1> .checkSwapIO:
  1924                              <1> ;Checks if the reason for an error mid IO operation was
  1925                              <1> ; really media being swapped.
  1926 00001120 E8B0000000          <1>     call .checkDevFixed ;If the dev is fixed, skip checking swap
  1927                              <1>     retnz
    45                              <2> cret nz
    19                              <3> %%_base:
    20                              <3> %assign baseVar %%_base-$$
    21                              <3> 
    22                              <3> 
    23                              <3> 
    24                              <3> 
    25                              <3> 
    26                              <3> 
    27                              <3> 
    28                              <3> 
    29                              <3> 
    30                              <3> 
    31                              <3> 
    32                              <3> 
    33                              <3> 
    34 00001125 7401                <3>  j%-1 short %%a
    35                              <3>  return
    13                              <4> %%_ret:
    14 00001127 C3                  <4>  ret
    15                              <4> %assign retOff %%_ret-$$
    36                              <3> %%a:
    37                              <3> 
  1928 00001128 80FC06              <1>     cmp ah, 06h         ;ah = 06 is BIOS Drive changed error code 
  1929                              <1>     retne
    53                              <2> cret ne
    19                              <3> %%_base:
    20                              <3> %assign baseVar %%_base-$$
    21                              <3> 
    22                              <3> 
    23                              <3> 
    24                              <3> 
    25                              <3> 
    26                              <3> 
    27                              <3> 
    28                              <3> 
    29                              <3> 
    30                              <3> 
    31                              <3> 
    32                              <3> 
    33                              <3> 
    34 0000112B 7401                <3>  j%-1 short %%a
    35                              <3>  return
    13                              <4> %%_ret:
    14 0000112D C3                  <4>  ret
    15                              <4> %assign retOff %%_ret-$$
    36                              <3> %%a:
    37                              <3> 
  1930                              <1> ;Here the BIOS is reporting that the media was swapped. Check the media
  1931                              <1> ; to see if the drive really was swapped. 
  1932                              <1> ;We start by checking the open count. If it is zero, we never report
  1933                              <1> ; an illegal disk swap. This prevents this error from being thrown
  1934                              <1> ; if no files are open.
  1935 0000112E E8B7000000          <1>     call .checkOpen ;If opcnt = 0, ignore this error.
  1936                              <1>     retz
    41                              <2> cret z
    19                              <3> %%_base:
    20                              <3> %assign baseVar %%_base-$$
    21                              <3> 
    22                              <3> 
    23                              <3> 
    24                              <3> 
    25                              <3> 
    26                              <3> 
    27                              <3> 
    28                              <3> 
    29                              <3> 
    30                              <3> 
    31                              <3> 
    32                              <3> 
    33                              <3> 
    34 00001133 7501                <3>  j%-1 short %%a
    35                              <3>  return
    13                              <4> %%_ret:
    14 00001135 C3                  <4>  ret
    15                              <4> %assign retOff %%_ret-$$
    36                              <3> %%a:
    37                              <3> 
  1937                              <1> ;Here, if we determine that a media swap occured, we must report a 
  1938                              <1> ; bad disk change. That means, unsure or no swap simply return the 
  1939                              <1> ; error code. 
  1940 00001136 53                  <1>     push rbx
  1941 00001137 51                  <1>     push rcx
  1942 00001138 52                  <1>     push rdx
  1943 00001139 56                  <1>     push rsi
  1944 0000113A 57                  <1>     push rdi
  1945 0000113B 0FB64514            <1>     movzx eax, byte [rbp + drvBlk.bMedDesc] ;Get original meddesc byte
  1946 0000113F 50                  <1>     push rax                                ;and save it on the stack
  1947 00001140 E83AF7FFFF          <1>     call .updateBpb     ;Update the BPB, if ok, rsi -> extBS  
  1948 00001145 7222                <1>     jc .csiogetbpberr   ;If error in getting the BPB, bubble it up
  1949 00001147 58                  <1>     pop rax             ;Get back the FAT byte in al
  1950 00001148 E856000000          <1>     call .checkFATSame  ;Returns status in eax
  1951 0000114D 85C0                <1>     test eax, eax       ;Set sign bit to exit via bad disk change exit
  1952 0000114F B800060000          <1>     mov eax, 0600h      ;Else, return Changeline detected (ah = 06h)
  1953                              <1> .csioExit:
  1954 00001154 5F                  <1>     pop rdi
  1955 00001155 5E                  <1>     pop rsi
  1956 00001156 5A                  <1>     pop rdx
  1957 00001157 59                  <1>     pop rcx
  1958 00001158 5B                  <1>     pop rbx
  1959                              <1> ;Return if returning disk swap status unsure or no swap!
  1960                              <1> ;Return if updateBPB failed. Error code for this in ah
  1961                              <1>     retns
    85                              <2> cret ns
    19                              <3> %%_base:
    20                              <3> %assign baseVar %%_base-$$
    21                              <3> 
    22                              <3> 
    23                              <3> 
    24                              <3> 
    25                              <3> 
    26                              <3> 
    27                              <3> 
    28                              <3> 
    29                              <3> 
    30                              <3> 
    31                              <3> 
    32                              <3> 
    33                              <3> 
    34 00001159 7801                <3>  j%-1 short %%a
    35                              <3>  return
    13                              <4> %%_ret:
    14 0000115B C3                  <4>  ret
    15                              <4> %assign retOff %%_ret-$$
    36                              <3> %%a:
    37                              <3> 
  1962                              <1> ;Fall through if disk swap check returns swapped! Bad Disk change error!
  1963                              <1> ;Restore the stack to return directly to driver error handler and not caller. 
  1964                              <1> ;Place DOS error code into al
  1965 0000115C 58                  <1>     pop rax ;Pop check io swap return address
  1966 0000115D 58                  <1>     pop rax ;Pop do io function return address
  1967 0000115E 58                  <1>     pop rax ;Pop read/write function return address
  1968 0000115F B80F000000          <1>     mov eax, drvBadDskChnge
  1969 00001164 E9ADF5FFFF          <1>     jmp .errorExit
  1970                              <1> .csiogetbpberr:
  1971                              <1> ;Return the error code from updateBPB
  1972 00001169 5B                  <1>     pop rbx             ;Pop the FAT byte off the stack, preserving ah = error
  1973 0000116A 31DB                <1>     xor ebx, ebx        ;Clear SF
  1974 0000116C EBE6                <1>     jmp short .csioExit ;and return with rax = Error code from updatebpb
  1975                              <1>     
  1976                              <1> .checkSwap:
  1977                              <1> ;Checks if the media represented by drvBlk has been swapped when it 
  1978                              <1> ; shouldn't've been swapped.
  1979                              <1> ;Input: rbp -> drvBlk to check for
  1980                              <1> ;Output: CF=NC: All ok.
  1981                              <1> ;        CF=CY: Error in getting updated BPB. 
  1982                              <1> ;               ZF=ZE: AH = BIOS error code
  1983                              <1> ;               ZF=NZ: AL = DOS error code
  1984                              <1> ;   If an illegal disk swap is detected, then this call returns directly
  1985                              <1> ;   and doesnt bubble up to the caller. 
  1986 0000116E E862000000          <1>     call .checkDevFixed ;If the dev is fixed, skip checking swap
  1987                              <1>     retnz
    45                              <2> cret nz
    19                              <3> %%_base:
    20                              <3> %assign baseVar %%_base-$$
    21                              <3> 
    22                              <3> 
    23                              <3> 
    24                              <3> 
    25                              <3> 
    26                              <3> 
    27                              <3> 
    28                              <3> 
    29                              <3> 
    30                              <3> 
    31                              <3> 
    32                              <3> 
    33                              <3> 
    34 00001173 7401                <3>  j%-1 short %%a
    35                              <3>  return
    13                              <4> %%_ret:
    14 00001175 C3                  <4>  ret
    15                              <4> %assign retOff %%_ret-$$
    36                              <3> %%a:
    37                              <3> 
  1988 00001176 E86F000000          <1>     call .checkOpen
  1989                              <1>     retz
    41                              <2> cret z
    19                              <3> %%_base:
    20                              <3> %assign baseVar %%_base-$$
    21                              <3> 
    22                              <3> 
    23                              <3> 
    24                              <3> 
    25                              <3> 
    26                              <3> 
    27                              <3> 
    28                              <3> 
    29                              <3> 
    30                              <3> 
    31                              <3> 
    32                              <3> 
    33                              <3> 
    34 0000117B 7501                <3>  j%-1 short %%a
    35                              <3>  return
    13                              <4> %%_ret:
    14 0000117D C3                  <4>  ret
    15                              <4> %assign retOff %%_ret-$$
    36                              <3> %%a:
    37                              <3> 
  1990 0000117E E859000000          <1>     call .checkMediaChange
  1991                              <1>     retz
    41                              <2> cret z
    19                              <3> %%_base:
    20                              <3> %assign baseVar %%_base-$$
    21                              <3> 
    22                              <3> 
    23                              <3> 
    24                              <3> 
    25                              <3> 
    26                              <3> 
    27                              <3> 
    28                              <3> 
    29                              <3> 
    30                              <3> 
    31                              <3> 
    32                              <3> 
    33                              <3> 
    34 00001183 7501                <3>  j%-1 short %%a
    35                              <3>  return
    13                              <4> %%_ret:
    14 00001185 C3                  <4>  ret
    15                              <4> %assign retOff %%_ret-$$
    36                              <3> %%a:
    37                              <3> 
  1992                              <1> ;Since the open count is non-zero and a media swap has been seen (since
  1993                              <1> ; the flag was set) we update the BPB and check if the media is the 
  1994                              <1> ; same as the previous media. 
  1995 00001186 E8F4F6FFFF          <1>     call .updateBpb     ;Update the BPB. Destroys rbx and rsi!
  1996                              <1>     retc
    57                              <2> cret c
    19                              <3> %%_base:
    20                              <3> %assign baseVar %%_base-$$
    21                              <3> 
    22                              <3> 
    23                              <3> 
    24                              <3> 
    25                              <3> 
    26                              <3> 
    27                              <3> 
    28                              <3> 
    29                              <3> 
    30                              <3> 
    31                              <3> 
    32                              <3> 
    33                              <3> 
    34 0000118B 7301                <3>  j%-1 short %%a
    35                              <3>  return
    13                              <4> %%_ret:
    14 0000118D C3                  <4>  ret
    15                              <4> %assign retOff %%_ret-$$
    36                              <3> %%a:
    37                              <3> 
  1997 0000118E E815000000          <1>     call .checkVolumeSame
  1998 00001193 85C0                <1>     test eax, eax
  1999                              <1>     retns   ;If the sign bit is not set (i.e. unsure or no change) return ok
    85                              <2> cret ns
    19                              <3> %%_base:
    20                              <3> %assign baseVar %%_base-$$
    21                              <3> 
    22                              <3> 
    23                              <3> 
    24                              <3> 
    25                              <3> 
    26                              <3> 
    27                              <3> 
    28                              <3> 
    29                              <3> 
    30                              <3> 
    31                              <3> 
    32                              <3> 
    33                              <3> 
    34 00001195 7801                <3>  j%-1 short %%a
    35                              <3>  return
    13                              <4> %%_ret:
    14 00001197 C3                  <4>  ret
    15                              <4> %assign retOff %%_ret-$$
    36                              <3> %%a:
    37                              <3> 
  2000                              <1> ;Else, we now return a bad disk change!
  2001 00001198 58                  <1>     pop rax ;Pop original return address off the stack
  2002 00001199 B80F000000          <1>     mov eax, drvBadDskChnge  ;Driver error code
  2003 0000119E E973F5FFFF          <1>     jmp .errorExit  ;Place error code in packet and return
  2004                              <1> 
  2005                              <1> ;Input for the below two functions:
  2006                              <1> ;   rsi -> extBS of the BPB that was just read in!
  2007                              <1> ;Output: eax = 0 means unsure, eax = 1 means no change, eax = -1 means change!
  2008                              <1> ;           Do not rely on flags as extBsSig may be something random!
  2009                              <1> .checkFATSame:
  2010                              <1> ;At this point, we are unsure of the media swap status. 
  2011 000011A3 3A4514              <1>     cmp al, byte [rbp + drvBlk.bMedDesc]
  2012 000011A6 751D                <1>     jne .cvsChange  ;If they are not equal, there mustve been a change
  2013                              <1> ;The FAT media byte is the same so how about literally anything else?
  2014                              <1> .checkVolumeSame:
  2015                              <1> ;If the volume has an extended BPB, we check the serial number. If they are 
  2016                              <1> ; the same, we then say no change. Else, the volume has changed. 
  2017                              <1> ;Else, we report unknown. 
  2018                              <1> ;----------------------------------------------------------------------------
  2019                              <1> ;TODO: In the outer else, replace with a read of the filesystem volume label
  2020                              <1> ;      and implement in buildBPB a routine to read the volume label from the
  2021                              <1> ;      root directory of whatever drive.
  2022                              <1> ;----------------------------------------------------------------------------
  2023 000011A8 31C0                <1>     xor eax, eax    ;Start off unsure
  2024 000011AA 807E0229            <1>     cmp byte [rsi + extBs.bootSig], extBsSig
  2025                              <1>     retne
    53                              <2> cret ne
    19                              <3> %%_base:
    20                              <3> %assign baseVar %%_base-$$
    21                              <3> 
    22                              <3> 
    23                              <3> 
    24                              <3> 
    25                              <3> 
    26                              <3> 
    27                              <3> 
    28                              <3> 
    29                              <3> 
    30                              <3> 
    31                              <3> 
    32                              <3> 
    33                              <3> 
    34 000011AE 7401                <3>  j%-1 short %%a
    35                              <3>  return
    13                              <4> %%_ret:
    14 000011B0 C3                  <4>  ret
    15                              <4> %assign retOff %%_ret-$$
    36                              <3> %%a:
    37                              <3> 
  2026                              <1> ;Here if we have an extended boot signature. 
  2027                              <1> ; Check the volume ids are equal
  2028 000011B1 50                  <1>     push rax
  2029 000011B2 8B4603              <1>     mov eax, dword [rsi + extBs.volId]
  2030 000011B5 398580000000        <1>     cmp dword [rbp + drvBlk.volId], eax
  2031 000011BB 58                  <1>     pop rax
  2032 000011BC 7507                <1>     jne .cvsChange
  2033                              <1> .cvsNoChange:
  2034 000011BE FFC0                <1>     inc eax         ;Make eax = 1, no change
  2035 000011C0 E91E000000          <1>     jmp .clearMediaChange    ;Exit tail calling through this function
  2036                              <1> .cvsChange:
  2037 000011C5 FFC8                <1>     dec eax ;Make eax = -1, change
  2038 000011C7 88057C020000        <1>     mov byte [.bLastDsk], al    ;Ensure we do a media check next time
  2039                              <1>     return
    13                              <2> %%_ret:
    14 000011CD C3                  <2>  ret
    15                              <2> %assign retOff %%_ret-$$
  2040                              <1> 
  2041                              <1> .checkHasChangeline:
  2042                              <1> ;Input: rbp -> drvBlk to check if it has a changeline
  2043                              <1> ;Output: ZF=ZE: Drive has no changeline support
  2044                              <1> ;        ZF=NZ: Drive has changeline support
  2045 000011CE 66F745370200        <1>     test word [rbp + drvBlk.wDevFlgs], devChgLine
  2046                              <1>     return
    13                              <2> %%_ret:
    14 000011D4 C3                  <2>  ret
    15                              <2> %assign retOff %%_ret-$$
  2047                              <1> 
  2048                              <1> .checkDevFixed:
  2049                              <1> ;Input: rbp -> drvBlk to check if fixed media or not
  2050                              <1> ;Output: ZF=ZE: Not fixed
  2051                              <1> ;        ZF=NZ: Fixed
  2052 000011D5 66F745370100        <1>     test word [rbp + drvBlk.wDevFlgs], devFixed
  2053                              <1>     return
    13                              <2> %%_ret:
    14 000011DB C3                  <2>  ret
    15                              <2> %assign retOff %%_ret-$$
  2054                              <1> 
  2055                              <1> .checkMediaChange:
  2056                              <1> ;Input: rbp -> drvBlk to check changed flag for
  2057                              <1> ;Output: ZF=ZE: No change
  2058                              <1> ;        ZF=NZ: Change
  2059 000011DC 66F745374000        <1>     test word [rbp + drvBlk.wDevFlgs], devChgd
  2060                              <1>     return
    13                              <2> %%_ret:
    14 000011E2 C3                  <2>  ret
    15                              <2> %assign retOff %%_ret-$$
  2061                              <1> 
  2062                              <1> .clearMediaChange:
  2063                              <1> ;Input: rbp -> drvBlk to clear the devChanged bit for
  2064 000011E3 66816537BFFF        <1>     and word [rbp + drvBlk.wDevFlgs], ~devChgd
  2065                              <1> ;~~~~~~~~~~~~~~~~DEBUG~~~~~~~~~~~~~~~~
  2066                              <1> %if drvDbg
  2067                              <1>     push rsi
  2068                              <1>     lea rsi, .cmcstr
  2069                              <1>     call dbgPrintString
  2070                              <1>     pop rsi
  2071                              <1>     push rax
  2072                              <1>     mov al, byte [rbp + drvBlk.bDOSNum]
  2073                              <1>     add al, "A"
  2074                              <1>     call dbgPutch
  2075                              <1>     pop rax
  2076                              <1>     call dbgCrlf
  2077                              <1>     return
  2078                              <1> .cmcstr db "[DRIVER] Media Change bit cleared for drive ",0
  2079                              <1> %endif
  2080                              <1> ;~~~~~~~~~~~~~~~~~~~~~~~~~~~~~~~~~~~~~
  2081                              <1>     return
    13                              <2> %%_ret:
    14 000011E9 C3                  <2>  ret
    15                              <2> %assign retOff %%_ret-$$
  2082                              <1> 
  2083                              <1> .checkOpen:
  2084                              <1> ;Input: rbp -> drvBlk to check open count for
  2085                              <1> ;Output: ZF=ZE: Open count is 0
  2086                              <1> ;        ZF=NZ: Open count geq 0
  2087 000011EA 66817D340000        <1>     cmp word [rbp + drvBlk.wOpenCnt], 0
  2088                              <1>     return
    13                              <2> %%_ret:
    14 000011F0 C3                  <2>  ret
    15                              <2> %assign retOff %%_ret-$$
  2089                              <1> 
  2090                              <1> .setDrvOwner:
  2091                              <1> ;If the drive is shared and the DOS drive pointed to by rbp is not the owner
  2092                              <1> ; of the BIOS drive, makes the DOS drive the owner.
  2093                              <1> ;Displays the swap drive message unless intercepted by the 2Fh/4A00h callback.
  2094                              <1> ;The device must already be setup in rbp for this to work.
  2095                              <1> ;Input: rbx -> Request block. rbp -> drvBlk entry 
  2096 000011F1 66F745372100        <1>     test word [rbp + drvBlk.wDevFlgs], devFixed | devOwnDrv
  2097                              <1>     retnz   ;If fixed or already owns drv, don't allow swapping
    45                              <2> cret nz
    19                              <3> %%_base:
    20                              <3> %assign baseVar %%_base-$$
    21                              <3> 
    22                              <3> 
    23                              <3> 
    24                              <3> 
    25                              <3> 
    26                              <3> 
    27                              <3> 
    28                              <3> 
    29                              <3> 
    30                              <3> 
    31                              <3> 
    32                              <3> 
    33                              <3> 
    34 000011F7 7401                <3>  j%-1 short %%a
    35                              <3>  return
    13                              <4> %%_ret:
    14 000011F9 C3                  <4>  ret
    15                              <4> %assign retOff %%_ret-$$
    36                              <3> %%a:
    37                              <3> 
  2098 000011FA 66F745371000        <1>     test word [rbp + drvBlk.wDevFlgs], devMulti
  2099                              <1>     retz    ;If only one drive owns this letter, exit
    41                              <2> cret z
    19                              <3> %%_base:
    20                              <3> %assign baseVar %%_base-$$
    21                              <3> 
    22                              <3> 
    23                              <3> 
    24                              <3> 
    25                              <3> 
    26                              <3> 
    27                              <3> 
    28                              <3> 
    29                              <3> 
    30                              <3> 
    31                              <3> 
    32                              <3> 
    33                              <3> 
    34 00001200 7501                <3>  j%-1 short %%a
    35                              <3>  return
    13                              <4> %%_ret:
    14 00001202 C3                  <4>  ret
    15                              <4> %assign retOff %%_ret-$$
    36                              <3> %%a:
    37                              <3> 
  2100                              <1> ;Else, now we find the current owner of this drive letter :)
  2101 00001203 8A4508              <1>     mov al, byte [rbp + drvBlk.bBIOSNum]   ;Cmp by bios numbers
  2102 00001206 488D3D07140000      <1>     lea rdi, .drvBlkTbl  ;Point to the first drvBlk
  2103                              <1> .cdtLp:
  2104 0000120D 4881FFFFFFFFFF      <1>     cmp rdi, -1
  2105 00001214 746B                <1>     je .cdtBadExit
  2106 00001216 4839EF              <1>     cmp rdi, rbp    ;Skip the current device pointer
  2107 00001219 740D                <1>     je .cdtNextEntry
  2108 0000121B 384708              <1>     cmp byte [rdi + drvBlk.bBIOSNum], al   
  2109 0000121E 7508                <1>     jne .cdtNextEntry   ;Skip entry if not for device in question.
  2110                              <1>     ;Now we check if this is the current owner of the device?
  2111 00001220 66F747372000        <1>     test word [rdi + drvBlk.wDevFlgs], devOwnDrv
  2112 00001226 7505                <1>     jnz .cdtDevFnd
  2113                              <1> .cdtNextEntry:
  2114 00001228 488B3F              <1>     mov rdi, qword [rdi + drvBlk.pLink]
  2115 0000122B EBE0                <1>     jmp short .cdtLp
  2116                              <1> .cdtDevFnd:
  2117                              <1> ;Now we swap owners. rdi (current owner) looses ownership, rbp (request
  2118                              <1> ; device) gains ownership.
  2119 0000122D 66816737DFFF        <1>     and word [rdi + drvBlk.wDevFlgs], ~devOwnDrv   ;Clear rdi own
  2120 00001233 66814D372000        <1>     or word [rbp + drvBlk.wDevFlgs], devOwnDrv     ;Set rbp to own
  2121                              <1> ;If a set map request, don't prompt the message!
  2122 00001239 807B0218            <1>     cmp byte [rbx + drvReqPkt.cmdcde], drvSETDRVMAP
  2123                              <1>     rete    ;Return if equal (clears CF)
    49                              <2> cret e
    19                              <3> %%_base:
    20                              <3> %assign baseVar %%_base-$$
    21                              <3> 
    22                              <3> 
    23                              <3> 
    24                              <3> 
    25                              <3> 
    26                              <3> 
    27                              <3> 
    28                              <3> 
    29                              <3> 
    30                              <3> 
    31                              <3> 
    32                              <3> 
    33                              <3> 
    34 0000123D 7501                <3>  j%-1 short %%a
    35                              <3>  return
    13                              <4> %%_ret:
    14 0000123F C3                  <4>  ret
    15                              <4> %assign retOff %%_ret-$$
    36                              <3> %%a:
    37                              <3> 
  2124                              <1> 
  2125                              <1> ;Broadcast the disk-swap message for multitaskers to hook
  2126                              <1> ; and issue message (and skip the "not multitasking friendly"
  2127                              <1> ; section below)
  2128 00001240 8A7709              <1>     mov dh, byte [rdi + drvBlk.bDOSNum] ;Unit that has lost ownership
  2129 00001243 8A5509              <1>     mov dl, byte [rbp + drvBlk.bDOSNum] ;Unit that has gained ownership
  2130 00001246 31C9                <1>     xor ecx, ecx
  2131 00001248 B8004A0000          <1>     mov eax, 4A00h
  2132 0000124D CD2F                <1>     int 2Fh         ;If either ecx or cx = -1, return
  2133 0000124F 0FBFC9              <1>     movsx ecx, cx   ;Convert 16-bit responses to 32-bit
  2134 00001252 FFC1                <1>     inc ecx         ;If ecx = -1, we return
  2135                              <1>     retz
    41                              <2> cret z
    19                              <3> %%_base:
    20                              <3> %assign baseVar %%_base-$$
    21                              <3> 
    22                              <3> 
    23                              <3> 
    24                              <3> 
    25                              <3> 
    26                              <3> 
    27                              <3> 
    28                              <3> 
    29                              <3> 
    30                              <3> 
    31                              <3> 
    32                              <3> 
    33                              <3> 
    34 00001254 7501                <3>  j%-1 short %%a
    35                              <3>  return
    13                              <4> %%_ret:
    14 00001256 C3                  <4>  ret
    15                              <4> %assign retOff %%_ret-$$
    36                              <3> %%a:
    37                              <3> 
  2136                              <1> 
  2137                              <1> ;THIS BIT IS NOT MULTITASKING FRIENDLY...
  2138 00001257 8A4509              <1>     mov al, byte [rbp + drvBlk.bDOSNum]
  2139 0000125A 0441                <1>     add al, "A" ;Convert to a letter
  2140 0000125C 88059B010000        <1>     mov byte [.strikeMsgLetter], al
  2141 00001262 488D357C010000      <1>     lea rsi, .strikeMsg
  2142 00001269 B93C000000          <1>     mov ecx, .strikeMsgL
  2143                              <1> .cdtPrint:
  2144 0000126E AC                  <1>     lodsb   ;Get the char in al, inc rsi
  2145 0000126F CD29                <1>     int 29h ;Print char in al
  2146 00001271 FFC9                <1>     dec ecx
  2147 00001273 75F9                <1>     jnz .cdtPrint
  2148                              <1> 
  2149 00001275 E821000000          <1>     call .cdtCleanKeyb  ;Clean the buffer!
  2150 0000127A E80E000000          <1>     call .cdtAwaitKeyb  ;Await until a char ready in a friendly way :)
  2151                              <1> ;THIS BIT IS NOT MULTITASKING FRIENDLY...
  2152                              <1> 
  2153 0000127F F8                  <1>     clc ;Indicate goodness through CF
  2154                              <1>     return
    13                              <2> %%_ret:
    14 00001280 C3                  <2>  ret
    15                              <2> %assign retOff %%_ret-$$
  2155                              <1> .cdtBadExit:
  2156 00001281 58                  <1>     pop rax
  2157 00001282 B807000000          <1>     mov eax, drvBadMed
  2158 00001287 F9                  <1>     stc ;Indicate badness through CF
  2159 00001288 E989F4FFFF          <1>     jmp .errorExit
  2160                              <1> 
  2161                              <1> .cdtAwaitKeyb:
  2162 0000128D B800010000          <1>     mov eax, 0100h
  2163 00001292 CD36                <1>     int 36h ;If return ZF=ZE, we have no char in the buffer. Loop until we do!
  2164 00001294 74F7                <1>     jz .cdtAwaitKeyb
  2165 00001296 31C0                <1>     xor eax, eax
  2166 00001298 CD36                <1>     int 36h ;Now pull the char!
  2167                              <1>     return
    13                              <2> %%_ret:
    14 0000129A C3                  <2>  ret
    15                              <2> %assign retOff %%_ret-$$
  2168                              <1> .cdtCleanKeyb:
  2169 0000129B B800010000          <1>     mov eax, 0100h
  2170 000012A0 CD36                <1>     int 36h ;If return ZF=NZ we have a char in the buffer, pull it!
  2171                              <1>     retz    ;Else ZF=ZE, no char, ready to await the keypress.
    41                              <2> cret z
    19                              <3> %%_base:
    20                              <3> %assign baseVar %%_base-$$
    21                              <3> 
    22                              <3> 
    23                              <3> 
    24                              <3> 
    25                              <3> 
    26                              <3> 
    27                              <3> 
    28                              <3> 
    29                              <3> 
    30                              <3> 
    31                              <3> 
    32                              <3> 
    33                              <3> 
    34 000012A2 7501                <3>  j%-1 short %%a
    35                              <3>  return
    13                              <4> %%_ret:
    14 000012A4 C3                  <4>  ret
    15                              <4> %assign retOff %%_ret-$$
    36                              <3> %%a:
    37                              <3> 
  2172 000012A5 31C0                <1>     xor eax, eax    ;Pull the char in the buffer from buffer
  2173 000012A7 CD36                <1>     int 36h
  2174 000012A9 EBF0                <1>     jmp short .cdtCleanKeyb
  2175                              <1> 
  2176                              <1> .ioSetVolLbl:
  2177                              <1> ;Sets the volume label on requests to read, write, write/verify. Medchk does its own
  2178                              <1> ;Input: rbx -> io request packet
  2179                              <1> ;       rbp -> drvBlk to get volume ID from
  2180                              <1> ;Output: Pointer placed in io request packet
  2181 000012AB 50                  <1>     push rax
  2182 000012AC 488D4574            <1>     lea rax, qword [rbp + drvBlk.volLab]    ;Get the volLbl from the BPB
  2183 000012B0 48894322            <1>     mov qword [rbx + ioReqPkt.desptr], rax 
  2184 000012B4 58                  <1>     pop rax
  2185 000012B5 C3                  <1>     ret
  2186                              <1> 
  2187                              <1> .getTime:
  2188                              <1> ;Gets the current time in a format ready to be used for disk access.
  2189 000012B6 31C0                <1>     xor eax, eax
  2190 000012B8 CD3A                <1>     int 3Ah
  2191 000012BA 0FB7D2              <1>     movzx edx, dx
  2192 000012BD C1E110              <1>     shl ecx, 16 ;Move the high word into place, fill low word with 0's
  2193 000012C0 09D1                <1>     or ecx, edx ;Store the current time count into ecx
  2194 000012C2 84C0                <1>     test al, al ;Are we rolling over? al tells us how many days...
  2195 000012C4 740E                <1>     jz .stStore
  2196 000012C6 0FB6C0              <1>     movzx eax, al
  2197 000012C9 51                  <1>     push rcx    ;Save the current time count
  2198 000012CA B9B0001800          <1>     mov ecx, 1800B0h    ;A single day's worth of ticks at 55ms
  2199 000012CF F7E1                <1>     mul ecx
  2200 000012D1 59                  <1>     pop rcx
  2201 000012D2 01C1                <1>     add ecx, eax        ;Add "al" worth of ticks at 55ms to ecx :)
  2202                              <1> .stStore:
  2203 000012D4 F8                  <1>     clc
  2204                              <1>     return
    13                              <2> %%_ret:
    14 000012D5 C3                  <2>  ret
    15                              <2> %assign retOff %%_ret-$$
  2205                              <1> 
  2206                              <1> .setTime:
  2207                              <1> ;Sets the current time to the disk drive and resets the access counter
  2208                              <1> ;Preserves all registers and edits .bAccCnt and .dAccTime for rbp -> drvBlk
  2209 000012D6 50                  <1>     push rax
  2210 000012D7 51                  <1>     push rcx
  2211 000012D8 52                  <1>     push rdx
  2212 000012D9 E8D8FFFFFF          <1>     call .getTime   ;Return in ecx the time. eax and edx trashed.
  2213 000012DE 894D70              <1>     mov dword [rbp + drvBlk.dAccTime], ecx  ;And store it
  2214 000012E1 C6056001000000      <1>     mov byte [.bAccCnt], 0  ;And set the access count back to 0
  2215 000012E8 5A                  <1>     pop rdx
  2216 000012E9 59                  <1>     pop rcx
  2217 000012EA 58                  <1>     pop rax
  2218                              <1>     return
    13                              <2> %%_ret:
    14 000012EB C3                  <2>  ret
    15                              <2> %assign retOff %%_ret-$$
  2219                              <1> 
  2220                              <1> .checkTime:
  2221                              <1> ;Does the time/access count check :)
  2222                              <1> ;Returns: CF=CY if unknown, CF=NC if no change
  2223 000012EC E8C5FFFFFF          <1>     call .getTime   ;Returns in ecx the current time
  2224 000012F1 85C9                <1>     test ecx, ecx   ;If this is 0 for some reason, use the accesses count  
  2225 000012F3 7517                <1>     jnz .ctOk
  2226 000012F5 FE054D010000        <1>     inc byte [.bAccCnt]
  2227 000012FB 803D4601000005      <1>     cmp byte [.bAccCnt], maxAcc ;If below, we say ok!
  2228 00001302 7217                <1>     jb .ctNoChange
  2229 00001304 FE0D3E010000        <1>     dec byte [.bAccCnt] ;Else drop the inc and say unsure
  2230 0000130A EB0D                <1>     jmp short .ctMaybeCh
  2231                              <1> .ctOk:
  2232 0000130C 8B5570              <1>     mov edx, dword [rbp + drvBlk.dAccTime]  ;Get last disk access time
  2233                              <1> ;ecx = time of current check, adjusted for day rollovers 
  2234 0000130F 29D1                <1>     sub ecx, edx    
  2235 00001311 81F924000000        <1>     cmp ecx, 36 ;Is this leq 36? 36 ticks at 55ms is approx 2 seconds.
  2236 00001317 7602                <1>     jbe .ctNoChange
  2237                              <1> .ctMaybeCh:
  2238 00001319 F9                  <1>     stc
  2239                              <1>     return
    13                              <2> %%_ret:
    14 0000131A C3                  <2>  ret
    15                              <2> %assign retOff %%_ret-$$
  2240                              <1> .ctNoChange:
  2241 0000131B F8                  <1>     clc
  2242                              <1>     return
    13                              <2> %%_ret:
    14 0000131C C3                  <2>  ret
    15                              <2> %assign retOff %%_ret-$$
  2243                              <1> 
  2244                              <1> .callI33h:
  2245                              <1> ;Wraps all i33 calls allowing me to preserve all that I need to preserve
  2246                              <1> ; across these calls. Only allows returning values in ax.
  2247 0000131D 53                  <1>     push rbx
  2248 0000131E 51                  <1>     push rcx
  2249 0000131F 52                  <1>     push rdx
  2250 00001320 56                  <1>     push rsi
  2251 00001321 57                  <1>     push rdi
  2252 00001322 55                  <1>     push rbp
  2253 00001323 CD33                <1>     int 33h
  2254 00001325 5D                  <1>     pop rbp
  2255 00001326 5F                  <1>     pop rdi
  2256 00001327 5E                  <1>     pop rsi
  2257 00001328 5A                  <1>     pop rdx
  2258 00001329 59                  <1>     pop rcx
  2259 0000132A 5B                  <1>     pop rbx
  2260                              <1>     return
    13                              <2> %%_ret:
    14 0000132B C3                  <2>  ret
    15                              <2> %assign retOff %%_ret-$$
  2261                              <1> 
  2262                              <1> .setBitsForAllDevs:
  2263                              <1> ;Sets the selected bits for all devices with a particular BIOS number.
  2264                              <1> ;Input: ax = Bits to set in wDevFlgs
  2265                              <1> ;       dl = BIOS drive number
  2266 0000132C 55                  <1>     push rbp
  2267 0000132D 9C                  <1>     pushfq
  2268 0000132E 488D2DDF120000      <1>     lea rbp, .drvBlkTbl
  2269                              <1> .sbfadLp:
  2270 00001335 385508              <1>     cmp byte [rbp + drvBlk.bBIOSNum], dl
  2271 00001338 7504                <1>     jne .sbfadNext
  2272 0000133A 66094537            <1>     or word [rbp + drvBlk.wDevFlgs], ax
  2273                              <1> .sbfadNext:
  2274 0000133E 488B6D00            <1>     mov rbp, qword [rbp + drvBlk.pLink]
  2275 00001342 4881FDFFFFFFFF      <1>     cmp rbp, -1
  2276 00001349 75EA                <1>     jne .sbfadLp
  2277                              <1> .sbfadExit:
  2278 0000134B 9D                  <1>     popfq
  2279 0000134C 5D                  <1>     pop rbp
  2280                              <1>     return
    13                              <2> %%_ret:
    14 0000134D C3                  <2>  ret
    15                              <2> %assign retOff %%_ret-$$
  2281                              <1> 
  2282                              <1> .i2fDriver:
  2283                              <1> ;Back door into the block driver :)
  2284 0000134E 80FC08              <1>     cmp ah, 08h
  2285 00001351 7510                <1>     jne .i2fNotUs
  2286 00001353 84C0                <1>     test al, al ;AL=00, Install check
  2287 00001355 7412                <1>     jz .i2fCheck
  2288 00001357 3C01                <1>     cmp al, 01  ;AL=01, Add block device
  2289 00001359 7412                <1>     je .i2fAddTbl
  2290 0000135B 3C02                <1>     cmp al, 02  ;AL=02, Execute blk drv request
  2291 0000135D 745D                <1>     je .i2fExec
  2292 0000135F 3C03                <1>     cmp al, 03  ;AL=03, Get tbl ptr
  2293 00001361 7479                <1>     je .i2fGivTbl
  2294                              <1> .i2fNotUs:
  2295 00001363 FF257BF1FFFF        <1>     jmp qword [i2FNext]
  2296                              <1> .i2fCheck:
  2297 00001369 B0FF                <1>     mov al, -1  ;Indicate installed!
  2298 0000136B 48CF                <1>     iretq
  2299                              <1> .i2fAddTbl:
  2300                              <1> ;Adds a new entry to the drive chain and updates the multiownership bits
  2301                              <1> ; as it does :)
  2302                              <1> ;Input: rdi -> New drvBlk to link to table (can be multiple!)
  2303                              <1> ;Destroy rax, rbx and rsi
  2304 0000136D 488D35A0120000      <1>     lea rsi, .drvBlkTbl
  2305 00001374 0FB64708            <1>     movzx eax, byte [rdi + drvBlk.bBIOSNum]
  2306                              <1> .i2fATLp:
  2307 00001378 384608              <1>     cmp byte [rsi + drvBlk.bBIOSNum], al
  2308 0000137B 7526                <1>     jne .i2fATNext
  2309                              <1> ;Set that the two disks are multi owned. New cannot own the drive
  2310                              <1> ; and make sure that the new drive has the accurate changeline bit set
  2311 0000137D 66814E371000        <1>     or word [rsi + drvBlk.wDevFlgs], devMulti       ;Both drives now multi!
  2312 00001383 66814F371000        <1>     or word [rdi + drvBlk.wDevFlgs], devMulti
  2313 00001389 66816737DFFF        <1>     and word [rdi + drvBlk.wDevFlgs], ~devOwnDrv    ;New cant own drv
  2314                              <1> ;Changeline check.
  2315 0000138F 66816737FDFF        <1>     and word [rdi + drvBlk.wDevFlgs], ~devChgLine   ;Assume no changeline
  2316 00001395 66F746370200        <1>     test word [rsi + drvBlk.wDevFlgs], devChgLine   ;Do we really have cline?
  2317 0000139B 7406                <1>     jz .i2fATNext   ;Skip adding the bit if not
  2318 0000139D 66814F370200        <1>     or word [rdi + drvBlk.wDevFlgs], devChgLine     ;Add if we do 
  2319                              <1> .i2fATNext:
  2320 000013A3 48813EFFFFFFFF      <1>     cmp qword [rsi + drvBlk.pLink], -1  ;Check if we @ end of table
  2321 000013AA 480F4536            <1>     cmovne rsi, qword [rsi + drvBlk.pLink] ;Walk if not
  2322 000013AE 75C8                <1>     jne .i2fATLp    ;And go again if not
  2323 000013B0 48893E              <1>     mov qword [rsi + drvBlk.pLink], rdi ;Else, link rdi onto the end
  2324 000013B3 48C707FFFFFFFF      <1>     mov qword [rdi + drvBlk.pLink], -1  ;And terminate list @ rdi now :)
  2325 000013BA 48CF                <1>     iretq
  2326                              <1> .i2fExec:
  2327                              <1> ;We make a small change in that we clean up the flags from the stack
  2328                              <1> ; as opposed to DOS which leaves them on the stack. Doing so is fine 
  2329                              <1> ; as no useful information is ever passed in the flags from a driver
  2330                              <1> ; so by doing so, any ported applications which do an additional pop
  2331                              <1> ; from the stack to balance the stack will not be harmed by this.
  2332 000013BC 50                  <1>     push rax
  2333 000013BD B802800000          <1>     mov eax, 8002h  ;Enter Driver critical section
  2334 000013C2 CD2A                <1>     int 2Ah
  2335                              <1> 
  2336 000013C4 53                  <1>     push rbx
  2337 000013C5 48891D(98010000)    <1>     mov qword [reqPktPtr], rbx  ;Save the ptr in var since we own it now :)
  2338 000013CC E8D9F1FFFF          <1>     call msdDriver  ;And call the driver like from within DOS!
  2339 000013D1 5B                  <1>     pop rbx
  2340                              <1> 
  2341 000013D2 B802810000          <1>     mov eax, 8102h  ;Exit Driver critical section
  2342 000013D7 CD2A                <1>     int 2Ah
  2343 000013D9 58                  <1>     pop rax
  2344 000013DA 48CF                <1>     iretq
  2345                              <1> .i2fGivTbl:
  2346                              <1> ;Output: rdi -> drvBlkTbl
  2347 000013DC 488D3D31120000      <1>     lea rdi, .drvBlkTbl
  2348 000013E3 48CF                <1>     iretq
  2349                              <1> 
  2350 000013E5 0D0A496E7365727420- <1> .strikeMsg db 0Dh,0Ah,"Insert disk for drive "
  2350 000013EE 6469736B20666F7220- <1>
  2350 000013F7 647269766520        <1>
  2351 000013FD 413A20616E64207374- <1> .strikeMsgLetter db "A: and strike",0Dh,0Ah,"any key when ready",0Dh,0Ah,0Ah
  2351 00001406 72696B650D0A616E79- <1>
  2351 0000140F 206B6579207768656E- <1>
  2351 00001418 2072656164790D0A0A  <1>
  2352                              <1> .strikeMsgL equ $ - .strikeMsg
  2353                              <1> 
  2354 00001421 464154313220202000  <1> .fat12Str   db "FAT12   ",0
  2355 0000142A 464154313620202000  <1> .fat16Str   db "FAT16   ",0
  2356 00001433 464154333220202000  <1> .fat32Str   db "FAT32   ",0
  2357 0000143C 4E4F204E414D452020- <1> .defLbl     db "NO NAME    ",0 ;Default volume label
  2357 00001445 202000              <1>
  2358                              <1> 
  2359 00001448 00                  <1> .bAccCnt    db 0    ;Counter of 0 time difference media checks
  2360 00001449 FF                  <1> .bLastDsk   db -1   ;Last disk to be checked for media check/IO.
  2361                              <1> 
  2362                              <1> .ioTrackTbl:
  2363                              <1> ;Track table. In theory, used for formatting only.
  2364                              <1> ; In practise, we dont use it at all as we only allow for media where all 
  2365                              <1> ; sectors on a ``track'' have the same size. Find me a memory stick
  2366                              <1> ; with variable sector sizes...
  2367                              <1> ;
  2368                              <1> ;First entry is just a word with the number of entries
  2369                              <1> ; following. Then each row of the table is as defined below.
  2370                              <1> ;Only needed for removable devices with sectors on a track are of different size. 
  2371                              <1> ;We dont support these so this logic might just be eliminated.
  2372 0000144A 3F00                <1>     dw maxTrackTblSz    ;Have a maximum of 63 sectors per track
  2373                              <1> ;Each row is four bytes:
  2374                              <1> ;Track number, Head number (0 based), Sector number, Sector size
  2375                              <1> ; Sector size is a code 0-5 defined as
  2376                              <1> ; 0 =  128 bytes
  2377                              <1> ; 1 =  256 bytes
  2378                              <1> ; 2 =  512 bytes
  2379                              <1> ; 3 = 1024 bytes
  2380                              <1> ; 4 = 2048 bytes (invalid)
  2381                              <1> ; 5 = 4096 bytes 
  2382                              <1>     %push
  2383                              <1>     %assign i 1
  2384                              <1>         %rep (maxTrackTblSz + 1)
  2385                              <1>         db 0, 0, i, 2
  2386                              <1>             %assign i i+1
  2387                              <1>         %endrep
  2385 0000144C 00000102            <2>  db 0, 0, i, 2
  2386                              <2>  %assign i i+1
  2385 00001450 00000202            <2>  db 0, 0, i, 2
  2386                              <2>  %assign i i+1
  2385 00001454 00000302            <2>  db 0, 0, i, 2
  2386                              <2>  %assign i i+1
  2385 00001458 00000402            <2>  db 0, 0, i, 2
  2386                              <2>  %assign i i+1
  2385 0000145C 00000502            <2>  db 0, 0, i, 2
  2386                              <2>  %assign i i+1
  2385 00001460 00000602            <2>  db 0, 0, i, 2
  2386                              <2>  %assign i i+1
  2385 00001464 00000702            <2>  db 0, 0, i, 2
  2386                              <2>  %assign i i+1
  2385 00001468 00000802            <2>  db 0, 0, i, 2
  2386                              <2>  %assign i i+1
  2385 0000146C 00000902            <2>  db 0, 0, i, 2
  2386                              <2>  %assign i i+1
  2385 00001470 00000A02            <2>  db 0, 0, i, 2
  2386                              <2>  %assign i i+1
  2385 00001474 00000B02            <2>  db 0, 0, i, 2
  2386                              <2>  %assign i i+1
  2385 00001478 00000C02            <2>  db 0, 0, i, 2
  2386                              <2>  %assign i i+1
  2385 0000147C 00000D02            <2>  db 0, 0, i, 2
  2386                              <2>  %assign i i+1
  2385 00001480 00000E02            <2>  db 0, 0, i, 2
  2386                              <2>  %assign i i+1
  2385 00001484 00000F02            <2>  db 0, 0, i, 2
  2386                              <2>  %assign i i+1
  2385 00001488 00001002            <2>  db 0, 0, i, 2
  2386                              <2>  %assign i i+1
  2385 0000148C 00001102            <2>  db 0, 0, i, 2
  2386                              <2>  %assign i i+1
  2385 00001490 00001202            <2>  db 0, 0, i, 2
  2386                              <2>  %assign i i+1
  2385 00001494 00001302            <2>  db 0, 0, i, 2
  2386                              <2>  %assign i i+1
  2385 00001498 00001402            <2>  db 0, 0, i, 2
  2386                              <2>  %assign i i+1
  2385 0000149C 00001502            <2>  db 0, 0, i, 2
  2386                              <2>  %assign i i+1
  2385 000014A0 00001602            <2>  db 0, 0, i, 2
  2386                              <2>  %assign i i+1
  2385 000014A4 00001702            <2>  db 0, 0, i, 2
  2386                              <2>  %assign i i+1
  2385 000014A8 00001802            <2>  db 0, 0, i, 2
  2386                              <2>  %assign i i+1
  2385 000014AC 00001902            <2>  db 0, 0, i, 2
  2386                              <2>  %assign i i+1
  2385 000014B0 00001A02            <2>  db 0, 0, i, 2
  2386                              <2>  %assign i i+1
  2385 000014B4 00001B02            <2>  db 0, 0, i, 2
  2386                              <2>  %assign i i+1
  2385 000014B8 00001C02            <2>  db 0, 0, i, 2
  2386                              <2>  %assign i i+1
  2385 000014BC 00001D02            <2>  db 0, 0, i, 2
  2386                              <2>  %assign i i+1
  2385 000014C0 00001E02            <2>  db 0, 0, i, 2
  2386                              <2>  %assign i i+1
  2385 000014C4 00001F02            <2>  db 0, 0, i, 2
  2386                              <2>  %assign i i+1
  2385 000014C8 00002002            <2>  db 0, 0, i, 2
  2386                              <2>  %assign i i+1
  2385 000014CC 00002102            <2>  db 0, 0, i, 2
  2386                              <2>  %assign i i+1
  2385 000014D0 00002202            <2>  db 0, 0, i, 2
  2386                              <2>  %assign i i+1
  2385 000014D4 00002302            <2>  db 0, 0, i, 2
  2386                              <2>  %assign i i+1
  2385 000014D8 00002402            <2>  db 0, 0, i, 2
  2386                              <2>  %assign i i+1
  2385 000014DC 00002502            <2>  db 0, 0, i, 2
  2386                              <2>  %assign i i+1
  2385 000014E0 00002602            <2>  db 0, 0, i, 2
  2386                              <2>  %assign i i+1
  2385 000014E4 00002702            <2>  db 0, 0, i, 2
  2386                              <2>  %assign i i+1
  2385 000014E8 00002802            <2>  db 0, 0, i, 2
  2386                              <2>  %assign i i+1
  2385 000014EC 00002902            <2>  db 0, 0, i, 2
  2386                              <2>  %assign i i+1
  2385 000014F0 00002A02            <2>  db 0, 0, i, 2
  2386                              <2>  %assign i i+1
  2385 000014F4 00002B02            <2>  db 0, 0, i, 2
  2386                              <2>  %assign i i+1
  2385 000014F8 00002C02            <2>  db 0, 0, i, 2
  2386                              <2>  %assign i i+1
  2385 000014FC 00002D02            <2>  db 0, 0, i, 2
  2386                              <2>  %assign i i+1
  2385 00001500 00002E02            <2>  db 0, 0, i, 2
  2386                              <2>  %assign i i+1
  2385 00001504 00002F02            <2>  db 0, 0, i, 2
  2386                              <2>  %assign i i+1
  2385 00001508 00003002            <2>  db 0, 0, i, 2
  2386                              <2>  %assign i i+1
  2385 0000150C 00003102            <2>  db 0, 0, i, 2
  2386                              <2>  %assign i i+1
  2385 00001510 00003202            <2>  db 0, 0, i, 2
  2386                              <2>  %assign i i+1
  2385 00001514 00003302            <2>  db 0, 0, i, 2
  2386                              <2>  %assign i i+1
  2385 00001518 00003402            <2>  db 0, 0, i, 2
  2386                              <2>  %assign i i+1
  2385 0000151C 00003502            <2>  db 0, 0, i, 2
  2386                              <2>  %assign i i+1
  2385 00001520 00003602            <2>  db 0, 0, i, 2
  2386                              <2>  %assign i i+1
  2385 00001524 00003702            <2>  db 0, 0, i, 2
  2386                              <2>  %assign i i+1
  2385 00001528 00003802            <2>  db 0, 0, i, 2
  2386                              <2>  %assign i i+1
  2385 0000152C 00003902            <2>  db 0, 0, i, 2
  2386                              <2>  %assign i i+1
  2385 00001530 00003A02            <2>  db 0, 0, i, 2
  2386                              <2>  %assign i i+1
  2385 00001534 00003B02            <2>  db 0, 0, i, 2
  2386                              <2>  %assign i i+1
  2385 00001538 00003C02            <2>  db 0, 0, i, 2
  2386                              <2>  %assign i i+1
  2385 0000153C 00003D02            <2>  db 0, 0, i, 2
  2386                              <2>  %assign i i+1
  2385 00001540 00003E02            <2>  db 0, 0, i, 2
  2386                              <2>  %assign i i+1
  2385 00001544 00003F02            <2>  db 0, 0, i, 2
  2386                              <2>  %assign i i+1
  2385 00001548 00004002            <2>  db 0, 0, i, 2
  2386                              <2>  %assign i i+1
  2388                              <1>     %pop
  2389                              <1> 
  2390                              <1> 
  2391                              <1> ;Keep this @ 4096 for hotplugging a 4096 byte sector device
  2392                              <1> ;Access to this buffer should be mediated through a critical section... 
  2393                              <1> ; but this driver doesnt need to be reentrant yet.
  2394 0000154C 000000000000000000- <1> .inBuffer   db 4096 dup (0)  
  2394 00001555 000000000000000000- <1>
  2394 0000155E 000000000000000000- <1>
  2394 00001567 000000000000000000- <1>
  2394 00001570 000000000000000000- <1>
  2394 00001579 000000000000000000- <1>
  2394 00001582 000000000000000000- <1>
  2394 0000158B 000000000000000000- <1>
  2394 00001594 000000000000000000- <1>
  2394 0000159D 000000000000000000- <1>
  2394 000015A6 000000000000000000- <1>
  2394 000015AF 000000000000000000- <1>
  2394 000015B8 000000000000000000- <1>
  2394 000015C1 000000000000000000- <1>
  2394 000015CA 000000000000000000- <1>
  2394 000015D3 000000000000000000- <1>
  2394 000015DC 000000000000000000- <1>
  2394 000015E5 000000000000000000- <1>
  2394 000015EE 000000000000000000- <1>
  2394 000015F7 000000000000000000- <1>
  2394 00001600 000000000000000000- <1>
  2394 00001609 000000000000000000- <1>
  2394 00001612 000000000000000000- <1>
  2394 0000161B 000000000000000000- <1>
  2394 00001624 000000000000000000- <1>
  2394 0000162D 000000000000000000- <1>
  2394 00001636 000000000000000000- <1>
  2394 0000163F 000000000000000000- <1>
  2394 00001648 000000000000000000- <1>
  2394 00001651 000000000000000000- <1>
  2394 0000165A 000000000000000000- <1>
  2394 00001663 000000000000000000- <1>
  2394 0000166C 000000000000000000- <1>
  2394 00001675 000000000000000000- <1>
  2394 0000167E 000000000000000000- <1>
  2394 00001687 000000000000000000- <1>
  2394 00001690 000000000000000000- <1>
  2394 00001699 000000000000000000- <1>
  2394 000016A2 000000000000000000- <1>
  2394 000016AB 000000000000000000- <1>
  2394 000016B4 000000000000000000- <1>
  2394 000016BD 000000000000000000- <1>
  2394 000016C6 000000000000000000- <1>
  2394 000016CF 000000000000000000- <1>
  2394 000016D8 000000000000000000- <1>
  2394 000016E1 000000000000000000- <1>
  2394 000016EA 000000000000000000- <1>
  2394 000016F3 000000000000000000- <1>
  2394 000016FC 000000000000000000- <1>
  2394 00001705 000000000000000000- <1>
  2394 0000170E 000000000000000000- <1>
  2394 00001717 000000000000000000- <1>
  2394 00001720 000000000000000000- <1>
  2394 00001729 000000000000000000- <1>
  2394 00001732 000000000000000000- <1>
  2394 0000173B 000000000000000000- <1>
  2394 00001744 000000000000000000- <1>
  2394 0000174D 000000000000000000- <1>
  2394 00001756 000000000000000000- <1>
  2394 0000175F 000000000000000000- <1>
  2394 00001768 000000000000000000- <1>
  2394 00001771 000000000000000000- <1>
  2394 0000177A 000000000000000000- <1>
  2394 00001783 000000000000000000- <1>
  2394 0000178C 000000000000000000- <1>
  2394 00001795 000000000000000000- <1>
  2394 0000179E 000000000000000000- <1>
  2394 000017A7 000000000000000000- <1>
  2394 000017B0 000000000000000000- <1>
  2394 000017B9 000000000000000000- <1>
  2394 000017C2 000000000000000000- <1>
  2394 000017CB 000000000000000000- <1>
  2394 000017D4 000000000000000000- <1>
  2394 000017DD 000000000000000000- <1>
  2394 000017E6 000000000000000000- <1>
  2394 000017EF 000000000000000000- <1>
  2394 000017F8 000000000000000000- <1>
  2394 00001801 000000000000000000- <1>
  2394 0000180A 000000000000000000- <1>
  2394 00001813 000000000000000000- <1>
  2394 0000181C 000000000000000000- <1>
  2394 00001825 000000000000000000- <1>
  2394 0000182E 000000000000000000- <1>
  2394 00001837 000000000000000000- <1>
  2394 00001840 000000000000000000- <1>
  2394 00001849 000000000000000000- <1>
  2394 00001852 000000000000000000- <1>
  2394 0000185B 000000000000000000- <1>
  2394 00001864 000000000000000000- <1>
  2394 0000186D 000000000000000000- <1>
  2394 00001876 000000000000000000- <1>
  2394 0000187F 000000000000000000- <1>
  2394 00001888 000000000000000000- <1>
  2394 00001891 000000000000000000- <1>
  2394 0000189A 000000000000000000- <1>
  2394 000018A3 000000000000000000- <1>
  2394 000018AC 000000000000000000- <1>
  2394 000018B5 000000000000000000- <1>
  2394 000018BE 000000000000000000- <1>
  2394 000018C7 000000000000000000- <1>
  2394 000018D0 000000000000000000- <1>
  2394 000018D9 000000000000000000- <1>
  2394 000018E2 000000000000000000- <1>
  2394 000018EB 000000000000000000- <1>
  2394 000018F4 000000000000000000- <1>
  2394 000018FD 000000000000000000- <1>
  2394 00001906 000000000000000000- <1>
  2394 0000190F 000000000000000000- <1>
  2394 00001918 000000000000000000- <1>
  2394 00001921 000000000000000000- <1>
  2394 0000192A 000000000000000000- <1>
  2394 00001933 000000000000000000- <1>
  2394 0000193C 000000000000000000- <1>
  2394 00001945 000000000000000000- <1>
  2394 0000194E 000000000000000000- <1>
  2394 00001957 000000000000000000- <1>
  2394 00001960 000000000000000000- <1>
  2394 00001969 000000000000000000- <1>
  2394 00001972 000000000000000000- <1>
  2394 0000197B 000000000000000000- <1>
  2394 00001984 000000000000000000- <1>
  2394 0000198D 000000000000000000- <1>
  2394 00001996 000000000000000000- <1>
  2394 0000199F 000000000000000000- <1>
  2394 000019A8 000000000000000000- <1>
  2394 000019B1 000000000000000000- <1>
  2394 000019BA 000000000000000000- <1>
  2394 000019C3 000000000000000000- <1>
  2394 000019CC 000000000000000000- <1>
  2394 000019D5 000000000000000000- <1>
  2394 000019DE 000000000000000000- <1>
  2394 000019E7 000000000000000000- <1>
  2394 000019F0 000000000000000000- <1>
  2394 000019F9 000000000000000000- <1>
  2394 00001A02 000000000000000000- <1>
  2394 00001A0B 000000000000000000- <1>
  2394 00001A14 000000000000000000- <1>
  2394 00001A1D 000000000000000000- <1>
  2394 00001A26 000000000000000000- <1>
  2394 00001A2F 000000000000000000- <1>
  2394 00001A38 000000000000000000- <1>
  2394 00001A41 000000000000000000- <1>
  2394 00001A4A 000000000000000000- <1>
  2394 00001A53 000000000000000000- <1>
  2394 00001A5C 000000000000000000- <1>
  2394 00001A65 000000000000000000- <1>
  2394 00001A6E 000000000000000000- <1>
  2394 00001A77 000000000000000000- <1>
  2394 00001A80 000000000000000000- <1>
  2394 00001A89 000000000000000000- <1>
  2394 00001A92 000000000000000000- <1>
  2394 00001A9B 000000000000000000- <1>
  2394 00001AA4 000000000000000000- <1>
  2394 00001AAD 000000000000000000- <1>
  2394 00001AB6 000000000000000000- <1>
  2394 00001ABF 000000000000000000- <1>
  2394 00001AC8 000000000000000000- <1>
  2394 00001AD1 000000000000000000- <1>
  2394 00001ADA 000000000000000000- <1>
  2394 00001AE3 000000000000000000- <1>
  2394 00001AEC 000000000000000000- <1>
  2394 00001AF5 000000000000000000- <1>
  2394 00001AFE 000000000000000000- <1>
  2394 00001B07 000000000000000000- <1>
  2394 00001B10 000000000000000000- <1>
  2394 00001B19 000000000000000000- <1>
  2394 00001B22 000000000000000000- <1>
  2394 00001B2B 000000000000000000- <1>
  2394 00001B34 000000000000000000- <1>
  2394 00001B3D 000000000000000000- <1>
  2394 00001B46 000000000000000000- <1>
  2394 00001B4F 000000000000000000- <1>
  2394 00001B58 000000000000000000- <1>
  2394 00001B61 000000000000000000- <1>
  2394 00001B6A 000000000000000000- <1>
  2394 00001B73 000000000000000000- <1>
  2394 00001B7C 000000000000000000- <1>
  2394 00001B85 000000000000000000- <1>
  2394 00001B8E 000000000000000000- <1>
  2394 00001B97 000000000000000000- <1>
  2394 00001BA0 000000000000000000- <1>
  2394 00001BA9 000000000000000000- <1>
  2394 00001BB2 000000000000000000- <1>
  2394 00001BBB 000000000000000000- <1>
  2394 00001BC4 000000000000000000- <1>
  2394 00001BCD 000000000000000000- <1>
  2394 00001BD6 000000000000000000- <1>
  2394 00001BDF 000000000000000000- <1>
  2394 00001BE8 000000000000000000- <1>
  2394 00001BF1 000000000000000000- <1>
  2394 00001BFA 000000000000000000- <1>
  2394 00001C03 000000000000000000- <1>
  2394 00001C0C 000000000000000000- <1>
  2394 00001C15 000000000000000000- <1>
  2394 00001C1E 000000000000000000- <1>
  2394 00001C27 000000000000000000- <1>
  2394 00001C30 000000000000000000- <1>
  2394 00001C39 000000000000000000- <1>
  2394 00001C42 000000000000000000- <1>
  2394 00001C4B 000000000000000000- <1>
  2394 00001C54 000000000000000000- <1>
  2394 00001C5D 000000000000000000- <1>
  2394 00001C66 000000000000000000- <1>
  2394 00001C6F 000000000000000000- <1>
  2394 00001C78 000000000000000000- <1>
  2394 00001C81 000000000000000000- <1>
  2394 00001C8A 000000000000000000- <1>
  2394 00001C93 000000000000000000- <1>
  2394 00001C9C 000000000000000000- <1>
  2394 00001CA5 000000000000000000- <1>
  2394 00001CAE 000000000000000000- <1>
  2394 00001CB7 000000000000000000- <1>
  2394 00001CC0 000000000000000000- <1>
  2394 00001CC9 000000000000000000- <1>
  2394 00001CD2 000000000000000000- <1>
  2394 00001CDB 000000000000000000- <1>
  2394 00001CE4 000000000000000000- <1>
  2394 00001CED 000000000000000000- <1>
  2394 00001CF6 000000000000000000- <1>
  2394 00001CFF 000000000000000000- <1>
  2394 00001D08 000000000000000000- <1>
  2394 00001D11 000000000000000000- <1>
  2394 00001D1A 000000000000000000- <1>
  2394 00001D23 000000000000000000- <1>
  2394 00001D2C 000000000000000000- <1>
  2394 00001D35 000000000000000000- <1>
  2394 00001D3E 000000000000000000- <1>
  2394 00001D47 000000000000000000- <1>
  2394 00001D50 000000000000000000- <1>
  2394 00001D59 000000000000000000- <1>
  2394 00001D62 000000000000000000- <1>
  2394 00001D6B 000000000000000000- <1>
  2394 00001D74 000000000000000000- <1>
  2394 00001D7D 000000000000000000- <1>
  2394 00001D86 000000000000000000- <1>
  2394 00001D8F 000000000000000000- <1>
  2394 00001D98 000000000000000000- <1>
  2394 00001DA1 000000000000000000- <1>
  2394 00001DAA 000000000000000000- <1>
  2394 00001DB3 000000000000000000- <1>
  2394 00001DBC 000000000000000000- <1>
  2394 00001DC5 000000000000000000- <1>
  2394 00001DCE 000000000000000000- <1>
  2394 00001DD7 000000000000000000- <1>
  2394 00001DE0 000000000000000000- <1>
  2394 00001DE9 000000000000000000- <1>
  2394 00001DF2 000000000000000000- <1>
  2394 00001DFB 000000000000000000- <1>
  2394 00001E04 000000000000000000- <1>
  2394 00001E0D 000000000000000000- <1>
  2394 00001E16 000000000000000000- <1>
  2394 00001E1F 000000000000000000- <1>
  2394 00001E28 000000000000000000- <1>
  2394 00001E31 000000000000000000- <1>
  2394 00001E3A 000000000000000000- <1>
  2394 00001E43 000000000000000000- <1>
  2394 00001E4C 000000000000000000- <1>
  2394 00001E55 000000000000000000- <1>
  2394 00001E5E 000000000000000000- <1>
  2394 00001E67 000000000000000000- <1>
  2394 00001E70 000000000000000000- <1>
  2394 00001E79 000000000000000000- <1>
  2394 00001E82 000000000000000000- <1>
  2394 00001E8B 000000000000000000- <1>
  2394 00001E94 000000000000000000- <1>
  2394 00001E9D 000000000000000000- <1>
  2394 00001EA6 000000000000000000- <1>
  2394 00001EAF 000000000000000000- <1>
  2394 00001EB8 000000000000000000- <1>
  2394 00001EC1 000000000000000000- <1>
  2394 00001ECA 000000000000000000- <1>
  2394 00001ED3 000000000000000000- <1>
  2394 00001EDC 000000000000000000- <1>
  2394 00001EE5 000000000000000000- <1>
  2394 00001EEE 000000000000000000- <1>
  2394 00001EF7 000000000000000000- <1>
  2394 00001F00 000000000000000000- <1>
  2394 00001F09 000000000000000000- <1>
  2394 00001F12 000000000000000000- <1>
  2394 00001F1B 000000000000000000- <1>
  2394 00001F24 000000000000000000- <1>
  2394 00001F2D 000000000000000000- <1>
  2394 00001F36 000000000000000000- <1>
  2394 00001F3F 000000000000000000- <1>
  2394 00001F48 000000000000000000- <1>
  2394 00001F51 000000000000000000- <1>
  2394 00001F5A 000000000000000000- <1>
  2394 00001F63 000000000000000000- <1>
  2394 00001F6C 000000000000000000- <1>
  2394 00001F75 000000000000000000- <1>
  2394 00001F7E 000000000000000000- <1>
  2394 00001F87 000000000000000000- <1>
  2394 00001F90 000000000000000000- <1>
  2394 00001F99 000000000000000000- <1>
  2394 00001FA2 000000000000000000- <1>
  2394 00001FAB 000000000000000000- <1>
  2394 00001FB4 000000000000000000- <1>
  2394 00001FBD 000000000000000000- <1>
  2394 00001FC6 000000000000000000- <1>
  2394 00001FCF 000000000000000000- <1>
  2394 00001FD8 000000000000000000- <1>
  2394 00001FE1 000000000000000000- <1>
  2394 00001FEA 000000000000000000- <1>
  2394 00001FF3 000000000000000000- <1>
  2394 00001FFC 000000000000000000- <1>
  2394 00002005 000000000000000000- <1>
  2394 0000200E 000000000000000000- <1>
  2394 00002017 000000000000000000- <1>
  2394 00002020 000000000000000000- <1>
  2394 00002029 000000000000000000- <1>
  2394 00002032 000000000000000000- <1>
  2394 0000203B 000000000000000000- <1>
  2394 00002044 000000000000000000- <1>
  2394 0000204D 000000000000000000- <1>
  2394 00002056 000000000000000000- <1>
  2394 0000205F 000000000000000000- <1>
  2394 00002068 000000000000000000- <1>
  2394 00002071 000000000000000000- <1>
  2394 0000207A 000000000000000000- <1>
  2394 00002083 000000000000000000- <1>
  2394 0000208C 000000000000000000- <1>
  2394 00002095 000000000000000000- <1>
  2394 0000209E 000000000000000000- <1>
  2394 000020A7 000000000000000000- <1>
  2394 000020B0 000000000000000000- <1>
  2394 000020B9 000000000000000000- <1>
  2394 000020C2 000000000000000000- <1>
  2394 000020CB 000000000000000000- <1>
  2394 000020D4 000000000000000000- <1>
  2394 000020DD 000000000000000000- <1>
  2394 000020E6 000000000000000000- <1>
  2394 000020EF 000000000000000000- <1>
  2394 000020F8 000000000000000000- <1>
  2394 00002101 000000000000000000- <1>
  2394 0000210A 000000000000000000- <1>
  2394 00002113 000000000000000000- <1>
  2394 0000211C 000000000000000000- <1>
  2394 00002125 000000000000000000- <1>
  2394 0000212E 000000000000000000- <1>
  2394 00002137 000000000000000000- <1>
  2394 00002140 000000000000000000- <1>
  2394 00002149 000000000000000000- <1>
  2394 00002152 000000000000000000- <1>
  2394 0000215B 000000000000000000- <1>
  2394 00002164 000000000000000000- <1>
  2394 0000216D 000000000000000000- <1>
  2394 00002176 000000000000000000- <1>
  2394 0000217F 000000000000000000- <1>
  2394 00002188 000000000000000000- <1>
  2394 00002191 000000000000000000- <1>
  2394 0000219A 000000000000000000- <1>
  2394 000021A3 000000000000000000- <1>
  2394 000021AC 000000000000000000- <1>
  2394 000021B5 000000000000000000- <1>
  2394 000021BE 000000000000000000- <1>
  2394 000021C7 000000000000000000- <1>
  2394 000021D0 000000000000000000- <1>
  2394 000021D9 000000000000000000- <1>
  2394 000021E2 000000000000000000- <1>
  2394 000021EB 000000000000000000- <1>
  2394 000021F4 000000000000000000- <1>
  2394 000021FD 000000000000000000- <1>
  2394 00002206 000000000000000000- <1>
  2394 0000220F 000000000000000000- <1>
  2394 00002218 000000000000000000- <1>
  2394 00002221 000000000000000000- <1>
  2394 0000222A 000000000000000000- <1>
  2394 00002233 000000000000000000- <1>
  2394 0000223C 000000000000000000- <1>
  2394 00002245 000000000000000000- <1>
  2394 0000224E 000000000000000000- <1>
  2394 00002257 000000000000000000- <1>
  2394 00002260 000000000000000000- <1>
  2394 00002269 000000000000000000- <1>
  2394 00002272 000000000000000000- <1>
  2394 0000227B 000000000000000000- <1>
  2394 00002284 000000000000000000- <1>
  2394 0000228D 000000000000000000- <1>
  2394 00002296 000000000000000000- <1>
  2394 0000229F 000000000000000000- <1>
  2394 000022A8 000000000000000000- <1>
  2394 000022B1 000000000000000000- <1>
  2394 000022BA 000000000000000000- <1>
  2394 000022C3 000000000000000000- <1>
  2394 000022CC 000000000000000000- <1>
  2394 000022D5 000000000000000000- <1>
  2394 000022DE 000000000000000000- <1>
  2394 000022E7 000000000000000000- <1>
  2394 000022F0 000000000000000000- <1>
  2394 000022F9 000000000000000000- <1>
  2394 00002302 000000000000000000- <1>
  2394 0000230B 000000000000000000- <1>
  2394 00002314 000000000000000000- <1>
  2394 0000231D 000000000000000000- <1>
  2394 00002326 000000000000000000- <1>
  2394 0000232F 000000000000000000- <1>
  2394 00002338 000000000000000000- <1>
  2394 00002341 000000000000000000- <1>
  2394 0000234A 000000000000000000- <1>
  2394 00002353 000000000000000000- <1>
  2394 0000235C 000000000000000000- <1>
  2394 00002365 000000000000000000- <1>
  2394 0000236E 000000000000000000- <1>
  2394 00002377 000000000000000000- <1>
  2394 00002380 000000000000000000- <1>
  2394 00002389 000000000000000000- <1>
  2394 00002392 000000000000000000- <1>
  2394 0000239B 000000000000000000- <1>
  2394 000023A4 000000000000000000- <1>
  2394 000023AD 000000000000000000- <1>
  2394 000023B6 000000000000000000- <1>
  2394 000023BF 000000000000000000- <1>
  2394 000023C8 000000000000000000- <1>
  2394 000023D1 000000000000000000- <1>
  2394 000023DA 000000000000000000- <1>
  2394 000023E3 000000000000000000- <1>
  2394 000023EC 000000000000000000- <1>
  2394 000023F5 000000000000000000- <1>
  2394 000023FE 000000000000000000- <1>
  2394 00002407 000000000000000000- <1>
  2394 00002410 000000000000000000- <1>
  2394 00002419 000000000000000000- <1>
  2394 00002422 000000000000000000- <1>
  2394 0000242B 000000000000000000- <1>
  2394 00002434 000000000000000000- <1>
  2394 0000243D 000000000000000000- <1>
  2394 00002446 000000000000000000- <1>
  2394 0000244F 000000000000000000- <1>
  2394 00002458 000000000000000000- <1>
  2394 00002461 000000000000000000- <1>
  2394 0000246A 000000000000000000- <1>
  2394 00002473 000000000000000000- <1>
  2394 0000247C 000000000000000000- <1>
  2394 00002485 000000000000000000- <1>
  2394 0000248E 000000000000000000- <1>
  2394 00002497 000000000000000000- <1>
  2394 000024A0 000000000000000000- <1>
  2394 000024A9 000000000000000000- <1>
  2394 000024B2 000000000000000000- <1>
  2394 000024BB 000000000000000000- <1>
  2394 000024C4 000000000000000000- <1>
  2394 000024CD 000000000000000000- <1>
  2394 000024D6 000000000000000000- <1>
  2394 000024DF 000000000000000000- <1>
  2394 000024E8 000000000000000000- <1>
  2394 000024F1 000000000000000000- <1>
  2394 000024FA 000000000000000000- <1>
  2394 00002503 000000000000000000- <1>
  2394 0000250C 000000000000000000- <1>
  2394 00002515 000000000000000000- <1>
  2394 0000251E 000000000000000000- <1>
  2394 00002527 000000000000000000- <1>
  2394 00002530 000000000000000000- <1>
  2394 00002539 000000000000000000- <1>
  2394 00002542 000000000000000000- <1>
  2394 0000254B 00                  <1>
  2395                              <1> 
  2396                              <1> .drvBpbTbl:
  2397                              <1> ;Table of BPBs from FAh-FFh
  2398                              <1>     istruc bpb
  2399 0000254C 0002                <1>         at .bytsPerSec, dw 512  ;Bytes per sector
  2400 0000254E 01                  <1>         at .secPerClus, db 1    ;Sectors per cluster
  2401 0000254F 0100                <1>         at .revdSecCnt, dw 1    ;Number of reserved sectors, in volume
  2402 00002551 02                  <1>         at .numFATs,    db 2    ;Number of FATs on media
  2403 00002552 7000                <1>         at .rootEntCnt, dw 112  ;Number of 32 byte entries in Root directory
  2404 00002554 8002                <1>         at .totSec16,   dw 640  ;Number of sectors on medium
  2405 00002556 FA                  <1>         at .media,      db 0FAh ;Media descriptor byte
  2406 00002557 0100                <1>         at .FATsz16,    dw 1    ;Number of sectors per FAT
  2407 00002559 0800                <1>         at .secPerTrk,  dw 8    ;Number of sectors per "track"
  2408 0000255B 0100                <1>         at .numHeads,   dw 1    ;Number of read "heads"
  2409 0000255D 00000000            <1>         at .hiddSec,    dd 0    ;Number of hidden sectors
  2410 00002561 00000000            <1>         at .totSec32,   dd 0    ;32 bit count of sectors
  2411                              <1>     iend
  2412                              <1>     istruc bpb
  2413 00002565 0002                <1>         at .bytsPerSec, dw 512  ;Bytes per sector
  2414 00002567 02                  <1>         at .secPerClus, db 2    ;Sectors per cluster
  2415 00002568 0100                <1>         at .revdSecCnt, dw 1    ;Number of reserved sectors, in volume
  2416 0000256A 02                  <1>         at .numFATs,    db 2    ;Number of FATs on media
  2417 0000256B 7000                <1>         at .rootEntCnt, dw 112  ;Number of 32 byte entries in Root directory
  2418 0000256D 0005                <1>         at .totSec16,   dw 1280 ;Number of sectors on medium
  2419 0000256F FB                  <1>         at .media,      db 0FBh ;Media descriptor byte
  2420 00002570 0200                <1>         at .FATsz16,    dw 2    ;Number of sectors per FAT
  2421 00002572 0800                <1>         at .secPerTrk,  dw 8    ;Number of sectors per "track"
  2422 00002574 0200                <1>         at .numHeads,   dw 2    ;Number of read "heads"
  2423 00002576 00000000            <1>         at .hiddSec,    dd 0    ;Number of hidden sectors
  2424 0000257A 00000000            <1>         at .totSec32,   dd 0    ;32 bit count of sectors
  2425                              <1>     iend
  2426                              <1>     istruc bpb
  2427 0000257E 0002                <1>         at .bytsPerSec, dw 512  ;Bytes per sector
  2428 00002580 01                  <1>         at .secPerClus, db 1    ;Sectors per cluster
  2429 00002581 0100                <1>         at .revdSecCnt, dw 1    ;Number of reserved sectors, in volume
  2430 00002583 02                  <1>         at .numFATs,    db 2    ;Number of FATs on media
  2431 00002584 4000                <1>         at .rootEntCnt, dw 64   ;Number of 32 byte entries in Root directory
  2432 00002586 6801                <1>         at .totSec16,   dw 360  ;Number of sectors on medium
  2433 00002588 FC                  <1>         at .media,      db 0FCh ;Media descriptor byte
  2434 00002589 0200                <1>         at .FATsz16,    dw 2    ;Number of sectors per FAT
  2435 0000258B 0900                <1>         at .secPerTrk,  dw 9    ;Number of sectors per "track"
  2436 0000258D 0100                <1>         at .numHeads,   dw 1    ;Number of read "heads"
  2437 0000258F 00000000            <1>         at .hiddSec,    dd 0    ;Number of hidden sectors
  2438 00002593 00000000            <1>         at .totSec32,   dd 0    ;32 bit count of sectors
  2439                              <1>     iend
  2440                              <1>     istruc bpb
  2441 00002597 0002                <1>         at .bytsPerSec, dw 512  ;Bytes per sector
  2442 00002599 02                  <1>         at .secPerClus, db 2    ;Sectors per cluster
  2443 0000259A 0100                <1>         at .revdSecCnt, dw 1    ;Number of reserved sectors, in volume
  2444 0000259C 02                  <1>         at .numFATs,    db 2    ;Number of FATs on media
  2445 0000259D 7000                <1>         at .rootEntCnt, dw 112  ;Number of 32 byte entries in Root directory
  2446 0000259F D002                <1>         at .totSec16,   dw 720  ;Number of sectors on medium
  2447 000025A1 FD                  <1>         at .media,      db 0FDh ;Media descriptor byte
  2448 000025A2 0200                <1>         at .FATsz16,    dw 2    ;Number of sectors per FAT
  2449 000025A4 0900                <1>         at .secPerTrk,  dw 9    ;Number of sectors per "track"
  2450 000025A6 0200                <1>         at .numHeads,   dw 2    ;Number of read "heads"
  2451 000025A8 00000000            <1>         at .hiddSec,    dd 0    ;Number of hidden sectors
  2452 000025AC 00000000            <1>         at .totSec32,   dd 0    ;32 bit count of sectors
  2453                              <1>     iend
  2454                              <1>     istruc bpb
  2455 000025B0 0002                <1>         at .bytsPerSec, dw 512  ;Bytes per sector
  2456 000025B2 01                  <1>         at .secPerClus, db 1    ;Sectors per cluster
  2457 000025B3 0100                <1>         at .revdSecCnt, dw 1    ;Number of reserved sectors, in volume
  2458 000025B5 02                  <1>         at .numFATs,    db 2    ;Number of FATs on media
  2459 000025B6 4000                <1>         at .rootEntCnt, dw 64   ;Number of 32 byte entries in Root directory
  2460 000025B8 4001                <1>         at .totSec16,   dw 320  ;Number of sectors on medium
  2461 000025BA FE                  <1>         at .media,      db 0FEh ;Media descriptor byte
  2462 000025BB 0100                <1>         at .FATsz16,    dw 1    ;Number of sectors per FAT
  2463 000025BD 0800                <1>         at .secPerTrk,  dw 8    ;Number of sectors per "track"
  2464 000025BF 0100                <1>         at .numHeads,   dw 1    ;Number of read "heads"
  2465 000025C1 00000000            <1>         at .hiddSec,    dd 0    ;Number of hidden sectors
  2466 000025C5 00000000            <1>         at .totSec32,   dd 0    ;32 bit count of sectors
  2467                              <1>     iend
  2468                              <1>     istruc bpb
  2469 000025C9 0002                <1>         at .bytsPerSec, dw 512  ;Bytes per sector
  2470 000025CB 02                  <1>         at .secPerClus, db 2    ;Sectors per cluster
  2471 000025CC 0100                <1>         at .revdSecCnt, dw 1    ;Number of reserved sectors, in volume
  2472 000025CE 02                  <1>         at .numFATs,    db 2    ;Number of FATs on media
  2473 000025CF 7000                <1>         at .rootEntCnt, dw 112  ;Number of 32 byte entries in Root directory
  2474 000025D1 8002                <1>         at .totSec16,   dw 640  ;Number of sectors on medium
  2475 000025D3 FF                  <1>         at .media,      db 0FFh ;Media descriptor byte
  2476 000025D4 0100                <1>         at .FATsz16,    dw 1    ;Number of sectors per FAT
  2477 000025D6 0800                <1>         at .secPerTrk,  dw 8    ;Number of sectors per "track"
  2478 000025D8 0200                <1>         at .numHeads,   dw 2    ;Number of read "heads"
  2479 000025DA 00000000            <1>         at .hiddSec,    dd 0    ;Number of hidden sectors
  2480 000025DE 00000000            <1>         at .totSec32,   dd 0    ;32 bit count of sectors
  2481                              <1>     iend
  2482                              <1> .drvBpbTblF9:
  2483                              <1> ;Contains the special F9 BPBs
  2484                              <1>     istruc bpb  ;720Kb 3.5" floppies
  2485 000025E2 0002                <1>         at .bytsPerSec, dw 512  ;Bytes per sector
  2486 000025E4 02                  <1>         at .secPerClus, db 2    ;Sectors per cluster
  2487 000025E5 0100                <1>         at .revdSecCnt, dw 1    ;Number of reserved sectors, in volume
  2488 000025E7 02                  <1>         at .numFATs,    db 2    ;Number of FATs on media
  2489 000025E8 7000                <1>         at .rootEntCnt, dw 112  ;Number of 32 byte entries in Root directory
  2490 000025EA A005                <1>         at .totSec16,   dw 1440 ;Number of sectors on medium
  2491 000025EC F9                  <1>         at .media,      db 0F9h ;Media descriptor byte
  2492 000025ED 0300                <1>         at .FATsz16,    dw 3    ;Number of sectors per FAT
  2493 000025EF 0900                <1>         at .secPerTrk,  dw 9    ;Number of sectors per "track"
  2494 000025F1 0200                <1>         at .numHeads,   dw 2    ;Number of read "heads"
  2495 000025F3 00000000            <1>         at .hiddSec,    dd 0    ;Number of hidden sectors
  2496 000025F7 00000000            <1>         at .totSec32,   dd 0    ;32 bit count of sectors
  2497                              <1>     iend
  2498                              <1>     istruc bpb  ;1.2Mb 5.25" floppies
  2499 000025FB 0002                <1>         at .bytsPerSec, dw 512  ;Bytes per sector
  2500 000025FD 01                  <1>         at .secPerClus, db 1    ;Sectors per cluster
  2501 000025FE 0100                <1>         at .revdSecCnt, dw 1    ;Number of reserved sectors, in volume
  2502 00002600 02                  <1>         at .numFATs,    db 2    ;Number of FATs on media
  2503 00002601 E000                <1>         at .rootEntCnt, dw 224  ;Number of 32 byte entries in Root directory
  2504 00002603 6009                <1>         at .totSec16,   dw 2400 ;Number of sectors on medium
  2505 00002605 F9                  <1>         at .media,      db 0F9h ;Media descriptor byte
  2506 00002606 0700                <1>         at .FATsz16,    dw 7    ;Number of sectors per FAT
  2507 00002608 0F00                <1>         at .secPerTrk,  dw 15   ;Number of sectors per "track"
  2508 0000260A 0200                <1>         at .numHeads,   dw 2    ;Number of read "heads"
  2509 0000260C 00000000            <1>         at .hiddSec,    dd 0    ;Number of hidden sectors
  2510 00002610 00000000            <1>         at .totSec32,   dd 0    ;32 bit count of sectors
  2511                              <1>     iend
  2512                              <1> 
  2513                              <1> .drvBlkTbl:
  2514                              <1> ;All drives start with Sectors/Cluster as -1 to indicate not initialised.
  2515                              <1> ;All drives start with Media Descripter as 0 (invalid type)
  2516                              <1> ;All drives start with dAccTime at -1 to force "uncertain" read for remdevs
  2517                              <1> ;All drives present 63 Cylinders (only valid as a field on fixed disks)
  2518                              <1> ;All drives have as an alt BPB, a 1.44Mb 3.5" Floppy.
  2519                              <1>     %push
  2520                              <1>     %assign i 0
  2521                              <1>     %rep drvBlkTblL
  2522                              <1>     istruc drvBlk
  2523                              <1>         at .pLink,      dq -1   ;End of table marker
  2524                              <1>         at .bBIOSNum,   db i    ;DOS drive number
  2525                              <1>         at .bDOSNum,    db i    ;BIOS drives default to removable
  2526                              <1> ;Do a FAT12/16 BPB in FAT32 format
  2527                              <1>         at .wBpS,       dw 200h
  2528                              <1>         at .bSpC,       db -1       
  2529                              <1>         at .wResC,      dw 0001h
  2530                              <1>         at .bNumFAT,    db 02h
  2531                              <1>         at .wRtCntNum,  dw 00E0h    
  2532                              <1>         at .wTotSec16,  dw 0B40h    
  2533                              <1>         at .bMedDesc,   db 00h    
  2534                              <1>         at .wFATsz16,   dw 0009h    
  2535                              <1>         at .wSecPerTrk, dw 0012h    
  2536                              <1>         at .wNumHeads,  dw 0002h    
  2537                              <1>         at .dHiddSec,   dd 0    
  2538                              <1>         at .dTotSec32,  dd 0     
  2539                              <1> ;FAT 32 fields. All zeros
  2540                              <1>         at .FATsz32,    dd 0
  2541                              <1>         at .extFlags,   dw 0
  2542                              <1>         at .FSver,      dw 0
  2543                              <1>         at .RootClus,   dd 0
  2544                              <1>         at .FSinfo,     dw 0
  2545                              <1>         at .BkBootSec,  dw 0
  2546                              <1> ;DrvBlk Flags
  2547                              <1>         at .bBpbType,   db bpbFat12
  2548                              <1>         at .wOpenCnt,   dw 0
  2549                              <1>         at .bDevType,   db typeGenRem   ;Init to generic removable device
  2550                              <1>         at .wDevFlgs,   dw 0
  2551                              <1>         at .wNumCyl,    dw 63   
  2552                              <1>         istruc bpb32
  2553                              <1>             at .bytsPerSec, dw 200h
  2554                              <1>             at .secPerClus, db 01h
  2555                              <1>             at .revdSecCnt, dw 0001h
  2556                              <1>             at .numFATs,    db 02h    
  2557                              <1>             at .rootEntCnt, dw 00E0h    
  2558                              <1>             at .totSec16,   dw 0B40h    
  2559                              <1>             at .media,      db 0F0h    
  2560                              <1>             at .FATsz16,    dw 0009h    
  2561                              <1>             at .secPerTrk,  dw 0012h    
  2562                              <1>             at .numHeads,   dw 0002h    
  2563                              <1>             at .hiddSec,    dd 0    
  2564                              <1>             at .totSec32,   dd 0     
  2565                              <1>             at .FATsz32,    dd 0
  2566                              <1>             at .extFlags,   dw 0
  2567                              <1>             at .FSver,      dw 0
  2568                              <1>             at .RootClus,   dd 0
  2569                              <1>             at .FSinfo,     dw 0
  2570                              <1>             at .BkBootSec,  dw 0
  2571                              <1>             at .reserved,   db 12 dup (0) 
  2572                              <1>         iend
  2573                              <1>         at .dAccTime,   dd -1 
  2574                              <1>         at .volLab,     db "NO NAME    ",0
  2575                              <1>         at .volId,      dd 0    ;Vol ID of 0
  2576                              <1>         at .filSysType, db "FAT12   ",0
  2577                              <1>     iend
  2578                              <1>         %assign i i+1
  2579                              <1>     %endrep
  2522                              <2>  istruc drvBlk
  2523 00002614 FFFFFFFFFFFFFFFF    <2>  at .pLink, dq -1
  2524 0000261C 00                  <2>  at .bBIOSNum, db i
  2525 0000261D 00                  <2>  at .bDOSNum, db i
  2526                              <2> 
  2527 0000261E 0002                <2>  at .wBpS, dw 200h
  2528 00002620 FF                  <2>  at .bSpC, db -1
  2529 00002621 0100                <2>  at .wResC, dw 0001h
  2530 00002623 02                  <2>  at .bNumFAT, db 02h
  2531 00002624 E000                <2>  at .wRtCntNum, dw 00E0h
  2532 00002626 400B                <2>  at .wTotSec16, dw 0B40h
  2533 00002628 00                  <2>  at .bMedDesc, db 00h
  2534 00002629 0900                <2>  at .wFATsz16, dw 0009h
  2535 0000262B 1200                <2>  at .wSecPerTrk, dw 0012h
  2536 0000262D 0200                <2>  at .wNumHeads, dw 0002h
  2537 0000262F 00000000            <2>  at .dHiddSec, dd 0
  2538 00002633 00000000            <2>  at .dTotSec32, dd 0
  2539                              <2> 
  2540 00002637 00000000            <2>  at .FATsz32, dd 0
  2541 0000263B 0000                <2>  at .extFlags, dw 0
  2542 0000263D 0000                <2>  at .FSver, dw 0
  2543 0000263F 00000000            <2>  at .RootClus, dd 0
  2544 00002643 0000                <2>  at .FSinfo, dw 0
  2545 00002645 0000                <2>  at .BkBootSec, dw 0
  2546                              <2> 
  2547 00002647 10                  <2>  at .bBpbType, db bpbFat12
  2548 00002648 0000                <2>  at .wOpenCnt, dw 0
  2549 0000264A 07                  <2>  at .bDevType, db typeGenRem
  2550 0000264B 0000                <2>  at .wDevFlgs, dw 0
  2551 0000264D 3F00                <2>  at .wNumCyl, dw 63
  2552                              <2>  istruc bpb32
  2553 0000264F 0002                <2>  at .bytsPerSec, dw 200h
  2554 00002651 01                  <2>  at .secPerClus, db 01h
  2555 00002652 0100                <2>  at .revdSecCnt, dw 0001h
  2556 00002654 02                  <2>  at .numFATs, db 02h
  2557 00002655 E000                <2>  at .rootEntCnt, dw 00E0h
  2558 00002657 400B                <2>  at .totSec16, dw 0B40h
  2559 00002659 F0                  <2>  at .media, db 0F0h
  2560 0000265A 0900                <2>  at .FATsz16, dw 0009h
  2561 0000265C 1200                <2>  at .secPerTrk, dw 0012h
  2562 0000265E 0200                <2>  at .numHeads, dw 0002h
  2563 00002660 00000000            <2>  at .hiddSec, dd 0
  2564 00002664 00000000            <2>  at .totSec32, dd 0
  2565 00002668 00000000            <2>  at .FATsz32, dd 0
  2566 0000266C 0000                <2>  at .extFlags, dw 0
  2567 0000266E 0000                <2>  at .FSver, dw 0
  2568 00002670 00000000            <2>  at .RootClus, dd 0
  2569 00002674 0000                <2>  at .FSinfo, dw 0
  2570 00002676 0000                <2>  at .BkBootSec, dw 0
  2571 00002678 000000000000000000- <2>  at .reserved, db 12 dup (0)
  2571 00002681 000000              <2>
  2572                              <2>  iend
  2573 00002684 FFFFFFFF            <2>  at .dAccTime, dd -1
  2574 00002688 4E4F204E414D452020- <2>  at .volLab, db "NO NAME    ",0
  2574 00002691 202000              <2>
  2575 00002694 00000000            <2>  at .volId, dd 0
  2576 00002698 464154313220202000  <2>  at .filSysType, db "FAT12   ",0
  2577                              <2>  iend
  2578                              <2>  %assign i i+1
  2522                              <2>  istruc drvBlk
  2523 000026A1 FFFFFFFFFFFFFFFF    <2>  at .pLink, dq -1
  2524 000026A9 01                  <2>  at .bBIOSNum, db i
  2525 000026AA 01                  <2>  at .bDOSNum, db i
  2526                              <2> 
  2527 000026AB 0002                <2>  at .wBpS, dw 200h
  2528 000026AD FF                  <2>  at .bSpC, db -1
  2529 000026AE 0100                <2>  at .wResC, dw 0001h
  2530 000026B0 02                  <2>  at .bNumFAT, db 02h
  2531 000026B1 E000                <2>  at .wRtCntNum, dw 00E0h
  2532 000026B3 400B                <2>  at .wTotSec16, dw 0B40h
  2533 000026B5 00                  <2>  at .bMedDesc, db 00h
  2534 000026B6 0900                <2>  at .wFATsz16, dw 0009h
  2535 000026B8 1200                <2>  at .wSecPerTrk, dw 0012h
  2536 000026BA 0200                <2>  at .wNumHeads, dw 0002h
  2537 000026BC 00000000            <2>  at .dHiddSec, dd 0
  2538 000026C0 00000000            <2>  at .dTotSec32, dd 0
  2539                              <2> 
  2540 000026C4 00000000            <2>  at .FATsz32, dd 0
  2541 000026C8 0000                <2>  at .extFlags, dw 0
  2542 000026CA 0000                <2>  at .FSver, dw 0
  2543 000026CC 00000000            <2>  at .RootClus, dd 0
  2544 000026D0 0000                <2>  at .FSinfo, dw 0
  2545 000026D2 0000                <2>  at .BkBootSec, dw 0
  2546                              <2> 
  2547 000026D4 10                  <2>  at .bBpbType, db bpbFat12
  2548 000026D5 0000                <2>  at .wOpenCnt, dw 0
  2549 000026D7 07                  <2>  at .bDevType, db typeGenRem
  2550 000026D8 0000                <2>  at .wDevFlgs, dw 0
  2551 000026DA 3F00                <2>  at .wNumCyl, dw 63
  2552                              <2>  istruc bpb32
  2553 000026DC 0002                <2>  at .bytsPerSec, dw 200h
  2554 000026DE 01                  <2>  at .secPerClus, db 01h
  2555 000026DF 0100                <2>  at .revdSecCnt, dw 0001h
  2556 000026E1 02                  <2>  at .numFATs, db 02h
  2557 000026E2 E000                <2>  at .rootEntCnt, dw 00E0h
  2558 000026E4 400B                <2>  at .totSec16, dw 0B40h
  2559 000026E6 F0                  <2>  at .media, db 0F0h
  2560 000026E7 0900                <2>  at .FATsz16, dw 0009h
  2561 000026E9 1200                <2>  at .secPerTrk, dw 0012h
  2562 000026EB 0200                <2>  at .numHeads, dw 0002h
  2563 000026ED 00000000            <2>  at .hiddSec, dd 0
  2564 000026F1 00000000            <2>  at .totSec32, dd 0
  2565 000026F5 00000000            <2>  at .FATsz32, dd 0
  2566 000026F9 0000                <2>  at .extFlags, dw 0
  2567 000026FB 0000                <2>  at .FSver, dw 0
  2568 000026FD 00000000            <2>  at .RootClus, dd 0
  2569 00002701 0000                <2>  at .FSinfo, dw 0
  2570 00002703 0000                <2>  at .BkBootSec, dw 0
  2571 00002705 000000000000000000- <2>  at .reserved, db 12 dup (0)
  2571 0000270E 000000              <2>
  2572                              <2>  iend
  2573 00002711 FFFFFFFF            <2>  at .dAccTime, dd -1
  2574 00002715 4E4F204E414D452020- <2>  at .volLab, db "NO NAME    ",0
  2574 0000271E 202000              <2>
  2575 00002721 00000000            <2>  at .volId, dd 0
  2576 00002725 464154313220202000  <2>  at .filSysType, db "FAT12   ",0
  2577                              <2>  iend
  2578                              <2>  %assign i i+1
  2522                              <2>  istruc drvBlk
  2523 0000272E FFFFFFFFFFFFFFFF    <2>  at .pLink, dq -1
  2524 00002736 02                  <2>  at .bBIOSNum, db i
  2525 00002737 02                  <2>  at .bDOSNum, db i
  2526                              <2> 
  2527 00002738 0002                <2>  at .wBpS, dw 200h
  2528 0000273A FF                  <2>  at .bSpC, db -1
  2529 0000273B 0100                <2>  at .wResC, dw 0001h
  2530 0000273D 02                  <2>  at .bNumFAT, db 02h
  2531 0000273E E000                <2>  at .wRtCntNum, dw 00E0h
  2532 00002740 400B                <2>  at .wTotSec16, dw 0B40h
  2533 00002742 00                  <2>  at .bMedDesc, db 00h
  2534 00002743 0900                <2>  at .wFATsz16, dw 0009h
  2535 00002745 1200                <2>  at .wSecPerTrk, dw 0012h
  2536 00002747 0200                <2>  at .wNumHeads, dw 0002h
  2537 00002749 00000000            <2>  at .dHiddSec, dd 0
  2538 0000274D 00000000            <2>  at .dTotSec32, dd 0
  2539                              <2> 
  2540 00002751 00000000            <2>  at .FATsz32, dd 0
  2541 00002755 0000                <2>  at .extFlags, dw 0
  2542 00002757 0000                <2>  at .FSver, dw 0
  2543 00002759 00000000            <2>  at .RootClus, dd 0
  2544 0000275D 0000                <2>  at .FSinfo, dw 0
  2545 0000275F 0000                <2>  at .BkBootSec, dw 0
  2546                              <2> 
  2547 00002761 10                  <2>  at .bBpbType, db bpbFat12
  2548 00002762 0000                <2>  at .wOpenCnt, dw 0
  2549 00002764 07                  <2>  at .bDevType, db typeGenRem
  2550 00002765 0000                <2>  at .wDevFlgs, dw 0
  2551 00002767 3F00                <2>  at .wNumCyl, dw 63
  2552                              <2>  istruc bpb32
  2553 00002769 0002                <2>  at .bytsPerSec, dw 200h
  2554 0000276B 01                  <2>  at .secPerClus, db 01h
  2555 0000276C 0100                <2>  at .revdSecCnt, dw 0001h
  2556 0000276E 02                  <2>  at .numFATs, db 02h
  2557 0000276F E000                <2>  at .rootEntCnt, dw 00E0h
  2558 00002771 400B                <2>  at .totSec16, dw 0B40h
  2559 00002773 F0                  <2>  at .media, db 0F0h
  2560 00002774 0900                <2>  at .FATsz16, dw 0009h
  2561 00002776 1200                <2>  at .secPerTrk, dw 0012h
  2562 00002778 0200                <2>  at .numHeads, dw 0002h
  2563 0000277A 00000000            <2>  at .hiddSec, dd 0
  2564 0000277E 00000000            <2>  at .totSec32, dd 0
  2565 00002782 00000000            <2>  at .FATsz32, dd 0
  2566 00002786 0000                <2>  at .extFlags, dw 0
  2567 00002788 0000                <2>  at .FSver, dw 0
  2568 0000278A 00000000            <2>  at .RootClus, dd 0
  2569 0000278E 0000                <2>  at .FSinfo, dw 0
  2570 00002790 0000                <2>  at .BkBootSec, dw 0
  2571 00002792 000000000000000000- <2>  at .reserved, db 12 dup (0)
  2571 0000279B 000000              <2>
  2572                              <2>  iend
  2573 0000279E FFFFFFFF            <2>  at .dAccTime, dd -1
  2574 000027A2 4E4F204E414D452020- <2>  at .volLab, db "NO NAME    ",0
  2574 000027AB 202000              <2>
  2575 000027AE 00000000            <2>  at .volId, dd 0
  2576 000027B2 464154313220202000  <2>  at .filSysType, db "FAT12   ",0
  2577                              <2>  iend
  2578                              <2>  %assign i i+1
  2522                              <2>  istruc drvBlk
  2523 000027BB FFFFFFFFFFFFFFFF    <2>  at .pLink, dq -1
  2524 000027C3 03                  <2>  at .bBIOSNum, db i
  2525 000027C4 03                  <2>  at .bDOSNum, db i
  2526                              <2> 
  2527 000027C5 0002                <2>  at .wBpS, dw 200h
  2528 000027C7 FF                  <2>  at .bSpC, db -1
  2529 000027C8 0100                <2>  at .wResC, dw 0001h
  2530 000027CA 02                  <2>  at .bNumFAT, db 02h
  2531 000027CB E000                <2>  at .wRtCntNum, dw 00E0h
  2532 000027CD 400B                <2>  at .wTotSec16, dw 0B40h
  2533 000027CF 00                  <2>  at .bMedDesc, db 00h
  2534 000027D0 0900                <2>  at .wFATsz16, dw 0009h
  2535 000027D2 1200                <2>  at .wSecPerTrk, dw 0012h
  2536 000027D4 0200                <2>  at .wNumHeads, dw 0002h
  2537 000027D6 00000000            <2>  at .dHiddSec, dd 0
  2538 000027DA 00000000            <2>  at .dTotSec32, dd 0
  2539                              <2> 
  2540 000027DE 00000000            <2>  at .FATsz32, dd 0
  2541 000027E2 0000                <2>  at .extFlags, dw 0
  2542 000027E4 0000                <2>  at .FSver, dw 0
  2543 000027E6 00000000            <2>  at .RootClus, dd 0
  2544 000027EA 0000                <2>  at .FSinfo, dw 0
  2545 000027EC 0000                <2>  at .BkBootSec, dw 0
  2546                              <2> 
  2547 000027EE 10                  <2>  at .bBpbType, db bpbFat12
  2548 000027EF 0000                <2>  at .wOpenCnt, dw 0
  2549 000027F1 07                  <2>  at .bDevType, db typeGenRem
  2550 000027F2 0000                <2>  at .wDevFlgs, dw 0
  2551 000027F4 3F00                <2>  at .wNumCyl, dw 63
  2552                              <2>  istruc bpb32
  2553 000027F6 0002                <2>  at .bytsPerSec, dw 200h
  2554 000027F8 01                  <2>  at .secPerClus, db 01h
  2555 000027F9 0100                <2>  at .revdSecCnt, dw 0001h
  2556 000027FB 02                  <2>  at .numFATs, db 02h
  2557 000027FC E000                <2>  at .rootEntCnt, dw 00E0h
  2558 000027FE 400B                <2>  at .totSec16, dw 0B40h
  2559 00002800 F0                  <2>  at .media, db 0F0h
  2560 00002801 0900                <2>  at .FATsz16, dw 0009h
  2561 00002803 1200                <2>  at .secPerTrk, dw 0012h
  2562 00002805 0200                <2>  at .numHeads, dw 0002h
  2563 00002807 00000000            <2>  at .hiddSec, dd 0
  2564 0000280B 00000000            <2>  at .totSec32, dd 0
  2565 0000280F 00000000            <2>  at .FATsz32, dd 0
  2566 00002813 0000                <2>  at .extFlags, dw 0
  2567 00002815 0000                <2>  at .FSver, dw 0
  2568 00002817 00000000            <2>  at .RootClus, dd 0
  2569 0000281B 0000                <2>  at .FSinfo, dw 0
  2570 0000281D 0000                <2>  at .BkBootSec, dw 0
  2571 0000281F 000000000000000000- <2>  at .reserved, db 12 dup (0)
  2571 00002828 000000              <2>
  2572                              <2>  iend
  2573 0000282B FFFFFFFF            <2>  at .dAccTime, dd -1
  2574 0000282F 4E4F204E414D452020- <2>  at .volLab, db "NO NAME    ",0
  2574 00002838 202000              <2>
  2575 0000283B 00000000            <2>  at .volId, dd 0
  2576 0000283F 464154313220202000  <2>  at .filSysType, db "FAT12   ",0
  2577                              <2>  iend
  2578                              <2>  %assign i i+1
  2522                              <2>  istruc drvBlk
  2523 00002848 FFFFFFFFFFFFFFFF    <2>  at .pLink, dq -1
  2524 00002850 04                  <2>  at .bBIOSNum, db i
  2525 00002851 04                  <2>  at .bDOSNum, db i
  2526                              <2> 
  2527 00002852 0002                <2>  at .wBpS, dw 200h
  2528 00002854 FF                  <2>  at .bSpC, db -1
  2529 00002855 0100                <2>  at .wResC, dw 0001h
  2530 00002857 02                  <2>  at .bNumFAT, db 02h
  2531 00002858 E000                <2>  at .wRtCntNum, dw 00E0h
  2532 0000285A 400B                <2>  at .wTotSec16, dw 0B40h
  2533 0000285C 00                  <2>  at .bMedDesc, db 00h
  2534 0000285D 0900                <2>  at .wFATsz16, dw 0009h
  2535 0000285F 1200                <2>  at .wSecPerTrk, dw 0012h
  2536 00002861 0200                <2>  at .wNumHeads, dw 0002h
  2537 00002863 00000000            <2>  at .dHiddSec, dd 0
  2538 00002867 00000000            <2>  at .dTotSec32, dd 0
  2539                              <2> 
  2540 0000286B 00000000            <2>  at .FATsz32, dd 0
  2541 0000286F 0000                <2>  at .extFlags, dw 0
  2542 00002871 0000                <2>  at .FSver, dw 0
  2543 00002873 00000000            <2>  at .RootClus, dd 0
  2544 00002877 0000                <2>  at .FSinfo, dw 0
  2545 00002879 0000                <2>  at .BkBootSec, dw 0
  2546                              <2> 
  2547 0000287B 10                  <2>  at .bBpbType, db bpbFat12
  2548 0000287C 0000                <2>  at .wOpenCnt, dw 0
  2549 0000287E 07                  <2>  at .bDevType, db typeGenRem
  2550 0000287F 0000                <2>  at .wDevFlgs, dw 0
  2551 00002881 3F00                <2>  at .wNumCyl, dw 63
  2552                              <2>  istruc bpb32
  2553 00002883 0002                <2>  at .bytsPerSec, dw 200h
  2554 00002885 01                  <2>  at .secPerClus, db 01h
  2555 00002886 0100                <2>  at .revdSecCnt, dw 0001h
  2556 00002888 02                  <2>  at .numFATs, db 02h
  2557 00002889 E000                <2>  at .rootEntCnt, dw 00E0h
  2558 0000288B 400B                <2>  at .totSec16, dw 0B40h
  2559 0000288D F0                  <2>  at .media, db 0F0h
  2560 0000288E 0900                <2>  at .FATsz16, dw 0009h
  2561 00002890 1200                <2>  at .secPerTrk, dw 0012h
  2562 00002892 0200                <2>  at .numHeads, dw 0002h
  2563 00002894 00000000            <2>  at .hiddSec, dd 0
  2564 00002898 00000000            <2>  at .totSec32, dd 0
  2565 0000289C 00000000            <2>  at .FATsz32, dd 0
  2566 000028A0 0000                <2>  at .extFlags, dw 0
  2567 000028A2 0000                <2>  at .FSver, dw 0
  2568 000028A4 00000000            <2>  at .RootClus, dd 0
  2569 000028A8 0000                <2>  at .FSinfo, dw 0
  2570 000028AA 0000                <2>  at .BkBootSec, dw 0
  2571 000028AC 000000000000000000- <2>  at .reserved, db 12 dup (0)
  2571 000028B5 000000              <2>
  2572                              <2>  iend
  2573 000028B8 FFFFFFFF            <2>  at .dAccTime, dd -1
  2574 000028BC 4E4F204E414D452020- <2>  at .volLab, db "NO NAME    ",0
  2574 000028C5 202000              <2>
  2575 000028C8 00000000            <2>  at .volId, dd 0
  2576 000028CC 464154313220202000  <2>  at .filSysType, db "FAT12   ",0
  2577                              <2>  iend
  2578                              <2>  %assign i i+1
  2522                              <2>  istruc drvBlk
  2523 000028D5 FFFFFFFFFFFFFFFF    <2>  at .pLink, dq -1
  2524 000028DD 05                  <2>  at .bBIOSNum, db i
  2525 000028DE 05                  <2>  at .bDOSNum, db i
  2526                              <2> 
  2527 000028DF 0002                <2>  at .wBpS, dw 200h
  2528 000028E1 FF                  <2>  at .bSpC, db -1
  2529 000028E2 0100                <2>  at .wResC, dw 0001h
  2530 000028E4 02                  <2>  at .bNumFAT, db 02h
  2531 000028E5 E000                <2>  at .wRtCntNum, dw 00E0h
  2532 000028E7 400B                <2>  at .wTotSec16, dw 0B40h
  2533 000028E9 00                  <2>  at .bMedDesc, db 00h
  2534 000028EA 0900                <2>  at .wFATsz16, dw 0009h
  2535 000028EC 1200                <2>  at .wSecPerTrk, dw 0012h
  2536 000028EE 0200                <2>  at .wNumHeads, dw 0002h
  2537 000028F0 00000000            <2>  at .dHiddSec, dd 0
  2538 000028F4 00000000            <2>  at .dTotSec32, dd 0
  2539                              <2> 
  2540 000028F8 00000000            <2>  at .FATsz32, dd 0
  2541 000028FC 0000                <2>  at .extFlags, dw 0
  2542 000028FE 0000                <2>  at .FSver, dw 0
  2543 00002900 00000000            <2>  at .RootClus, dd 0
  2544 00002904 0000                <2>  at .FSinfo, dw 0
  2545 00002906 0000                <2>  at .BkBootSec, dw 0
  2546                              <2> 
  2547 00002908 10                  <2>  at .bBpbType, db bpbFat12
  2548 00002909 0000                <2>  at .wOpenCnt, dw 0
  2549 0000290B 07                  <2>  at .bDevType, db typeGenRem
  2550 0000290C 0000                <2>  at .wDevFlgs, dw 0
  2551 0000290E 3F00                <2>  at .wNumCyl, dw 63
  2552                              <2>  istruc bpb32
  2553 00002910 0002                <2>  at .bytsPerSec, dw 200h
  2554 00002912 01                  <2>  at .secPerClus, db 01h
  2555 00002913 0100                <2>  at .revdSecCnt, dw 0001h
  2556 00002915 02                  <2>  at .numFATs, db 02h
  2557 00002916 E000                <2>  at .rootEntCnt, dw 00E0h
  2558 00002918 400B                <2>  at .totSec16, dw 0B40h
  2559 0000291A F0                  <2>  at .media, db 0F0h
  2560 0000291B 0900                <2>  at .FATsz16, dw 0009h
  2561 0000291D 1200                <2>  at .secPerTrk, dw 0012h
  2562 0000291F 0200                <2>  at .numHeads, dw 0002h
  2563 00002921 00000000            <2>  at .hiddSec, dd 0
  2564 00002925 00000000            <2>  at .totSec32, dd 0
  2565 00002929 00000000            <2>  at .FATsz32, dd 0
  2566 0000292D 0000                <2>  at .extFlags, dw 0
  2567 0000292F 0000                <2>  at .FSver, dw 0
  2568 00002931 00000000            <2>  at .RootClus, dd 0
  2569 00002935 0000                <2>  at .FSinfo, dw 0
  2570 00002937 0000                <2>  at .BkBootSec, dw 0
  2571 00002939 000000000000000000- <2>  at .reserved, db 12 dup (0)
  2571 00002942 000000              <2>
  2572                              <2>  iend
  2573 00002945 FFFFFFFF            <2>  at .dAccTime, dd -1
  2574 00002949 4E4F204E414D452020- <2>  at .volLab, db "NO NAME    ",0
  2574 00002952 202000              <2>
  2575 00002955 00000000            <2>  at .volId, dd 0
  2576 00002959 464154313220202000  <2>  at .filSysType, db "FAT12   ",0
  2577                              <2>  iend
  2578                              <2>  %assign i i+1
  2522                              <2>  istruc drvBlk
  2523 00002962 FFFFFFFFFFFFFFFF    <2>  at .pLink, dq -1
  2524 0000296A 06                  <2>  at .bBIOSNum, db i
  2525 0000296B 06                  <2>  at .bDOSNum, db i
  2526                              <2> 
  2527 0000296C 0002                <2>  at .wBpS, dw 200h
  2528 0000296E FF                  <2>  at .bSpC, db -1
  2529 0000296F 0100                <2>  at .wResC, dw 0001h
  2530 00002971 02                  <2>  at .bNumFAT, db 02h
  2531 00002972 E000                <2>  at .wRtCntNum, dw 00E0h
  2532 00002974 400B                <2>  at .wTotSec16, dw 0B40h
  2533 00002976 00                  <2>  at .bMedDesc, db 00h
  2534 00002977 0900                <2>  at .wFATsz16, dw 0009h
  2535 00002979 1200                <2>  at .wSecPerTrk, dw 0012h
  2536 0000297B 0200                <2>  at .wNumHeads, dw 0002h
  2537 0000297D 00000000            <2>  at .dHiddSec, dd 0
  2538 00002981 00000000            <2>  at .dTotSec32, dd 0
  2539                              <2> 
  2540 00002985 00000000            <2>  at .FATsz32, dd 0
  2541 00002989 0000                <2>  at .extFlags, dw 0
  2542 0000298B 0000                <2>  at .FSver, dw 0
  2543 0000298D 00000000            <2>  at .RootClus, dd 0
  2544 00002991 0000                <2>  at .FSinfo, dw 0
  2545 00002993 0000                <2>  at .BkBootSec, dw 0
  2546                              <2> 
  2547 00002995 10                  <2>  at .bBpbType, db bpbFat12
  2548 00002996 0000                <2>  at .wOpenCnt, dw 0
  2549 00002998 07                  <2>  at .bDevType, db typeGenRem
  2550 00002999 0000                <2>  at .wDevFlgs, dw 0
  2551 0000299B 3F00                <2>  at .wNumCyl, dw 63
  2552                              <2>  istruc bpb32
  2553 0000299D 0002                <2>  at .bytsPerSec, dw 200h
  2554 0000299F 01                  <2>  at .secPerClus, db 01h
  2555 000029A0 0100                <2>  at .revdSecCnt, dw 0001h
  2556 000029A2 02                  <2>  at .numFATs, db 02h
  2557 000029A3 E000                <2>  at .rootEntCnt, dw 00E0h
  2558 000029A5 400B                <2>  at .totSec16, dw 0B40h
  2559 000029A7 F0                  <2>  at .media, db 0F0h
  2560 000029A8 0900                <2>  at .FATsz16, dw 0009h
  2561 000029AA 1200                <2>  at .secPerTrk, dw 0012h
  2562 000029AC 0200                <2>  at .numHeads, dw 0002h
  2563 000029AE 00000000            <2>  at .hiddSec, dd 0
  2564 000029B2 00000000            <2>  at .totSec32, dd 0
  2565 000029B6 00000000            <2>  at .FATsz32, dd 0
  2566 000029BA 0000                <2>  at .extFlags, dw 0
  2567 000029BC 0000                <2>  at .FSver, dw 0
  2568 000029BE 00000000            <2>  at .RootClus, dd 0
  2569 000029C2 0000                <2>  at .FSinfo, dw 0
  2570 000029C4 0000                <2>  at .BkBootSec, dw 0
  2571 000029C6 000000000000000000- <2>  at .reserved, db 12 dup (0)
  2571 000029CF 000000              <2>
  2572                              <2>  iend
  2573 000029D2 FFFFFFFF            <2>  at .dAccTime, dd -1
  2574 000029D6 4E4F204E414D452020- <2>  at .volLab, db "NO NAME    ",0
  2574 000029DF 202000              <2>
  2575 000029E2 00000000            <2>  at .volId, dd 0
  2576 000029E6 464154313220202000  <2>  at .filSysType, db "FAT12   ",0
  2577                              <2>  iend
  2578                              <2>  %assign i i+1
  2522                              <2>  istruc drvBlk
  2523 000029EF FFFFFFFFFFFFFFFF    <2>  at .pLink, dq -1
  2524 000029F7 07                  <2>  at .bBIOSNum, db i
  2525 000029F8 07                  <2>  at .bDOSNum, db i
  2526                              <2> 
  2527 000029F9 0002                <2>  at .wBpS, dw 200h
  2528 000029FB FF                  <2>  at .bSpC, db -1
  2529 000029FC 0100                <2>  at .wResC, dw 0001h
  2530 000029FE 02                  <2>  at .bNumFAT, db 02h
  2531 000029FF E000                <2>  at .wRtCntNum, dw 00E0h
  2532 00002A01 400B                <2>  at .wTotSec16, dw 0B40h
  2533 00002A03 00                  <2>  at .bMedDesc, db 00h
  2534 00002A04 0900                <2>  at .wFATsz16, dw 0009h
  2535 00002A06 1200                <2>  at .wSecPerTrk, dw 0012h
  2536 00002A08 0200                <2>  at .wNumHeads, dw 0002h
  2537 00002A0A 00000000            <2>  at .dHiddSec, dd 0
  2538 00002A0E 00000000            <2>  at .dTotSec32, dd 0
  2539                              <2> 
  2540 00002A12 00000000            <2>  at .FATsz32, dd 0
  2541 00002A16 0000                <2>  at .extFlags, dw 0
  2542 00002A18 0000                <2>  at .FSver, dw 0
  2543 00002A1A 00000000            <2>  at .RootClus, dd 0
  2544 00002A1E 0000                <2>  at .FSinfo, dw 0
  2545 00002A20 0000                <2>  at .BkBootSec, dw 0
  2546                              <2> 
  2547 00002A22 10                  <2>  at .bBpbType, db bpbFat12
  2548 00002A23 0000                <2>  at .wOpenCnt, dw 0
  2549 00002A25 07                  <2>  at .bDevType, db typeGenRem
  2550 00002A26 0000                <2>  at .wDevFlgs, dw 0
  2551 00002A28 3F00                <2>  at .wNumCyl, dw 63
  2552                              <2>  istruc bpb32
  2553 00002A2A 0002                <2>  at .bytsPerSec, dw 200h
  2554 00002A2C 01                  <2>  at .secPerClus, db 01h
  2555 00002A2D 0100                <2>  at .revdSecCnt, dw 0001h
  2556 00002A2F 02                  <2>  at .numFATs, db 02h
  2557 00002A30 E000                <2>  at .rootEntCnt, dw 00E0h
  2558 00002A32 400B                <2>  at .totSec16, dw 0B40h
  2559 00002A34 F0                  <2>  at .media, db 0F0h
  2560 00002A35 0900                <2>  at .FATsz16, dw 0009h
  2561 00002A37 1200                <2>  at .secPerTrk, dw 0012h
  2562 00002A39 0200                <2>  at .numHeads, dw 0002h
  2563 00002A3B 00000000            <2>  at .hiddSec, dd 0
  2564 00002A3F 00000000            <2>  at .totSec32, dd 0
  2565 00002A43 00000000            <2>  at .FATsz32, dd 0
  2566 00002A47 0000                <2>  at .extFlags, dw 0
  2567 00002A49 0000                <2>  at .FSver, dw 0
  2568 00002A4B 00000000            <2>  at .RootClus, dd 0
  2569 00002A4F 0000                <2>  at .FSinfo, dw 0
  2570 00002A51 0000                <2>  at .BkBootSec, dw 0
  2571 00002A53 000000000000000000- <2>  at .reserved, db 12 dup (0)
  2571 00002A5C 000000              <2>
  2572                              <2>  iend
  2573 00002A5F FFFFFFFF            <2>  at .dAccTime, dd -1
  2574 00002A63 4E4F204E414D452020- <2>  at .volLab, db "NO NAME    ",0
  2574 00002A6C 202000              <2>
  2575 00002A6F 00000000            <2>  at .volId, dd 0
  2576 00002A73 464154313220202000  <2>  at .filSysType, db "FAT12   ",0
  2577                              <2>  iend
  2578                              <2>  %assign i i+1
  2522                              <2>  istruc drvBlk
  2523 00002A7C FFFFFFFFFFFFFFFF    <2>  at .pLink, dq -1
  2524 00002A84 08                  <2>  at .bBIOSNum, db i
  2525 00002A85 08                  <2>  at .bDOSNum, db i
  2526                              <2> 
  2527 00002A86 0002                <2>  at .wBpS, dw 200h
  2528 00002A88 FF                  <2>  at .bSpC, db -1
  2529 00002A89 0100                <2>  at .wResC, dw 0001h
  2530 00002A8B 02                  <2>  at .bNumFAT, db 02h
  2531 00002A8C E000                <2>  at .wRtCntNum, dw 00E0h
  2532 00002A8E 400B                <2>  at .wTotSec16, dw 0B40h
  2533 00002A90 00                  <2>  at .bMedDesc, db 00h
  2534 00002A91 0900                <2>  at .wFATsz16, dw 0009h
  2535 00002A93 1200                <2>  at .wSecPerTrk, dw 0012h
  2536 00002A95 0200                <2>  at .wNumHeads, dw 0002h
  2537 00002A97 00000000            <2>  at .dHiddSec, dd 0
  2538 00002A9B 00000000            <2>  at .dTotSec32, dd 0
  2539                              <2> 
  2540 00002A9F 00000000            <2>  at .FATsz32, dd 0
  2541 00002AA3 0000                <2>  at .extFlags, dw 0
  2542 00002AA5 0000                <2>  at .FSver, dw 0
  2543 00002AA7 00000000            <2>  at .RootClus, dd 0
  2544 00002AAB 0000                <2>  at .FSinfo, dw 0
  2545 00002AAD 0000                <2>  at .BkBootSec, dw 0
  2546                              <2> 
  2547 00002AAF 10                  <2>  at .bBpbType, db bpbFat12
  2548 00002AB0 0000                <2>  at .wOpenCnt, dw 0
  2549 00002AB2 07                  <2>  at .bDevType, db typeGenRem
  2550 00002AB3 0000                <2>  at .wDevFlgs, dw 0
  2551 00002AB5 3F00                <2>  at .wNumCyl, dw 63
  2552                              <2>  istruc bpb32
  2553 00002AB7 0002                <2>  at .bytsPerSec, dw 200h
  2554 00002AB9 01                  <2>  at .secPerClus, db 01h
  2555 00002ABA 0100                <2>  at .revdSecCnt, dw 0001h
  2556 00002ABC 02                  <2>  at .numFATs, db 02h
  2557 00002ABD E000                <2>  at .rootEntCnt, dw 00E0h
  2558 00002ABF 400B                <2>  at .totSec16, dw 0B40h
  2559 00002AC1 F0                  <2>  at .media, db 0F0h
  2560 00002AC2 0900                <2>  at .FATsz16, dw 0009h
  2561 00002AC4 1200                <2>  at .secPerTrk, dw 0012h
  2562 00002AC6 0200                <2>  at .numHeads, dw 0002h
  2563 00002AC8 00000000            <2>  at .hiddSec, dd 0
  2564 00002ACC 00000000            <2>  at .totSec32, dd 0
  2565 00002AD0 00000000            <2>  at .FATsz32, dd 0
  2566 00002AD4 0000                <2>  at .extFlags, dw 0
  2567 00002AD6 0000                <2>  at .FSver, dw 0
  2568 00002AD8 00000000            <2>  at .RootClus, dd 0
  2569 00002ADC 0000                <2>  at .FSinfo, dw 0
  2570 00002ADE 0000                <2>  at .BkBootSec, dw 0
  2571 00002AE0 000000000000000000- <2>  at .reserved, db 12 dup (0)
  2571 00002AE9 000000              <2>
  2572                              <2>  iend
  2573 00002AEC FFFFFFFF            <2>  at .dAccTime, dd -1
  2574 00002AF0 4E4F204E414D452020- <2>  at .volLab, db "NO NAME    ",0
  2574 00002AF9 202000              <2>
  2575 00002AFC 00000000            <2>  at .volId, dd 0
  2576 00002B00 464154313220202000  <2>  at .filSysType, db "FAT12   ",0
  2577                              <2>  iend
  2578                              <2>  %assign i i+1
  2522                              <2>  istruc drvBlk
  2523 00002B09 FFFFFFFFFFFFFFFF    <2>  at .pLink, dq -1
  2524 00002B11 09                  <2>  at .bBIOSNum, db i
  2525 00002B12 09                  <2>  at .bDOSNum, db i
  2526                              <2> 
  2527 00002B13 0002                <2>  at .wBpS, dw 200h
  2528 00002B15 FF                  <2>  at .bSpC, db -1
  2529 00002B16 0100                <2>  at .wResC, dw 0001h
  2530 00002B18 02                  <2>  at .bNumFAT, db 02h
  2531 00002B19 E000                <2>  at .wRtCntNum, dw 00E0h
  2532 00002B1B 400B                <2>  at .wTotSec16, dw 0B40h
  2533 00002B1D 00                  <2>  at .bMedDesc, db 00h
  2534 00002B1E 0900                <2>  at .wFATsz16, dw 0009h
  2535 00002B20 1200                <2>  at .wSecPerTrk, dw 0012h
  2536 00002B22 0200                <2>  at .wNumHeads, dw 0002h
  2537 00002B24 00000000            <2>  at .dHiddSec, dd 0
  2538 00002B28 00000000            <2>  at .dTotSec32, dd 0
  2539                              <2> 
  2540 00002B2C 00000000            <2>  at .FATsz32, dd 0
  2541 00002B30 0000                <2>  at .extFlags, dw 0
  2542 00002B32 0000                <2>  at .FSver, dw 0
  2543 00002B34 00000000            <2>  at .RootClus, dd 0
  2544 00002B38 0000                <2>  at .FSinfo, dw 0
  2545 00002B3A 0000                <2>  at .BkBootSec, dw 0
  2546                              <2> 
  2547 00002B3C 10                  <2>  at .bBpbType, db bpbFat12
  2548 00002B3D 0000                <2>  at .wOpenCnt, dw 0
  2549 00002B3F 07                  <2>  at .bDevType, db typeGenRem
  2550 00002B40 0000                <2>  at .wDevFlgs, dw 0
  2551 00002B42 3F00                <2>  at .wNumCyl, dw 63
  2552                              <2>  istruc bpb32
  2553 00002B44 0002                <2>  at .bytsPerSec, dw 200h
  2554 00002B46 01                  <2>  at .secPerClus, db 01h
  2555 00002B47 0100                <2>  at .revdSecCnt, dw 0001h
  2556 00002B49 02                  <2>  at .numFATs, db 02h
  2557 00002B4A E000                <2>  at .rootEntCnt, dw 00E0h
  2558 00002B4C 400B                <2>  at .totSec16, dw 0B40h
  2559 00002B4E F0                  <2>  at .media, db 0F0h
  2560 00002B4F 0900                <2>  at .FATsz16, dw 0009h
  2561 00002B51 1200                <2>  at .secPerTrk, dw 0012h
  2562 00002B53 0200                <2>  at .numHeads, dw 0002h
  2563 00002B55 00000000            <2>  at .hiddSec, dd 0
  2564 00002B59 00000000            <2>  at .totSec32, dd 0
  2565 00002B5D 00000000            <2>  at .FATsz32, dd 0
  2566 00002B61 0000                <2>  at .extFlags, dw 0
  2567 00002B63 0000                <2>  at .FSver, dw 0
  2568 00002B65 00000000            <2>  at .RootClus, dd 0
  2569 00002B69 0000                <2>  at .FSinfo, dw 0
  2570 00002B6B 0000                <2>  at .BkBootSec, dw 0
  2571 00002B6D 000000000000000000- <2>  at .reserved, db 12 dup (0)
  2571 00002B76 000000              <2>
  2572                              <2>  iend
  2573 00002B79 FFFFFFFF            <2>  at .dAccTime, dd -1
  2574 00002B7D 4E4F204E414D452020- <2>  at .volLab, db "NO NAME    ",0
  2574 00002B86 202000              <2>
  2575 00002B89 00000000            <2>  at .volId, dd 0
  2576 00002B8D 464154313220202000  <2>  at .filSysType, db "FAT12   ",0
  2577                              <2>  iend
  2578                              <2>  %assign i i+1
  2522                              <2>  istruc drvBlk
  2523 00002B96 FFFFFFFFFFFFFFFF    <2>  at .pLink, dq -1
  2524 00002B9E 0A                  <2>  at .bBIOSNum, db i
  2525 00002B9F 0A                  <2>  at .bDOSNum, db i
  2526                              <2> 
  2527 00002BA0 0002                <2>  at .wBpS, dw 200h
  2528 00002BA2 FF                  <2>  at .bSpC, db -1
  2529 00002BA3 0100                <2>  at .wResC, dw 0001h
  2530 00002BA5 02                  <2>  at .bNumFAT, db 02h
  2531 00002BA6 E000                <2>  at .wRtCntNum, dw 00E0h
  2532 00002BA8 400B                <2>  at .wTotSec16, dw 0B40h
  2533 00002BAA 00                  <2>  at .bMedDesc, db 00h
  2534 00002BAB 0900                <2>  at .wFATsz16, dw 0009h
  2535 00002BAD 1200                <2>  at .wSecPerTrk, dw 0012h
  2536 00002BAF 0200                <2>  at .wNumHeads, dw 0002h
  2537 00002BB1 00000000            <2>  at .dHiddSec, dd 0
  2538 00002BB5 00000000            <2>  at .dTotSec32, dd 0
  2539                              <2> 
  2540 00002BB9 00000000            <2>  at .FATsz32, dd 0
  2541 00002BBD 0000                <2>  at .extFlags, dw 0
  2542 00002BBF 0000                <2>  at .FSver, dw 0
  2543 00002BC1 00000000            <2>  at .RootClus, dd 0
  2544 00002BC5 0000                <2>  at .FSinfo, dw 0
  2545 00002BC7 0000                <2>  at .BkBootSec, dw 0
  2546                              <2> 
  2547 00002BC9 10                  <2>  at .bBpbType, db bpbFat12
  2548 00002BCA 0000                <2>  at .wOpenCnt, dw 0
  2549 00002BCC 07                  <2>  at .bDevType, db typeGenRem
  2550 00002BCD 0000                <2>  at .wDevFlgs, dw 0
  2551 00002BCF 3F00                <2>  at .wNumCyl, dw 63
  2552                              <2>  istruc bpb32
  2553 00002BD1 0002                <2>  at .bytsPerSec, dw 200h
  2554 00002BD3 01                  <2>  at .secPerClus, db 01h
  2555 00002BD4 0100                <2>  at .revdSecCnt, dw 0001h
  2556 00002BD6 02                  <2>  at .numFATs, db 02h
  2557 00002BD7 E000                <2>  at .rootEntCnt, dw 00E0h
  2558 00002BD9 400B                <2>  at .totSec16, dw 0B40h
  2559 00002BDB F0                  <2>  at .media, db 0F0h
  2560 00002BDC 0900                <2>  at .FATsz16, dw 0009h
  2561 00002BDE 1200                <2>  at .secPerTrk, dw 0012h
  2562 00002BE0 0200                <2>  at .numHeads, dw 0002h
  2563 00002BE2 00000000            <2>  at .hiddSec, dd 0
  2564 00002BE6 00000000            <2>  at .totSec32, dd 0
  2565 00002BEA 00000000            <2>  at .FATsz32, dd 0
  2566 00002BEE 0000                <2>  at .extFlags, dw 0
  2567 00002BF0 0000                <2>  at .FSver, dw 0
  2568 00002BF2 00000000            <2>  at .RootClus, dd 0
  2569 00002BF6 0000                <2>  at .FSinfo, dw 0
  2570 00002BF8 0000                <2>  at .BkBootSec, dw 0
  2571 00002BFA 000000000000000000- <2>  at .reserved, db 12 dup (0)
  2571 00002C03 000000              <2>
  2572                              <2>  iend
  2573 00002C06 FFFFFFFF            <2>  at .dAccTime, dd -1
  2574 00002C0A 4E4F204E414D452020- <2>  at .volLab, db "NO NAME    ",0
  2574 00002C13 202000              <2>
  2575 00002C16 00000000            <2>  at .volId, dd 0
  2576 00002C1A 464154313220202000  <2>  at .filSysType, db "FAT12   ",0
  2577                              <2>  iend
  2578                              <2>  %assign i i+1
  2522                              <2>  istruc drvBlk
  2523 00002C23 FFFFFFFFFFFFFFFF    <2>  at .pLink, dq -1
  2524 00002C2B 0B                  <2>  at .bBIOSNum, db i
  2525 00002C2C 0B                  <2>  at .bDOSNum, db i
  2526                              <2> 
  2527 00002C2D 0002                <2>  at .wBpS, dw 200h
  2528 00002C2F FF                  <2>  at .bSpC, db -1
  2529 00002C30 0100                <2>  at .wResC, dw 0001h
  2530 00002C32 02                  <2>  at .bNumFAT, db 02h
  2531 00002C33 E000                <2>  at .wRtCntNum, dw 00E0h
  2532 00002C35 400B                <2>  at .wTotSec16, dw 0B40h
  2533 00002C37 00                  <2>  at .bMedDesc, db 00h
  2534 00002C38 0900                <2>  at .wFATsz16, dw 0009h
  2535 00002C3A 1200                <2>  at .wSecPerTrk, dw 0012h
  2536 00002C3C 0200                <2>  at .wNumHeads, dw 0002h
  2537 00002C3E 00000000            <2>  at .dHiddSec, dd 0
  2538 00002C42 00000000            <2>  at .dTotSec32, dd 0
  2539                              <2> 
  2540 00002C46 00000000            <2>  at .FATsz32, dd 0
  2541 00002C4A 0000                <2>  at .extFlags, dw 0
  2542 00002C4C 0000                <2>  at .FSver, dw 0
  2543 00002C4E 00000000            <2>  at .RootClus, dd 0
  2544 00002C52 0000                <2>  at .FSinfo, dw 0
  2545 00002C54 0000                <2>  at .BkBootSec, dw 0
  2546                              <2> 
  2547 00002C56 10                  <2>  at .bBpbType, db bpbFat12
  2548 00002C57 0000                <2>  at .wOpenCnt, dw 0
  2549 00002C59 07                  <2>  at .bDevType, db typeGenRem
  2550 00002C5A 0000                <2>  at .wDevFlgs, dw 0
  2551 00002C5C 3F00                <2>  at .wNumCyl, dw 63
  2552                              <2>  istruc bpb32
  2553 00002C5E 0002                <2>  at .bytsPerSec, dw 200h
  2554 00002C60 01                  <2>  at .secPerClus, db 01h
  2555 00002C61 0100                <2>  at .revdSecCnt, dw 0001h
  2556 00002C63 02                  <2>  at .numFATs, db 02h
  2557 00002C64 E000                <2>  at .rootEntCnt, dw 00E0h
  2558 00002C66 400B                <2>  at .totSec16, dw 0B40h
  2559 00002C68 F0                  <2>  at .media, db 0F0h
  2560 00002C69 0900                <2>  at .FATsz16, dw 0009h
  2561 00002C6B 1200                <2>  at .secPerTrk, dw 0012h
  2562 00002C6D 0200                <2>  at .numHeads, dw 0002h
  2563 00002C6F 00000000            <2>  at .hiddSec, dd 0
  2564 00002C73 00000000            <2>  at .totSec32, dd 0
  2565 00002C77 00000000            <2>  at .FATsz32, dd 0
  2566 00002C7B 0000                <2>  at .extFlags, dw 0
  2567 00002C7D 0000                <2>  at .FSver, dw 0
  2568 00002C7F 00000000            <2>  at .RootClus, dd 0
  2569 00002C83 0000                <2>  at .FSinfo, dw 0
  2570 00002C85 0000                <2>  at .BkBootSec, dw 0
  2571 00002C87 000000000000000000- <2>  at .reserved, db 12 dup (0)
  2571 00002C90 000000              <2>
  2572                              <2>  iend
  2573 00002C93 FFFFFFFF            <2>  at .dAccTime, dd -1
  2574 00002C97 4E4F204E414D452020- <2>  at .volLab, db "NO NAME    ",0
  2574 00002CA0 202000              <2>
  2575 00002CA3 00000000            <2>  at .volId, dd 0
  2576 00002CA7 464154313220202000  <2>  at .filSysType, db "FAT12   ",0
  2577                              <2>  iend
  2578                              <2>  %assign i i+1
  2522                              <2>  istruc drvBlk
  2523 00002CB0 FFFFFFFFFFFFFFFF    <2>  at .pLink, dq -1
  2524 00002CB8 0C                  <2>  at .bBIOSNum, db i
  2525 00002CB9 0C                  <2>  at .bDOSNum, db i
  2526                              <2> 
  2527 00002CBA 0002                <2>  at .wBpS, dw 200h
  2528 00002CBC FF                  <2>  at .bSpC, db -1
  2529 00002CBD 0100                <2>  at .wResC, dw 0001h
  2530 00002CBF 02                  <2>  at .bNumFAT, db 02h
  2531 00002CC0 E000                <2>  at .wRtCntNum, dw 00E0h
  2532 00002CC2 400B                <2>  at .wTotSec16, dw 0B40h
  2533 00002CC4 00                  <2>  at .bMedDesc, db 00h
  2534 00002CC5 0900                <2>  at .wFATsz16, dw 0009h
  2535 00002CC7 1200                <2>  at .wSecPerTrk, dw 0012h
  2536 00002CC9 0200                <2>  at .wNumHeads, dw 0002h
  2537 00002CCB 00000000            <2>  at .dHiddSec, dd 0
  2538 00002CCF 00000000            <2>  at .dTotSec32, dd 0
  2539                              <2> 
  2540 00002CD3 00000000            <2>  at .FATsz32, dd 0
  2541 00002CD7 0000                <2>  at .extFlags, dw 0
  2542 00002CD9 0000                <2>  at .FSver, dw 0
  2543 00002CDB 00000000            <2>  at .RootClus, dd 0
  2544 00002CDF 0000                <2>  at .FSinfo, dw 0
  2545 00002CE1 0000                <2>  at .BkBootSec, dw 0
  2546                              <2> 
  2547 00002CE3 10                  <2>  at .bBpbType, db bpbFat12
  2548 00002CE4 0000                <2>  at .wOpenCnt, dw 0
  2549 00002CE6 07                  <2>  at .bDevType, db typeGenRem
  2550 00002CE7 0000                <2>  at .wDevFlgs, dw 0
  2551 00002CE9 3F00                <2>  at .wNumCyl, dw 63
  2552                              <2>  istruc bpb32
  2553 00002CEB 0002                <2>  at .bytsPerSec, dw 200h
  2554 00002CED 01                  <2>  at .secPerClus, db 01h
  2555 00002CEE 0100                <2>  at .revdSecCnt, dw 0001h
  2556 00002CF0 02                  <2>  at .numFATs, db 02h
  2557 00002CF1 E000                <2>  at .rootEntCnt, dw 00E0h
  2558 00002CF3 400B                <2>  at .totSec16, dw 0B40h
  2559 00002CF5 F0                  <2>  at .media, db 0F0h
  2560 00002CF6 0900                <2>  at .FATsz16, dw 0009h
  2561 00002CF8 1200                <2>  at .secPerTrk, dw 0012h
  2562 00002CFA 0200                <2>  at .numHeads, dw 0002h
  2563 00002CFC 00000000            <2>  at .hiddSec, dd 0
  2564 00002D00 00000000            <2>  at .totSec32, dd 0
  2565 00002D04 00000000            <2>  at .FATsz32, dd 0
  2566 00002D08 0000                <2>  at .extFlags, dw 0
  2567 00002D0A 0000                <2>  at .FSver, dw 0
  2568 00002D0C 00000000            <2>  at .RootClus, dd 0
  2569 00002D10 0000                <2>  at .FSinfo, dw 0
  2570 00002D12 0000                <2>  at .BkBootSec, dw 0
  2571 00002D14 000000000000000000- <2>  at .reserved, db 12 dup (0)
  2571 00002D1D 000000              <2>
  2572                              <2>  iend
  2573 00002D20 FFFFFFFF            <2>  at .dAccTime, dd -1
  2574 00002D24 4E4F204E414D452020- <2>  at .volLab, db "NO NAME    ",0
  2574 00002D2D 202000              <2>
  2575 00002D30 00000000            <2>  at .volId, dd 0
  2576 00002D34 464154313220202000  <2>  at .filSysType, db "FAT12   ",0
  2577                              <2>  iend
  2578                              <2>  %assign i i+1
  2522                              <2>  istruc drvBlk
  2523 00002D3D FFFFFFFFFFFFFFFF    <2>  at .pLink, dq -1
  2524 00002D45 0D                  <2>  at .bBIOSNum, db i
  2525 00002D46 0D                  <2>  at .bDOSNum, db i
  2526                              <2> 
  2527 00002D47 0002                <2>  at .wBpS, dw 200h
  2528 00002D49 FF                  <2>  at .bSpC, db -1
  2529 00002D4A 0100                <2>  at .wResC, dw 0001h
  2530 00002D4C 02                  <2>  at .bNumFAT, db 02h
  2531 00002D4D E000                <2>  at .wRtCntNum, dw 00E0h
  2532 00002D4F 400B                <2>  at .wTotSec16, dw 0B40h
  2533 00002D51 00                  <2>  at .bMedDesc, db 00h
  2534 00002D52 0900                <2>  at .wFATsz16, dw 0009h
  2535 00002D54 1200                <2>  at .wSecPerTrk, dw 0012h
  2536 00002D56 0200                <2>  at .wNumHeads, dw 0002h
  2537 00002D58 00000000            <2>  at .dHiddSec, dd 0
  2538 00002D5C 00000000            <2>  at .dTotSec32, dd 0
  2539                              <2> 
  2540 00002D60 00000000            <2>  at .FATsz32, dd 0
  2541 00002D64 0000                <2>  at .extFlags, dw 0
  2542 00002D66 0000                <2>  at .FSver, dw 0
  2543 00002D68 00000000            <2>  at .RootClus, dd 0
  2544 00002D6C 0000                <2>  at .FSinfo, dw 0
  2545 00002D6E 0000                <2>  at .BkBootSec, dw 0
  2546                              <2> 
  2547 00002D70 10                  <2>  at .bBpbType, db bpbFat12
  2548 00002D71 0000                <2>  at .wOpenCnt, dw 0
  2549 00002D73 07                  <2>  at .bDevType, db typeGenRem
  2550 00002D74 0000                <2>  at .wDevFlgs, dw 0
  2551 00002D76 3F00                <2>  at .wNumCyl, dw 63
  2552                              <2>  istruc bpb32
  2553 00002D78 0002                <2>  at .bytsPerSec, dw 200h
  2554 00002D7A 01                  <2>  at .secPerClus, db 01h
  2555 00002D7B 0100                <2>  at .revdSecCnt, dw 0001h
  2556 00002D7D 02                  <2>  at .numFATs, db 02h
  2557 00002D7E E000                <2>  at .rootEntCnt, dw 00E0h
  2558 00002D80 400B                <2>  at .totSec16, dw 0B40h
  2559 00002D82 F0                  <2>  at .media, db 0F0h
  2560 00002D83 0900                <2>  at .FATsz16, dw 0009h
  2561 00002D85 1200                <2>  at .secPerTrk, dw 0012h
  2562 00002D87 0200                <2>  at .numHeads, dw 0002h
  2563 00002D89 00000000            <2>  at .hiddSec, dd 0
  2564 00002D8D 00000000            <2>  at .totSec32, dd 0
  2565 00002D91 00000000            <2>  at .FATsz32, dd 0
  2566 00002D95 0000                <2>  at .extFlags, dw 0
  2567 00002D97 0000                <2>  at .FSver, dw 0
  2568 00002D99 00000000            <2>  at .RootClus, dd 0
  2569 00002D9D 0000                <2>  at .FSinfo, dw 0
  2570 00002D9F 0000                <2>  at .BkBootSec, dw 0
  2571 00002DA1 000000000000000000- <2>  at .reserved, db 12 dup (0)
  2571 00002DAA 000000              <2>
  2572                              <2>  iend
  2573 00002DAD FFFFFFFF            <2>  at .dAccTime, dd -1
  2574 00002DB1 4E4F204E414D452020- <2>  at .volLab, db "NO NAME    ",0
  2574 00002DBA 202000              <2>
  2575 00002DBD 00000000            <2>  at .volId, dd 0
  2576 00002DC1 464154313220202000  <2>  at .filSysType, db "FAT12   ",0
  2577                              <2>  iend
  2578                              <2>  %assign i i+1
  2522                              <2>  istruc drvBlk
  2523 00002DCA FFFFFFFFFFFFFFFF    <2>  at .pLink, dq -1
  2524 00002DD2 0E                  <2>  at .bBIOSNum, db i
  2525 00002DD3 0E                  <2>  at .bDOSNum, db i
  2526                              <2> 
  2527 00002DD4 0002                <2>  at .wBpS, dw 200h
  2528 00002DD6 FF                  <2>  at .bSpC, db -1
  2529 00002DD7 0100                <2>  at .wResC, dw 0001h
  2530 00002DD9 02                  <2>  at .bNumFAT, db 02h
  2531 00002DDA E000                <2>  at .wRtCntNum, dw 00E0h
  2532 00002DDC 400B                <2>  at .wTotSec16, dw 0B40h
  2533 00002DDE 00                  <2>  at .bMedDesc, db 00h
  2534 00002DDF 0900                <2>  at .wFATsz16, dw 0009h
  2535 00002DE1 1200                <2>  at .wSecPerTrk, dw 0012h
  2536 00002DE3 0200                <2>  at .wNumHeads, dw 0002h
  2537 00002DE5 00000000            <2>  at .dHiddSec, dd 0
  2538 00002DE9 00000000            <2>  at .dTotSec32, dd 0
  2539                              <2> 
  2540 00002DED 00000000            <2>  at .FATsz32, dd 0
  2541 00002DF1 0000                <2>  at .extFlags, dw 0
  2542 00002DF3 0000                <2>  at .FSver, dw 0
  2543 00002DF5 00000000            <2>  at .RootClus, dd 0
  2544 00002DF9 0000                <2>  at .FSinfo, dw 0
  2545 00002DFB 0000                <2>  at .BkBootSec, dw 0
  2546                              <2> 
  2547 00002DFD 10                  <2>  at .bBpbType, db bpbFat12
  2548 00002DFE 0000                <2>  at .wOpenCnt, dw 0
  2549 00002E00 07                  <2>  at .bDevType, db typeGenRem
  2550 00002E01 0000                <2>  at .wDevFlgs, dw 0
  2551 00002E03 3F00                <2>  at .wNumCyl, dw 63
  2552                              <2>  istruc bpb32
  2553 00002E05 0002                <2>  at .bytsPerSec, dw 200h
  2554 00002E07 01                  <2>  at .secPerClus, db 01h
  2555 00002E08 0100                <2>  at .revdSecCnt, dw 0001h
  2556 00002E0A 02                  <2>  at .numFATs, db 02h
  2557 00002E0B E000                <2>  at .rootEntCnt, dw 00E0h
  2558 00002E0D 400B                <2>  at .totSec16, dw 0B40h
  2559 00002E0F F0                  <2>  at .media, db 0F0h
  2560 00002E10 0900                <2>  at .FATsz16, dw 0009h
  2561 00002E12 1200                <2>  at .secPerTrk, dw 0012h
  2562 00002E14 0200                <2>  at .numHeads, dw 0002h
  2563 00002E16 00000000            <2>  at .hiddSec, dd 0
  2564 00002E1A 00000000            <2>  at .totSec32, dd 0
  2565 00002E1E 00000000            <2>  at .FATsz32, dd 0
  2566 00002E22 0000                <2>  at .extFlags, dw 0
  2567 00002E24 0000                <2>  at .FSver, dw 0
  2568 00002E26 00000000            <2>  at .RootClus, dd 0
  2569 00002E2A 0000                <2>  at .FSinfo, dw 0
  2570 00002E2C 0000                <2>  at .BkBootSec, dw 0
  2571 00002E2E 000000000000000000- <2>  at .reserved, db 12 dup (0)
  2571 00002E37 000000              <2>
  2572                              <2>  iend
  2573 00002E3A FFFFFFFF            <2>  at .dAccTime, dd -1
  2574 00002E3E 4E4F204E414D452020- <2>  at .volLab, db "NO NAME    ",0
  2574 00002E47 202000              <2>
  2575 00002E4A 00000000            <2>  at .volId, dd 0
  2576 00002E4E 464154313220202000  <2>  at .filSysType, db "FAT12   ",0
  2577                              <2>  iend
  2578                              <2>  %assign i i+1
  2522                              <2>  istruc drvBlk
  2523 00002E57 FFFFFFFFFFFFFFFF    <2>  at .pLink, dq -1
  2524 00002E5F 0F                  <2>  at .bBIOSNum, db i
  2525 00002E60 0F                  <2>  at .bDOSNum, db i
  2526                              <2> 
  2527 00002E61 0002                <2>  at .wBpS, dw 200h
  2528 00002E63 FF                  <2>  at .bSpC, db -1
  2529 00002E64 0100                <2>  at .wResC, dw 0001h
  2530 00002E66 02                  <2>  at .bNumFAT, db 02h
  2531 00002E67 E000                <2>  at .wRtCntNum, dw 00E0h
  2532 00002E69 400B                <2>  at .wTotSec16, dw 0B40h
  2533 00002E6B 00                  <2>  at .bMedDesc, db 00h
  2534 00002E6C 0900                <2>  at .wFATsz16, dw 0009h
  2535 00002E6E 1200                <2>  at .wSecPerTrk, dw 0012h
  2536 00002E70 0200                <2>  at .wNumHeads, dw 0002h
  2537 00002E72 00000000            <2>  at .dHiddSec, dd 0
  2538 00002E76 00000000            <2>  at .dTotSec32, dd 0
  2539                              <2> 
  2540 00002E7A 00000000            <2>  at .FATsz32, dd 0
  2541 00002E7E 0000                <2>  at .extFlags, dw 0
  2542 00002E80 0000                <2>  at .FSver, dw 0
  2543 00002E82 00000000            <2>  at .RootClus, dd 0
  2544 00002E86 0000                <2>  at .FSinfo, dw 0
  2545 00002E88 0000                <2>  at .BkBootSec, dw 0
  2546                              <2> 
  2547 00002E8A 10                  <2>  at .bBpbType, db bpbFat12
  2548 00002E8B 0000                <2>  at .wOpenCnt, dw 0
  2549 00002E8D 07                  <2>  at .bDevType, db typeGenRem
  2550 00002E8E 0000                <2>  at .wDevFlgs, dw 0
  2551 00002E90 3F00                <2>  at .wNumCyl, dw 63
  2552                              <2>  istruc bpb32
  2553 00002E92 0002                <2>  at .bytsPerSec, dw 200h
  2554 00002E94 01                  <2>  at .secPerClus, db 01h
  2555 00002E95 0100                <2>  at .revdSecCnt, dw 0001h
  2556 00002E97 02                  <2>  at .numFATs, db 02h
  2557 00002E98 E000                <2>  at .rootEntCnt, dw 00E0h
  2558 00002E9A 400B                <2>  at .totSec16, dw 0B40h
  2559 00002E9C F0                  <2>  at .media, db 0F0h
  2560 00002E9D 0900                <2>  at .FATsz16, dw 0009h
  2561 00002E9F 1200                <2>  at .secPerTrk, dw 0012h
  2562 00002EA1 0200                <2>  at .numHeads, dw 0002h
  2563 00002EA3 00000000            <2>  at .hiddSec, dd 0
  2564 00002EA7 00000000            <2>  at .totSec32, dd 0
  2565 00002EAB 00000000            <2>  at .FATsz32, dd 0
  2566 00002EAF 0000                <2>  at .extFlags, dw 0
  2567 00002EB1 0000                <2>  at .FSver, dw 0
  2568 00002EB3 00000000            <2>  at .RootClus, dd 0
  2569 00002EB7 0000                <2>  at .FSinfo, dw 0
  2570 00002EB9 0000                <2>  at .BkBootSec, dw 0
  2571 00002EBB 000000000000000000- <2>  at .reserved, db 12 dup (0)
  2571 00002EC4 000000              <2>
  2572                              <2>  iend
  2573 00002EC7 FFFFFFFF            <2>  at .dAccTime, dd -1
  2574 00002ECB 4E4F204E414D452020- <2>  at .volLab, db "NO NAME    ",0
  2574 00002ED4 202000              <2>
  2575 00002ED7 00000000            <2>  at .volId, dd 0
  2576 00002EDB 464154313220202000  <2>  at .filSysType, db "FAT12   ",0
  2577                              <2>  iend
  2578                              <2>  %assign i i+1
  2522                              <2>  istruc drvBlk
  2523 00002EE4 FFFFFFFFFFFFFFFF    <2>  at .pLink, dq -1
  2524 00002EEC 10                  <2>  at .bBIOSNum, db i
  2525 00002EED 10                  <2>  at .bDOSNum, db i
  2526                              <2> 
  2527 00002EEE 0002                <2>  at .wBpS, dw 200h
  2528 00002EF0 FF                  <2>  at .bSpC, db -1
  2529 00002EF1 0100                <2>  at .wResC, dw 0001h
  2530 00002EF3 02                  <2>  at .bNumFAT, db 02h
  2531 00002EF4 E000                <2>  at .wRtCntNum, dw 00E0h
  2532 00002EF6 400B                <2>  at .wTotSec16, dw 0B40h
  2533 00002EF8 00                  <2>  at .bMedDesc, db 00h
  2534 00002EF9 0900                <2>  at .wFATsz16, dw 0009h
  2535 00002EFB 1200                <2>  at .wSecPerTrk, dw 0012h
  2536 00002EFD 0200                <2>  at .wNumHeads, dw 0002h
  2537 00002EFF 00000000            <2>  at .dHiddSec, dd 0
  2538 00002F03 00000000            <2>  at .dTotSec32, dd 0
  2539                              <2> 
  2540 00002F07 00000000            <2>  at .FATsz32, dd 0
  2541 00002F0B 0000                <2>  at .extFlags, dw 0
  2542 00002F0D 0000                <2>  at .FSver, dw 0
  2543 00002F0F 00000000            <2>  at .RootClus, dd 0
  2544 00002F13 0000                <2>  at .FSinfo, dw 0
  2545 00002F15 0000                <2>  at .BkBootSec, dw 0
  2546                              <2> 
  2547 00002F17 10                  <2>  at .bBpbType, db bpbFat12
  2548 00002F18 0000                <2>  at .wOpenCnt, dw 0
  2549 00002F1A 07                  <2>  at .bDevType, db typeGenRem
  2550 00002F1B 0000                <2>  at .wDevFlgs, dw 0
  2551 00002F1D 3F00                <2>  at .wNumCyl, dw 63
  2552                              <2>  istruc bpb32
  2553 00002F1F 0002                <2>  at .bytsPerSec, dw 200h
  2554 00002F21 01                  <2>  at .secPerClus, db 01h
  2555 00002F22 0100                <2>  at .revdSecCnt, dw 0001h
  2556 00002F24 02                  <2>  at .numFATs, db 02h
  2557 00002F25 E000                <2>  at .rootEntCnt, dw 00E0h
  2558 00002F27 400B                <2>  at .totSec16, dw 0B40h
  2559 00002F29 F0                  <2>  at .media, db 0F0h
  2560 00002F2A 0900                <2>  at .FATsz16, dw 0009h
  2561 00002F2C 1200                <2>  at .secPerTrk, dw 0012h
  2562 00002F2E 0200                <2>  at .numHeads, dw 0002h
  2563 00002F30 00000000            <2>  at .hiddSec, dd 0
  2564 00002F34 00000000            <2>  at .totSec32, dd 0
  2565 00002F38 00000000            <2>  at .FATsz32, dd 0
  2566 00002F3C 0000                <2>  at .extFlags, dw 0
  2567 00002F3E 0000                <2>  at .FSver, dw 0
  2568 00002F40 00000000            <2>  at .RootClus, dd 0
  2569 00002F44 0000                <2>  at .FSinfo, dw 0
  2570 00002F46 0000                <2>  at .BkBootSec, dw 0
  2571 00002F48 000000000000000000- <2>  at .reserved, db 12 dup (0)
  2571 00002F51 000000              <2>
  2572                              <2>  iend
  2573 00002F54 FFFFFFFF            <2>  at .dAccTime, dd -1
  2574 00002F58 4E4F204E414D452020- <2>  at .volLab, db "NO NAME    ",0
  2574 00002F61 202000              <2>
  2575 00002F64 00000000            <2>  at .volId, dd 0
  2576 00002F68 464154313220202000  <2>  at .filSysType, db "FAT12   ",0
  2577                              <2>  iend
  2578                              <2>  %assign i i+1
  2522                              <2>  istruc drvBlk
  2523 00002F71 FFFFFFFFFFFFFFFF    <2>  at .pLink, dq -1
  2524 00002F79 11                  <2>  at .bBIOSNum, db i
  2525 00002F7A 11                  <2>  at .bDOSNum, db i
  2526                              <2> 
  2527 00002F7B 0002                <2>  at .wBpS, dw 200h
  2528 00002F7D FF                  <2>  at .bSpC, db -1
  2529 00002F7E 0100                <2>  at .wResC, dw 0001h
  2530 00002F80 02                  <2>  at .bNumFAT, db 02h
  2531 00002F81 E000                <2>  at .wRtCntNum, dw 00E0h
  2532 00002F83 400B                <2>  at .wTotSec16, dw 0B40h
  2533 00002F85 00                  <2>  at .bMedDesc, db 00h
  2534 00002F86 0900                <2>  at .wFATsz16, dw 0009h
  2535 00002F88 1200                <2>  at .wSecPerTrk, dw 0012h
  2536 00002F8A 0200                <2>  at .wNumHeads, dw 0002h
  2537 00002F8C 00000000            <2>  at .dHiddSec, dd 0
  2538 00002F90 00000000            <2>  at .dTotSec32, dd 0
  2539                              <2> 
  2540 00002F94 00000000            <2>  at .FATsz32, dd 0
  2541 00002F98 0000                <2>  at .extFlags, dw 0
  2542 00002F9A 0000                <2>  at .FSver, dw 0
  2543 00002F9C 00000000            <2>  at .RootClus, dd 0
  2544 00002FA0 0000                <2>  at .FSinfo, dw 0
  2545 00002FA2 0000                <2>  at .BkBootSec, dw 0
  2546                              <2> 
  2547 00002FA4 10                  <2>  at .bBpbType, db bpbFat12
  2548 00002FA5 0000                <2>  at .wOpenCnt, dw 0
  2549 00002FA7 07                  <2>  at .bDevType, db typeGenRem
  2550 00002FA8 0000                <2>  at .wDevFlgs, dw 0
  2551 00002FAA 3F00                <2>  at .wNumCyl, dw 63
  2552                              <2>  istruc bpb32
  2553 00002FAC 0002                <2>  at .bytsPerSec, dw 200h
  2554 00002FAE 01                  <2>  at .secPerClus, db 01h
  2555 00002FAF 0100                <2>  at .revdSecCnt, dw 0001h
  2556 00002FB1 02                  <2>  at .numFATs, db 02h
  2557 00002FB2 E000                <2>  at .rootEntCnt, dw 00E0h
  2558 00002FB4 400B                <2>  at .totSec16, dw 0B40h
  2559 00002FB6 F0                  <2>  at .media, db 0F0h
  2560 00002FB7 0900                <2>  at .FATsz16, dw 0009h
  2561 00002FB9 1200                <2>  at .secPerTrk, dw 0012h
  2562 00002FBB 0200                <2>  at .numHeads, dw 0002h
  2563 00002FBD 00000000            <2>  at .hiddSec, dd 0
  2564 00002FC1 00000000            <2>  at .totSec32, dd 0
  2565 00002FC5 00000000            <2>  at .FATsz32, dd 0
  2566 00002FC9 0000                <2>  at .extFlags, dw 0
  2567 00002FCB 0000                <2>  at .FSver, dw 0
  2568 00002FCD 00000000            <2>  at .RootClus, dd 0
  2569 00002FD1 0000                <2>  at .FSinfo, dw 0
  2570 00002FD3 0000                <2>  at .BkBootSec, dw 0
  2571 00002FD5 000000000000000000- <2>  at .reserved, db 12 dup (0)
  2571 00002FDE 000000              <2>
  2572                              <2>  iend
  2573 00002FE1 FFFFFFFF            <2>  at .dAccTime, dd -1
  2574 00002FE5 4E4F204E414D452020- <2>  at .volLab, db "NO NAME    ",0
  2574 00002FEE 202000              <2>
  2575 00002FF1 00000000            <2>  at .volId, dd 0
  2576 00002FF5 464154313220202000  <2>  at .filSysType, db "FAT12   ",0
  2577                              <2>  iend
  2578                              <2>  %assign i i+1
  2522                              <2>  istruc drvBlk
  2523 00002FFE FFFFFFFFFFFFFFFF    <2>  at .pLink, dq -1
  2524 00003006 12                  <2>  at .bBIOSNum, db i
  2525 00003007 12                  <2>  at .bDOSNum, db i
  2526                              <2> 
  2527 00003008 0002                <2>  at .wBpS, dw 200h
  2528 0000300A FF                  <2>  at .bSpC, db -1
  2529 0000300B 0100                <2>  at .wResC, dw 0001h
  2530 0000300D 02                  <2>  at .bNumFAT, db 02h
  2531 0000300E E000                <2>  at .wRtCntNum, dw 00E0h
  2532 00003010 400B                <2>  at .wTotSec16, dw 0B40h
  2533 00003012 00                  <2>  at .bMedDesc, db 00h
  2534 00003013 0900                <2>  at .wFATsz16, dw 0009h
  2535 00003015 1200                <2>  at .wSecPerTrk, dw 0012h
  2536 00003017 0200                <2>  at .wNumHeads, dw 0002h
  2537 00003019 00000000            <2>  at .dHiddSec, dd 0
  2538 0000301D 00000000            <2>  at .dTotSec32, dd 0
  2539                              <2> 
  2540 00003021 00000000            <2>  at .FATsz32, dd 0
  2541 00003025 0000                <2>  at .extFlags, dw 0
  2542 00003027 0000                <2>  at .FSver, dw 0
  2543 00003029 00000000            <2>  at .RootClus, dd 0
  2544 0000302D 0000                <2>  at .FSinfo, dw 0
  2545 0000302F 0000                <2>  at .BkBootSec, dw 0
  2546                              <2> 
  2547 00003031 10                  <2>  at .bBpbType, db bpbFat12
  2548 00003032 0000                <2>  at .wOpenCnt, dw 0
  2549 00003034 07                  <2>  at .bDevType, db typeGenRem
  2550 00003035 0000                <2>  at .wDevFlgs, dw 0
  2551 00003037 3F00                <2>  at .wNumCyl, dw 63
  2552                              <2>  istruc bpb32
  2553 00003039 0002                <2>  at .bytsPerSec, dw 200h
  2554 0000303B 01                  <2>  at .secPerClus, db 01h
  2555 0000303C 0100                <2>  at .revdSecCnt, dw 0001h
  2556 0000303E 02                  <2>  at .numFATs, db 02h
  2557 0000303F E000                <2>  at .rootEntCnt, dw 00E0h
  2558 00003041 400B                <2>  at .totSec16, dw 0B40h
  2559 00003043 F0                  <2>  at .media, db 0F0h
  2560 00003044 0900                <2>  at .FATsz16, dw 0009h
  2561 00003046 1200                <2>  at .secPerTrk, dw 0012h
  2562 00003048 0200                <2>  at .numHeads, dw 0002h
  2563 0000304A 00000000            <2>  at .hiddSec, dd 0
  2564 0000304E 00000000            <2>  at .totSec32, dd 0
  2565 00003052 00000000            <2>  at .FATsz32, dd 0
  2566 00003056 0000                <2>  at .extFlags, dw 0
  2567 00003058 0000                <2>  at .FSver, dw 0
  2568 0000305A 00000000            <2>  at .RootClus, dd 0
  2569 0000305E 0000                <2>  at .FSinfo, dw 0
  2570 00003060 0000                <2>  at .BkBootSec, dw 0
  2571 00003062 000000000000000000- <2>  at .reserved, db 12 dup (0)
  2571 0000306B 000000              <2>
  2572                              <2>  iend
  2573 0000306E FFFFFFFF            <2>  at .dAccTime, dd -1
  2574 00003072 4E4F204E414D452020- <2>  at .volLab, db "NO NAME    ",0
  2574 0000307B 202000              <2>
  2575 0000307E 00000000            <2>  at .volId, dd 0
  2576 00003082 464154313220202000  <2>  at .filSysType, db "FAT12   ",0
  2577                              <2>  iend
  2578                              <2>  %assign i i+1
  2522                              <2>  istruc drvBlk
  2523 0000308B FFFFFFFFFFFFFFFF    <2>  at .pLink, dq -1
  2524 00003093 13                  <2>  at .bBIOSNum, db i
  2525 00003094 13                  <2>  at .bDOSNum, db i
  2526                              <2> 
  2527 00003095 0002                <2>  at .wBpS, dw 200h
  2528 00003097 FF                  <2>  at .bSpC, db -1
  2529 00003098 0100                <2>  at .wResC, dw 0001h
  2530 0000309A 02                  <2>  at .bNumFAT, db 02h
  2531 0000309B E000                <2>  at .wRtCntNum, dw 00E0h
  2532 0000309D 400B                <2>  at .wTotSec16, dw 0B40h
  2533 0000309F 00                  <2>  at .bMedDesc, db 00h
  2534 000030A0 0900                <2>  at .wFATsz16, dw 0009h
  2535 000030A2 1200                <2>  at .wSecPerTrk, dw 0012h
  2536 000030A4 0200                <2>  at .wNumHeads, dw 0002h
  2537 000030A6 00000000            <2>  at .dHiddSec, dd 0
  2538 000030AA 00000000            <2>  at .dTotSec32, dd 0
  2539                              <2> 
  2540 000030AE 00000000            <2>  at .FATsz32, dd 0
  2541 000030B2 0000                <2>  at .extFlags, dw 0
  2542 000030B4 0000                <2>  at .FSver, dw 0
  2543 000030B6 00000000            <2>  at .RootClus, dd 0
  2544 000030BA 0000                <2>  at .FSinfo, dw 0
  2545 000030BC 0000                <2>  at .BkBootSec, dw 0
  2546                              <2> 
  2547 000030BE 10                  <2>  at .bBpbType, db bpbFat12
  2548 000030BF 0000                <2>  at .wOpenCnt, dw 0
  2549 000030C1 07                  <2>  at .bDevType, db typeGenRem
  2550 000030C2 0000                <2>  at .wDevFlgs, dw 0
  2551 000030C4 3F00                <2>  at .wNumCyl, dw 63
  2552                              <2>  istruc bpb32
  2553 000030C6 0002                <2>  at .bytsPerSec, dw 200h
  2554 000030C8 01                  <2>  at .secPerClus, db 01h
  2555 000030C9 0100                <2>  at .revdSecCnt, dw 0001h
  2556 000030CB 02                  <2>  at .numFATs, db 02h
  2557 000030CC E000                <2>  at .rootEntCnt, dw 00E0h
  2558 000030CE 400B                <2>  at .totSec16, dw 0B40h
  2559 000030D0 F0                  <2>  at .media, db 0F0h
  2560 000030D1 0900                <2>  at .FATsz16, dw 0009h
  2561 000030D3 1200                <2>  at .secPerTrk, dw 0012h
  2562 000030D5 0200                <2>  at .numHeads, dw 0002h
  2563 000030D7 00000000            <2>  at .hiddSec, dd 0
  2564 000030DB 00000000            <2>  at .totSec32, dd 0
  2565 000030DF 00000000            <2>  at .FATsz32, dd 0
  2566 000030E3 0000                <2>  at .extFlags, dw 0
  2567 000030E5 0000                <2>  at .FSver, dw 0
  2568 000030E7 00000000            <2>  at .RootClus, dd 0
  2569 000030EB 0000                <2>  at .FSinfo, dw 0
  2570 000030ED 0000                <2>  at .BkBootSec, dw 0
  2571 000030EF 000000000000000000- <2>  at .reserved, db 12 dup (0)
  2571 000030F8 000000              <2>
  2572                              <2>  iend
  2573 000030FB FFFFFFFF            <2>  at .dAccTime, dd -1
  2574 000030FF 4E4F204E414D452020- <2>  at .volLab, db "NO NAME    ",0
  2574 00003108 202000              <2>
  2575 0000310B 00000000            <2>  at .volId, dd 0
  2576 0000310F 464154313220202000  <2>  at .filSysType, db "FAT12   ",0
  2577                              <2>  iend
  2578                              <2>  %assign i i+1
  2522                              <2>  istruc drvBlk
  2523 00003118 FFFFFFFFFFFFFFFF    <2>  at .pLink, dq -1
  2524 00003120 14                  <2>  at .bBIOSNum, db i
  2525 00003121 14                  <2>  at .bDOSNum, db i
  2526                              <2> 
  2527 00003122 0002                <2>  at .wBpS, dw 200h
  2528 00003124 FF                  <2>  at .bSpC, db -1
  2529 00003125 0100                <2>  at .wResC, dw 0001h
  2530 00003127 02                  <2>  at .bNumFAT, db 02h
  2531 00003128 E000                <2>  at .wRtCntNum, dw 00E0h
  2532 0000312A 400B                <2>  at .wTotSec16, dw 0B40h
  2533 0000312C 00                  <2>  at .bMedDesc, db 00h
  2534 0000312D 0900                <2>  at .wFATsz16, dw 0009h
  2535 0000312F 1200                <2>  at .wSecPerTrk, dw 0012h
  2536 00003131 0200                <2>  at .wNumHeads, dw 0002h
  2537 00003133 00000000            <2>  at .dHiddSec, dd 0
  2538 00003137 00000000            <2>  at .dTotSec32, dd 0
  2539                              <2> 
  2540 0000313B 00000000            <2>  at .FATsz32, dd 0
  2541 0000313F 0000                <2>  at .extFlags, dw 0
  2542 00003141 0000                <2>  at .FSver, dw 0
  2543 00003143 00000000            <2>  at .RootClus, dd 0
  2544 00003147 0000                <2>  at .FSinfo, dw 0
  2545 00003149 0000                <2>  at .BkBootSec, dw 0
  2546                              <2> 
  2547 0000314B 10                  <2>  at .bBpbType, db bpbFat12
  2548 0000314C 0000                <2>  at .wOpenCnt, dw 0
  2549 0000314E 07                  <2>  at .bDevType, db typeGenRem
  2550 0000314F 0000                <2>  at .wDevFlgs, dw 0
  2551 00003151 3F00                <2>  at .wNumCyl, dw 63
  2552                              <2>  istruc bpb32
  2553 00003153 0002                <2>  at .bytsPerSec, dw 200h
  2554 00003155 01                  <2>  at .secPerClus, db 01h
  2555 00003156 0100                <2>  at .revdSecCnt, dw 0001h
  2556 00003158 02                  <2>  at .numFATs, db 02h
  2557 00003159 E000                <2>  at .rootEntCnt, dw 00E0h
  2558 0000315B 400B                <2>  at .totSec16, dw 0B40h
  2559 0000315D F0                  <2>  at .media, db 0F0h
  2560 0000315E 0900                <2>  at .FATsz16, dw 0009h
  2561 00003160 1200                <2>  at .secPerTrk, dw 0012h
  2562 00003162 0200                <2>  at .numHeads, dw 0002h
  2563 00003164 00000000            <2>  at .hiddSec, dd 0
  2564 00003168 00000000            <2>  at .totSec32, dd 0
  2565 0000316C 00000000            <2>  at .FATsz32, dd 0
  2566 00003170 0000                <2>  at .extFlags, dw 0
  2567 00003172 0000                <2>  at .FSver, dw 0
  2568 00003174 00000000            <2>  at .RootClus, dd 0
  2569 00003178 0000                <2>  at .FSinfo, dw 0
  2570 0000317A 0000                <2>  at .BkBootSec, dw 0
  2571 0000317C 000000000000000000- <2>  at .reserved, db 12 dup (0)
  2571 00003185 000000              <2>
  2572                              <2>  iend
  2573 00003188 FFFFFFFF            <2>  at .dAccTime, dd -1
  2574 0000318C 4E4F204E414D452020- <2>  at .volLab, db "NO NAME    ",0
  2574 00003195 202000              <2>
  2575 00003198 00000000            <2>  at .volId, dd 0
  2576 0000319C 464154313220202000  <2>  at .filSysType, db "FAT12   ",0
  2577                              <2>  iend
  2578                              <2>  %assign i i+1
  2522                              <2>  istruc drvBlk
  2523 000031A5 FFFFFFFFFFFFFFFF    <2>  at .pLink, dq -1
  2524 000031AD 15                  <2>  at .bBIOSNum, db i
  2525 000031AE 15                  <2>  at .bDOSNum, db i
  2526                              <2> 
  2527 000031AF 0002                <2>  at .wBpS, dw 200h
  2528 000031B1 FF                  <2>  at .bSpC, db -1
  2529 000031B2 0100                <2>  at .wResC, dw 0001h
  2530 000031B4 02                  <2>  at .bNumFAT, db 02h
  2531 000031B5 E000                <2>  at .wRtCntNum, dw 00E0h
  2532 000031B7 400B                <2>  at .wTotSec16, dw 0B40h
  2533 000031B9 00                  <2>  at .bMedDesc, db 00h
  2534 000031BA 0900                <2>  at .wFATsz16, dw 0009h
  2535 000031BC 1200                <2>  at .wSecPerTrk, dw 0012h
  2536 000031BE 0200                <2>  at .wNumHeads, dw 0002h
  2537 000031C0 00000000            <2>  at .dHiddSec, dd 0
  2538 000031C4 00000000            <2>  at .dTotSec32, dd 0
  2539                              <2> 
  2540 000031C8 00000000            <2>  at .FATsz32, dd 0
  2541 000031CC 0000                <2>  at .extFlags, dw 0
  2542 000031CE 0000                <2>  at .FSver, dw 0
  2543 000031D0 00000000            <2>  at .RootClus, dd 0
  2544 000031D4 0000                <2>  at .FSinfo, dw 0
  2545 000031D6 0000                <2>  at .BkBootSec, dw 0
  2546                              <2> 
  2547 000031D8 10                  <2>  at .bBpbType, db bpbFat12
  2548 000031D9 0000                <2>  at .wOpenCnt, dw 0
  2549 000031DB 07                  <2>  at .bDevType, db typeGenRem
  2550 000031DC 0000                <2>  at .wDevFlgs, dw 0
  2551 000031DE 3F00                <2>  at .wNumCyl, dw 63
  2552                              <2>  istruc bpb32
  2553 000031E0 0002                <2>  at .bytsPerSec, dw 200h
  2554 000031E2 01                  <2>  at .secPerClus, db 01h
  2555 000031E3 0100                <2>  at .revdSecCnt, dw 0001h
  2556 000031E5 02                  <2>  at .numFATs, db 02h
  2557 000031E6 E000                <2>  at .rootEntCnt, dw 00E0h
  2558 000031E8 400B                <2>  at .totSec16, dw 0B40h
  2559 000031EA F0                  <2>  at .media, db 0F0h
  2560 000031EB 0900                <2>  at .FATsz16, dw 0009h
  2561 000031ED 1200                <2>  at .secPerTrk, dw 0012h
  2562 000031EF 0200                <2>  at .numHeads, dw 0002h
  2563 000031F1 00000000            <2>  at .hiddSec, dd 0
  2564 000031F5 00000000            <2>  at .totSec32, dd 0
  2565 000031F9 00000000            <2>  at .FATsz32, dd 0
  2566 000031FD 0000                <2>  at .extFlags, dw 0
  2567 000031FF 0000                <2>  at .FSver, dw 0
  2568 00003201 00000000            <2>  at .RootClus, dd 0
  2569 00003205 0000                <2>  at .FSinfo, dw 0
  2570 00003207 0000                <2>  at .BkBootSec, dw 0
  2571 00003209 000000000000000000- <2>  at .reserved, db 12 dup (0)
  2571 00003212 000000              <2>
  2572                              <2>  iend
  2573 00003215 FFFFFFFF            <2>  at .dAccTime, dd -1
  2574 00003219 4E4F204E414D452020- <2>  at .volLab, db "NO NAME    ",0
  2574 00003222 202000              <2>
  2575 00003225 00000000            <2>  at .volId, dd 0
  2576 00003229 464154313220202000  <2>  at .filSysType, db "FAT12   ",0
  2577                              <2>  iend
  2578                              <2>  %assign i i+1
  2522                              <2>  istruc drvBlk
  2523 00003232 FFFFFFFFFFFFFFFF    <2>  at .pLink, dq -1
  2524 0000323A 16                  <2>  at .bBIOSNum, db i
  2525 0000323B 16                  <2>  at .bDOSNum, db i
  2526                              <2> 
  2527 0000323C 0002                <2>  at .wBpS, dw 200h
  2528 0000323E FF                  <2>  at .bSpC, db -1
  2529 0000323F 0100                <2>  at .wResC, dw 0001h
  2530 00003241 02                  <2>  at .bNumFAT, db 02h
  2531 00003242 E000                <2>  at .wRtCntNum, dw 00E0h
  2532 00003244 400B                <2>  at .wTotSec16, dw 0B40h
  2533 00003246 00                  <2>  at .bMedDesc, db 00h
  2534 00003247 0900                <2>  at .wFATsz16, dw 0009h
  2535 00003249 1200                <2>  at .wSecPerTrk, dw 0012h
  2536 0000324B 0200                <2>  at .wNumHeads, dw 0002h
  2537 0000324D 00000000            <2>  at .dHiddSec, dd 0
  2538 00003251 00000000            <2>  at .dTotSec32, dd 0
  2539                              <2> 
  2540 00003255 00000000            <2>  at .FATsz32, dd 0
  2541 00003259 0000                <2>  at .extFlags, dw 0
  2542 0000325B 0000                <2>  at .FSver, dw 0
  2543 0000325D 00000000            <2>  at .RootClus, dd 0
  2544 00003261 0000                <2>  at .FSinfo, dw 0
  2545 00003263 0000                <2>  at .BkBootSec, dw 0
  2546                              <2> 
  2547 00003265 10                  <2>  at .bBpbType, db bpbFat12
  2548 00003266 0000                <2>  at .wOpenCnt, dw 0
  2549 00003268 07                  <2>  at .bDevType, db typeGenRem
  2550 00003269 0000                <2>  at .wDevFlgs, dw 0
  2551 0000326B 3F00                <2>  at .wNumCyl, dw 63
  2552                              <2>  istruc bpb32
  2553 0000326D 0002                <2>  at .bytsPerSec, dw 200h
  2554 0000326F 01                  <2>  at .secPerClus, db 01h
  2555 00003270 0100                <2>  at .revdSecCnt, dw 0001h
  2556 00003272 02                  <2>  at .numFATs, db 02h
  2557 00003273 E000                <2>  at .rootEntCnt, dw 00E0h
  2558 00003275 400B                <2>  at .totSec16, dw 0B40h
  2559 00003277 F0                  <2>  at .media, db 0F0h
  2560 00003278 0900                <2>  at .FATsz16, dw 0009h
  2561 0000327A 1200                <2>  at .secPerTrk, dw 0012h
  2562 0000327C 0200                <2>  at .numHeads, dw 0002h
  2563 0000327E 00000000            <2>  at .hiddSec, dd 0
  2564 00003282 00000000            <2>  at .totSec32, dd 0
  2565 00003286 00000000            <2>  at .FATsz32, dd 0
  2566 0000328A 0000                <2>  at .extFlags, dw 0
  2567 0000328C 0000                <2>  at .FSver, dw 0
  2568 0000328E 00000000            <2>  at .RootClus, dd 0
  2569 00003292 0000                <2>  at .FSinfo, dw 0
  2570 00003294 0000                <2>  at .BkBootSec, dw 0
  2571 00003296 000000000000000000- <2>  at .reserved, db 12 dup (0)
  2571 0000329F 000000              <2>
  2572                              <2>  iend
  2573 000032A2 FFFFFFFF            <2>  at .dAccTime, dd -1
  2574 000032A6 4E4F204E414D452020- <2>  at .volLab, db "NO NAME    ",0
  2574 000032AF 202000              <2>
  2575 000032B2 00000000            <2>  at .volId, dd 0
  2576 000032B6 464154313220202000  <2>  at .filSysType, db "FAT12   ",0
  2577                              <2>  iend
  2578                              <2>  %assign i i+1
  2522                              <2>  istruc drvBlk
  2523 000032BF FFFFFFFFFFFFFFFF    <2>  at .pLink, dq -1
  2524 000032C7 17                  <2>  at .bBIOSNum, db i
  2525 000032C8 17                  <2>  at .bDOSNum, db i
  2526                              <2> 
  2527 000032C9 0002                <2>  at .wBpS, dw 200h
  2528 000032CB FF                  <2>  at .bSpC, db -1
  2529 000032CC 0100                <2>  at .wResC, dw 0001h
  2530 000032CE 02                  <2>  at .bNumFAT, db 02h
  2531 000032CF E000                <2>  at .wRtCntNum, dw 00E0h
  2532 000032D1 400B                <2>  at .wTotSec16, dw 0B40h
  2533 000032D3 00                  <2>  at .bMedDesc, db 00h
  2534 000032D4 0900                <2>  at .wFATsz16, dw 0009h
  2535 000032D6 1200                <2>  at .wSecPerTrk, dw 0012h
  2536 000032D8 0200                <2>  at .wNumHeads, dw 0002h
  2537 000032DA 00000000            <2>  at .dHiddSec, dd 0
  2538 000032DE 00000000            <2>  at .dTotSec32, dd 0
  2539                              <2> 
  2540 000032E2 00000000            <2>  at .FATsz32, dd 0
  2541 000032E6 0000                <2>  at .extFlags, dw 0
  2542 000032E8 0000                <2>  at .FSver, dw 0
  2543 000032EA 00000000            <2>  at .RootClus, dd 0
  2544 000032EE 0000                <2>  at .FSinfo, dw 0
  2545 000032F0 0000                <2>  at .BkBootSec, dw 0
  2546                              <2> 
  2547 000032F2 10                  <2>  at .bBpbType, db bpbFat12
  2548 000032F3 0000                <2>  at .wOpenCnt, dw 0
  2549 000032F5 07                  <2>  at .bDevType, db typeGenRem
  2550 000032F6 0000                <2>  at .wDevFlgs, dw 0
  2551 000032F8 3F00                <2>  at .wNumCyl, dw 63
  2552                              <2>  istruc bpb32
  2553 000032FA 0002                <2>  at .bytsPerSec, dw 200h
  2554 000032FC 01                  <2>  at .secPerClus, db 01h
  2555 000032FD 0100                <2>  at .revdSecCnt, dw 0001h
  2556 000032FF 02                  <2>  at .numFATs, db 02h
  2557 00003300 E000                <2>  at .rootEntCnt, dw 00E0h
  2558 00003302 400B                <2>  at .totSec16, dw 0B40h
  2559 00003304 F0                  <2>  at .media, db 0F0h
  2560 00003305 0900                <2>  at .FATsz16, dw 0009h
  2561 00003307 1200                <2>  at .secPerTrk, dw 0012h
  2562 00003309 0200                <2>  at .numHeads, dw 0002h
  2563 0000330B 00000000            <2>  at .hiddSec, dd 0
  2564 0000330F 00000000            <2>  at .totSec32, dd 0
  2565 00003313 00000000            <2>  at .FATsz32, dd 0
  2566 00003317 0000                <2>  at .extFlags, dw 0
  2567 00003319 0000                <2>  at .FSver, dw 0
  2568 0000331B 00000000            <2>  at .RootClus, dd 0
  2569 0000331F 0000                <2>  at .FSinfo, dw 0
  2570 00003321 0000                <2>  at .BkBootSec, dw 0
  2571 00003323 000000000000000000- <2>  at .reserved, db 12 dup (0)
  2571 0000332C 000000              <2>
  2572                              <2>  iend
  2573 0000332F FFFFFFFF            <2>  at .dAccTime, dd -1
  2574 00003333 4E4F204E414D452020- <2>  at .volLab, db "NO NAME    ",0
  2574 0000333C 202000              <2>
  2575 0000333F 00000000            <2>  at .volId, dd 0
  2576 00003343 464154313220202000  <2>  at .filSysType, db "FAT12   ",0
  2577                              <2>  iend
  2578                              <2>  %assign i i+1
  2522                              <2>  istruc drvBlk
  2523 0000334C FFFFFFFFFFFFFFFF    <2>  at .pLink, dq -1
  2524 00003354 18                  <2>  at .bBIOSNum, db i
  2525 00003355 18                  <2>  at .bDOSNum, db i
  2526                              <2> 
  2527 00003356 0002                <2>  at .wBpS, dw 200h
  2528 00003358 FF                  <2>  at .bSpC, db -1
  2529 00003359 0100                <2>  at .wResC, dw 0001h
  2530 0000335B 02                  <2>  at .bNumFAT, db 02h
  2531 0000335C E000                <2>  at .wRtCntNum, dw 00E0h
  2532 0000335E 400B                <2>  at .wTotSec16, dw 0B40h
  2533 00003360 00                  <2>  at .bMedDesc, db 00h
  2534 00003361 0900                <2>  at .wFATsz16, dw 0009h
  2535 00003363 1200                <2>  at .wSecPerTrk, dw 0012h
  2536 00003365 0200                <2>  at .wNumHeads, dw 0002h
  2537 00003367 00000000            <2>  at .dHiddSec, dd 0
  2538 0000336B 00000000            <2>  at .dTotSec32, dd 0
  2539                              <2> 
  2540 0000336F 00000000            <2>  at .FATsz32, dd 0
  2541 00003373 0000                <2>  at .extFlags, dw 0
  2542 00003375 0000                <2>  at .FSver, dw 0
  2543 00003377 00000000            <2>  at .RootClus, dd 0
  2544 0000337B 0000                <2>  at .FSinfo, dw 0
  2545 0000337D 0000                <2>  at .BkBootSec, dw 0
  2546                              <2> 
  2547 0000337F 10                  <2>  at .bBpbType, db bpbFat12
  2548 00003380 0000                <2>  at .wOpenCnt, dw 0
  2549 00003382 07                  <2>  at .bDevType, db typeGenRem
  2550 00003383 0000                <2>  at .wDevFlgs, dw 0
  2551 00003385 3F00                <2>  at .wNumCyl, dw 63
  2552                              <2>  istruc bpb32
  2553 00003387 0002                <2>  at .bytsPerSec, dw 200h
  2554 00003389 01                  <2>  at .secPerClus, db 01h
  2555 0000338A 0100                <2>  at .revdSecCnt, dw 0001h
  2556 0000338C 02                  <2>  at .numFATs, db 02h
  2557 0000338D E000                <2>  at .rootEntCnt, dw 00E0h
  2558 0000338F 400B                <2>  at .totSec16, dw 0B40h
  2559 00003391 F0                  <2>  at .media, db 0F0h
  2560 00003392 0900                <2>  at .FATsz16, dw 0009h
  2561 00003394 1200                <2>  at .secPerTrk, dw 0012h
  2562 00003396 0200                <2>  at .numHeads, dw 0002h
  2563 00003398 00000000            <2>  at .hiddSec, dd 0
  2564 0000339C 00000000            <2>  at .totSec32, dd 0
  2565 000033A0 00000000            <2>  at .FATsz32, dd 0
  2566 000033A4 0000                <2>  at .extFlags, dw 0
  2567 000033A6 0000                <2>  at .FSver, dw 0
  2568 000033A8 00000000            <2>  at .RootClus, dd 0
  2569 000033AC 0000                <2>  at .FSinfo, dw 0
  2570 000033AE 0000                <2>  at .BkBootSec, dw 0
  2571 000033B0 000000000000000000- <2>  at .reserved, db 12 dup (0)
  2571 000033B9 000000              <2>
  2572                              <2>  iend
  2573 000033BC FFFFFFFF            <2>  at .dAccTime, dd -1
  2574 000033C0 4E4F204E414D452020- <2>  at .volLab, db "NO NAME    ",0
  2574 000033C9 202000              <2>
  2575 000033CC 00000000            <2>  at .volId, dd 0
  2576 000033D0 464154313220202000  <2>  at .filSysType, db "FAT12   ",0
  2577                              <2>  iend
  2578                              <2>  %assign i i+1
  2522                              <2>  istruc drvBlk
  2523 000033D9 FFFFFFFFFFFFFFFF    <2>  at .pLink, dq -1
  2524 000033E1 19                  <2>  at .bBIOSNum, db i
  2525 000033E2 19                  <2>  at .bDOSNum, db i
  2526                              <2> 
  2527 000033E3 0002                <2>  at .wBpS, dw 200h
  2528 000033E5 FF                  <2>  at .bSpC, db -1
  2529 000033E6 0100                <2>  at .wResC, dw 0001h
  2530 000033E8 02                  <2>  at .bNumFAT, db 02h
  2531 000033E9 E000                <2>  at .wRtCntNum, dw 00E0h
  2532 000033EB 400B                <2>  at .wTotSec16, dw 0B40h
  2533 000033ED 00                  <2>  at .bMedDesc, db 00h
  2534 000033EE 0900                <2>  at .wFATsz16, dw 0009h
  2535 000033F0 1200                <2>  at .wSecPerTrk, dw 0012h
  2536 000033F2 0200                <2>  at .wNumHeads, dw 0002h
  2537 000033F4 00000000            <2>  at .dHiddSec, dd 0
  2538 000033F8 00000000            <2>  at .dTotSec32, dd 0
  2539                              <2> 
  2540 000033FC 00000000            <2>  at .FATsz32, dd 0
  2541 00003400 0000                <2>  at .extFlags, dw 0
  2542 00003402 0000                <2>  at .FSver, dw 0
  2543 00003404 00000000            <2>  at .RootClus, dd 0
  2544 00003408 0000                <2>  at .FSinfo, dw 0
  2545 0000340A 0000                <2>  at .BkBootSec, dw 0
  2546                              <2> 
  2547 0000340C 10                  <2>  at .bBpbType, db bpbFat12
  2548 0000340D 0000                <2>  at .wOpenCnt, dw 0
  2549 0000340F 07                  <2>  at .bDevType, db typeGenRem
  2550 00003410 0000                <2>  at .wDevFlgs, dw 0
  2551 00003412 3F00                <2>  at .wNumCyl, dw 63
  2552                              <2>  istruc bpb32
  2553 00003414 0002                <2>  at .bytsPerSec, dw 200h
  2554 00003416 01                  <2>  at .secPerClus, db 01h
  2555 00003417 0100                <2>  at .revdSecCnt, dw 0001h
  2556 00003419 02                  <2>  at .numFATs, db 02h
  2557 0000341A E000                <2>  at .rootEntCnt, dw 00E0h
  2558 0000341C 400B                <2>  at .totSec16, dw 0B40h
  2559 0000341E F0                  <2>  at .media, db 0F0h
  2560 0000341F 0900                <2>  at .FATsz16, dw 0009h
  2561 00003421 1200                <2>  at .secPerTrk, dw 0012h
  2562 00003423 0200                <2>  at .numHeads, dw 0002h
  2563 00003425 00000000            <2>  at .hiddSec, dd 0
  2564 00003429 00000000            <2>  at .totSec32, dd 0
  2565 0000342D 00000000            <2>  at .FATsz32, dd 0
  2566 00003431 0000                <2>  at .extFlags, dw 0
  2567 00003433 0000                <2>  at .FSver, dw 0
  2568 00003435 00000000            <2>  at .RootClus, dd 0
  2569 00003439 0000                <2>  at .FSinfo, dw 0
  2570 0000343B 0000                <2>  at .BkBootSec, dw 0
  2571 0000343D 000000000000000000- <2>  at .reserved, db 12 dup (0)
  2571 00003446 000000              <2>
  2572                              <2>  iend
  2573 00003449 FFFFFFFF            <2>  at .dAccTime, dd -1
  2574 0000344D 4E4F204E414D452020- <2>  at .volLab, db "NO NAME    ",0
  2574 00003456 202000              <2>
  2575 00003459 00000000            <2>  at .volId, dd 0
  2576 0000345D 464154313220202000  <2>  at .filSysType, db "FAT12   ",0
  2577                              <2>  iend
  2578                              <2>  %assign i i+1
  2580                              <1>     %pop
    25                                  %include "./src/dos/Drivers/drvInits.asm"
     1                              <1> ejectPoint: ;Address of the ejection code
     2                              <1> 
     3                              <1> installInterrupt:
     4                              <1> ;Writes the interrupt in the right place in the table
     5                              <1>     ;al = Interrupt number
     6                              <1>     ;rdx -> Handler to install
     7 00003466 0F010D23000000      <1>     sidt [myIdt]
     8 0000346D 0FB6C0              <1>     movzx eax, al
     9 00003470 4892                <1>     xchg rdx, rax
    10 00003472 48C1E204            <1>     shl rdx, 4h     ;Multiply IDT entry number by 16
    11 00003476 48031515000000      <1>     add rdx, qword [myIdt.base]    
    12 0000347D 668902              <1>     mov word [rdx], ax  ;Get low word into offset 15...0
    13 00003480 48C1E810            <1>     shr rax, 10h    ;Bring next word low
    14 00003484 66894206            <1>     mov word [rdx + 6], ax  ;Get low word into offset 31...16
    15 00003488 48C1E810            <1>     shr rax, 10h    ;Bring last dword low
    16 0000348C 894208              <1>     mov dword [rdx + 8], eax
    17 0000348F C3                  <1>     ret
    18                              <1> myIdt:
    19 00003490 0000                <1> .limit  dw 0
    20 00003492 0000000000000000    <1> .base   dq 0
    21                              <1> 
    22                              <1> conInit:
    23                              <1> ;Start by hooking int 3Bh and int 29h as part of the CON driver
    24 0000349A 50                  <1>     push rax
    25 0000349B 53                  <1>     push rbx    ;Save the pointer to the request packet on the stack
    26 0000349C 51                  <1>     push rcx
    27 0000349D 52                  <1>     push rdx
    28 0000349E 488D15CDCCFFFF      <1>     lea rdx, qword [fastOutput]
    29 000034A5 B829000000          <1>     mov eax, 29h
    30 000034AA E8B7FFFFFF          <1>     call installInterrupt
    31 000034AF 488D15C4CCFFFF      <1>     lea rdx, qword [ctrlBreak]
    32 000034B6 B83B000000          <1>     mov eax, 3Bh
    33 000034BB E8A6FFFFFF          <1>     call installInterrupt
    34                              <1> .ci0:
    35 000034C0 B401                <1>     mov ah, 01      ;Get buffer status
    36 000034C2 CD36                <1>     int 36h
    37 000034C4 7406                <1>     jz .ci1      ;If zero clear => no more keys to read
    38 000034C6 30E4                <1>     xor ah, ah
    39 000034C8 CD36                <1>     int 36h ;Read key to flush from buffer
    40 000034CA EBF4                <1>     jmp short .ci0
    41                              <1> .ci1:
    42 000034CC B800050000          <1>     mov eax, 0500h  ;Set page zero as the default page
    43 000034D1 CD30                <1>     int 30h
    44 000034D3 B402                <1>     mov ah, 02h
    45 000034D5 31D2                <1>     xor edx, edx    ;Set screen cursor to top right corner
    46 000034D7 88D7                <1>     mov bh, dl      ;Set cursor for page 0
    47 000034D9 CD30                <1>     int 30h
    48 000034DB B707                <1>     mov bh, 07h     ;Grey/Black attribs
    49 000034DD B800060000          <1>     mov eax, 0600h  ;Clear whole screen
    50 000034E2 CD30                <1>     int 30h
    51 000034E4 5A                  <1>     pop rdx
    52 000034E5 59                  <1>     pop rcx
    53 000034E6 5B                  <1>     pop rbx
    54 000034E7 58                  <1>     pop rax
    55                              <1> devDrvExit:
    56                              <1> ;Must be jumped to with rbx -> initReqPkt
    57 000034E8 66C743030001        <1>     mov word [rbx + initReqPkt.status], drvDonStatus ;Set done bit
    58 000034EE 50                  <1>     push rax
    59 000034EF 488D0570FFFFFF      <1>     lea rax, ejectPoint
    60 000034F6 4889430E            <1>     mov qword [rbx + initReqPkt.endptr], rax
    61 000034FA 58                  <1>     pop rax
    62                              <1>     return
    13                              <2> %%_ret:
    14 000034FB C3                  <2>  ret
    15                              <2> %assign retOff %%_ret-$$
    63                              <1> 
    64                              <1> clockInit:
    65 000034FC 53                  <1>     push rbx    ;Push the pointer to the request header here
    66                              <1> ;CH - Hours, in BCD
    67                              <1> ;CL - Minutes, in BCD
    68                              <1> ;DH - Seconds, in BCD
    69 000034FD B402                <1>     mov ah, 02  ;Read RTC Time
    70 000034FF CD3A                <1>     int 3Ah
    71 00003501 7271                <1>     jc .clkEnd  ;if error, just exit
    72                              <1>     ;Now set the driver time. Convert From BCD to Decimal
    73 00003503 0FB6C5              <1>     movzx eax, ch   ;Hours
    74 00003506 E84D000000          <1>     call .bcd2Bin
    75 0000350B 88C5                <1>     mov ch, al
    76 0000350D 0FB6C1              <1>     movzx eax, cl     ;Mins
    77 00003510 E843000000          <1>     call .bcd2Bin
    78 00003515 88C1                <1>     mov cl, al
    79 00003517 0FB6C6              <1>     movzx eax, dh   ;Seconds
    80 0000351A E839000000          <1>     call .bcd2Bin
    81 0000351F 86E0                <1>     xchg ah, al ;Move seconds to ah, and 0 to al (hseconds)
    82 00003521 89C2                <1>     mov edx, eax
    83 00003523 B42D                <1>     mov ah, 2Dh ;DOS Set Time
    84 00003525 CD21                <1>     int 21h
    85                              <1> ;Now get the date from RTC
    86                              <1> ;CL - Year, in BCD
    87                              <1> ;DH - Month, in BCD
    88                              <1> ;DL - Day, in BCD
    89 00003527 B404                <1>     mov ah, 04  ;Read RTC Date
    90 00003529 CD3A                <1>     int 3Ah
    91 0000352B 7247                <1>     jc .clkEnd
    92                              <1> ;Year from RTC is assumed to be after 2000 (coz, you know... its 2022)
    93 0000352D 0FB6C1              <1>     movzx eax, cl   ;Convert Year to Binary
    94 00003530 E823000000          <1>     call .bcd2Bin
    95 00003535 0FB6C8              <1>     movzx ecx, al   ;Zero extend to ecx (because ch needs to be 0)
    96 00003538 81C1D0070000        <1>     add ecx, 2000   ;ecx is from 2000
    97 0000353E 0FB6C6              <1>     movzx eax, dh   ;Get Months
    98 00003541 E812000000          <1>     call .bcd2Bin
    99 00003546 88C6                <1>     mov dh, al  
   100 00003548 0FB6C2              <1>     movzx eax, dl   ;Get day
   101 0000354B E808000000          <1>     call .bcd2Bin
   102 00003550 88C2                <1>     mov dl, al
   103 00003552 B42B                <1>     mov ah, 2Bh ;DOS Set Date
   104 00003554 CD21                <1>     int 21h
   105 00003556 EB1C                <1>     jmp short .clkEnd
   106                              <1> .bcd2Bin:
   107                              <1> ;Converts a packed BCD value in al (zx to eax) to a decimal value in eax
   108 00003558 51                  <1>     push rcx
   109 00003559 89C1                <1>     mov ecx, eax
   110 0000355B 250F000000          <1>     and eax, 0Fh ;Delete the upper nybble from al
   111 00003560 81E1F0000000        <1>     and ecx, 0F0h    ;Isolate the second digit (high nybble)
   112 00003566 67E309              <1>     jecxz .b2bexit ;Exit if this is zero
   113 00003569 C1E904              <1>     shr ecx, 4   ;Shift it to the low nybble
   114                              <1> .b2blp:
   115 0000356C 040A                <1>     add al, 10  ;Otherwise, keep adding 10  
   116 0000356E FFC9                <1>     dec ecx
   117 00003570 75FA                <1>     jnz .b2blp
   118                              <1> .b2bexit:
   119 00003572 59                  <1>     pop rcx
   120 00003573 C3                  <1>     ret
   121                              <1> .clkEnd:
   122 00003574 5B                  <1>     pop rbx ;Get the pointer back
   123 00003575 E96EFFFFFF          <1>     jmp devDrvExit
   124                              <1> 
   125                              <1> msdInit:
   126                              <1> ;Drive letter assignment works as follows:
   127                              <1> ; A and B always reserved for removable devices even if none.
   128                              <1> ; C,... for as many fixed disk partitions present in system.
   129                              <1> ; Any additional removable devices then come after the fixed disks.
   130                              <1> 
   131                              <1> 
   132                              <1> ;TEST TEST TEST TEST TEST TEST TEST TEST TEST TEST TEST TEST 
   133                              <1> ;    mov byte [7c02h], 0
   134                              <1> ;TEST TEST TEST TEST TEST TEST TEST TEST TEST TEST TEST TEST 
   135                              <1> ;Start by setting up the interrupt vectors!
   136 0000357A B839350000          <1>     mov eax, 3539h  ;Get original Int 39h
   137 0000357F CD21                <1>     int 21h
   138 00003581 48891D4CCFFFFF      <1>     mov qword [i39Org], rbx
   139 00003588 B839250000          <1>     mov eax, 2539h  ;Setup our handler
   140 0000358D 488D1560CFFFFF      <1>     lea rdx, dosInt39h
   141 00003594 CD21                <1>     int 21h
   142                              <1> 
   143 00003596 B833350000          <1>     mov eax, 3533h  ;Get original Int 33h
   144 0000359B CD21                <1>     int 21h
   145 0000359D 48891D38CFFFFF      <1>     mov qword [i33Org], rbx
   146 000035A4 48891D41CFFFFF      <1>     mov qword [i33Next], rbx    ;This is also the low level handler
   147 000035AB B833250000          <1>     mov eax, 2533h  ;Setup our handler
   148 000035B0 488D155FCFFFFF      <1>     lea rdx, dosInt33h
   149 000035B7 CD21                <1>     int 21h
   150                              <1> 
   151 000035B9 B82F350000          <1>     mov eax, 352Fh  ;Get previous Int 2Fh handler
   152 000035BE CD21                <1>     int 21h
   153 000035C0 48891D1DCFFFFF      <1>     mov qword [i2FNext], rbx
   154 000035C7 B82F250000          <1>     mov eax, 252Fh
   155 000035CC 488D15BECFFFFF      <1>     lea rdx, i2fhSwap33h
   156 000035D3 CD21                <1>     int 21h
   157                              <1> 
   158                              <1> 
   159                              <1> ;Then set up the link pointers to the load address of the 
   160                              <1> ; drive table.
   161 000035D5 B919000000          <1>     mov ecx, drvBlkTblL - 1
   162 000035DA 488D2D33F0FFFF      <1>     lea rbp, msdDriver.drvBlkTbl      ;Point to the first drive block
   163 000035E1 4889EE              <1>     mov rsi, rbp
   164                              <1> .dskTblLp:
   165 000035E4 4889F7              <1>     mov rdi, rsi            ;Mov current block to current block
   166 000035E7 4881C68D000000      <1>     add rsi, drvBlk_size    ;Point current block to next block
   167 000035EE 488937              <1>     mov qword [rdi + drvBlk.pLink], rsi    ;Store next blk ptr in cur block
   168 000035F1 FFC9                <1>     dec ecx                 ;Decrement the count
   169 000035F3 75EF                <1>     jnz .dskTblLp
   170 000035F5 48C706FFFFFFFF      <1>     mov qword [rsi + drvBlk.pLink], -1     ;Store end of table here
   171                              <1> ;Now get number of Int 33h information packed in r8
   172 000035FC CD31                <1>     int 31h
   173                              <1>     ;Returns:
   174                              <1>     ;r8[Byte 0] = Number of COM ports
   175                              <1>     ;r8[Byte 1] = Number of fixed disks
   176                              <1>     ;r8[Byte 2] = Number of units on EHCI bus
   177                              <1>     ;r8[Byte 3] = Number of Int 33h units
   178 000035FE 4C890547DFFFFF      <1>     mov qword [msdDriver.inBuffer], r8   
   179 00003605 0FB60543DFFFFF      <1>     movzx eax, byte [msdDriver.inBuffer + 3]
   180 0000360C 85C0                <1>     test eax, eax
   181 0000360E 0F84DA010000        <1>     jz .noDevs
   182 00003614 0FB61D32DFFFFF      <1>     movzx ebx, byte [msdDriver.inBuffer + 1]
   183 0000361B 29D8                <1>     sub eax, ebx    ;Get remdevs in eax
   184 0000361D 8805(02000000)      <1>     mov byte [remDrv], al    ;Save num of phys int 33h rem drives
   185 00003623 881D(01000000)      <1>     mov byte [fixDrv], bl    ;Save number of physical hard drives
   186 00003629 C605(00000000)00    <1>     mov byte [physVol], 0    ;Initialise reported volumes to 0
   187                              <1> ;Start by doing fixed disks.
   188 00003630 85DB                <1>     test ebx, ebx   ;If no fixed disks, proceed with removables
   189 00003632 745D                <1>     jz .doRem
   190 00003634 C605(03000000)80    <1>     mov byte [biosDrv], 80h ;Start from first fixed disk
   191 0000363B C605(04000000)02    <1>     mov byte [dosDrv], 2    ;Start from drive C:
   192                              <1> .hdLp:
   193                              <1> ;Read the first sector of the hard drive. If a valid BPB is detected,
   194                              <1> ; we read the BPB in. Else, we attempt to interpret the sector as an MBR.
   195 00003642 31C9                <1>     xor ecx, ecx    ;Load sector 0 of the disk
   196 00003644 E8A2030000          <1>     call .ptnUpdateBpb
   197 00003649 7211                <1>     jc .mbrFnd  ;If CF=NC, this sector has a valid BPB. No MBR.
   198                              <1> ;The odd case where there is a BPB on the hard disk :)
   199 0000364B C6453605            <1>     mov byte [rbp + drvBlk.bDevType], typeHard  ;The media type is hard drive
   200 0000364F 66814D372100        <1>     or word [rbp + drvBlk.wDevFlgs], devFixed | devOwnDrv
   201 00003655 E833030000          <1>     call .advDiskPtrs
   202 0000365A EB17                <1>     jmp short .fatDiskOk
   203                              <1> .mbrFnd:
   204 0000365C 751C                <1>     jne .gotoNextDisk   ;If CF=CY and ZF=NZ, invalid disk! Goto next disk!
   205                              <1> ;Now reread sector 0 (it might have been overwritten by a attempted FAT read)
   206 0000365E E8D9D3FFFF          <1>     call msdDriver.bbpbReadBS
   207                              <1> ;Now we check if we have a valid MBR signature.
   208 00003663 66813DDEE0FFFF55AA  <1>     cmp word [msdDriver.inBuffer + mbr.mbrSig], 0AA55h
   209 0000366C 750C                <1>     jne .gotoNextDisk
   210 0000366E E89D010000          <1>     call .processMbr    ;This disk is done.
   211                              <1> ;If an error reading this disk at some partition, its oki to do the next check
   212                              <1> .fatDiskOk:
   213                              <1> ;Now we check if we have saturated fixed partitions? If so, do Removables now
   214 00003673 E80D030000          <1>     call .physCheckEnd   ;If ZF=ZE, then we should end!
   215 00003678 7417                <1>     je .doRem
   216                              <1> .gotoNextDisk:
   217 0000367A FE05(03000000)      <1>     inc byte [biosDrv]  ;Goto next fixed disk
   218 00003680 0FB605(03000000)    <1>     movzx eax, byte [biosDrv]   ;Get new device
   219 00003687 247F                <1>     and al, ~80h    ;Drop the upper bit
   220 00003689 3A05(01000000)      <1>     cmp al, byte [fixDrv]
   221 0000368F 75B1                <1>     jne .hdLp
   222                              <1> ;------------------------------------------------
   223                              <1> ;   Here we start doing removable devices
   224                              <1> ;------------------------------------------------
   225                              <1> .doRem:
   226 00003691 0FB605(00000000)    <1>     movzx eax, byte [physVol]
   227 00003698 8805(01000000)      <1>     mov byte [fixPtn], al
   228 0000369E C605(03000000)00    <1>     mov byte [biosDrv], 0   ;Start from drive 0
   229 000036A5 C605(04000000)00    <1>     mov byte [dosDrv], 0    ;And give it DOS A:
   230 000036AC 803D(02000000)00    <1>     cmp byte [remDrv], 0
   231 000036B3 0F8426010000        <1>     je .noRems
   232                              <1> .remLp:
   233 000036B9 31C9                <1>     xor ecx, ecx        ;Load sector 0 of the disk
   234 000036BB E82B030000          <1>     call .ptnUpdateBpb  ;If can't get a BPB, its ok. Remdevs here :)
   235 000036C0 0FB65508            <1>     movzx edx, byte [rbp + drvBlk.bBIOSNum]
   236 000036C4 B800880000          <1>     mov eax, 8800h      ;Get disk parameters for changeline status in eax
   237 000036C9 CD33                <1>     int 33h
   238 000036CB 7221                <1>     jc .remSkipDisk     ;If we cant query the drive, then we skip this.
   239 000036CD A910000000          <1>     test eax, 10h       ;Set if we have changeline support
   240 000036D2 7406                <1>     jz .remNext
   241 000036D4 66814D370200        <1>     or word [rbp + drvBlk.wDevFlgs], devChgLine
   242                              <1> .remNext:
   243 000036DA 66814D372000        <1>     or word [rbp + drvBlk.wDevFlgs], devOwnDrv  ;I OWN MYSELF! :)
   244 000036E0 E8A8020000          <1>     call .advDiskPtrs           ;Move rbp to the next drive block
   245 000036E5 803D(00000000)1A    <1>     cmp byte [physVol], drvBlkTblL  ;If we just added our last volume, exit! :)
   246 000036EC 742C                <1>     je .msdExit
   247                              <1> .remSkipDisk:
   248 000036EE FE05(03000000)      <1>     inc byte [biosDrv]          ;Else, goto next remdev
   249 000036F4 0FB605(03000000)    <1>     movzx eax, byte [biosDrv]   ;Get the bios drive number
   250 000036FB 3A05(02000000)      <1>     cmp al, byte [remDrv]       ;Once they are equal, we are done!
   251 00003701 7417                <1>     je .msdExit
   252 00003703 3C03                <1>     cmp al, 3                   ;Else, did we process two remdevs?
   253 00003705 72B2                <1>     jb .remLp                   ;If not, do normal processing.
   254                              <1> ;Here we specially now shift the numbers past the hard drive partitions.
   255                              <1> ;Keep processing biosDrvs as normal. We just got to update DOS drive letter
   256                              <1> ; to go past the letters assigned to the fixed disk.
   257 00003707 8A05(01000000)      <1>     mov al, byte [fixPtn]       ;Get the number of partitions from fixed
   258 0000370D 0402                <1>     add al, 2   ;Add two to this number to account for A and B.
   259 0000370F 8805(04000000)      <1>     mov byte [dosDrv], al
   260 00003715 E99FFFFFFF          <1>     jmp .remLp
   261                              <1> .msdExit:
   262 0000371A F605(00000000)FF    <1>     test byte [physVol], -1 ;Did we fail to initialise ANY devices?
   263 00003721 0F84C7000000        <1>     jz .noDevs  ;If so, we pretend we have two drives and hope defaults work!
   264 00003727 F605(00000000)FF    <1>     test byte [physVol], -1
   265 0000372E 0F84AB000000        <1>     jz .noRems
   266 00003734 803D(02000000)01    <1>     cmp byte [remDrv], 1
   267 0000373B 7539                <1>     jne .skipSingle
   268                              <1> ;Here we do the A: >-< B: jank.
   269                              <1> ;We know rbp points to what should the block for B:. The block for A:
   270                              <1> ; is right behind it.
   271                              <1> .doSingle:
   272 0000373D 4889EE              <1>     mov rsi, rbp
   273 00003740 4881EE8D000000      <1>     sub rsi, drvBlk_size    ;Go back a drvBlk (yuck!)
   274 00003747 66814E371000        <1>     or word [rsi + drvBlk.wDevFlgs], devMulti  ;Indicate multiple drives now
   275                              <1> ;Now we transfer the BIOS number and set drive number to 1
   276 0000374D 0FB64608            <1>     movzx eax, byte [rsi + drvBlk.bBIOSNum]
   277 00003751 884508              <1>     mov byte [rbp + drvBlk.bBIOSNum], al
   278 00003754 C6450901            <1>     mov byte [rbp + drvBlk.bDOSNum], 1  ;Indicate B: drive
   279 00003758 488D7D0A            <1>     lea rdi, qword [rbp + drvBlk.bpb]
   280 0000375C 4881C60A000000      <1>     add rsi, drvBlk.bpb
   281 00003763 B983000000          <1>     mov ecx, (drvBlk_size - 10)  ;8 bytes Link ptr and 2 id bytes
   282 00003768 F3A4                <1>     rep movsb
   283 0000376A 66816537DFFF        <1>     and word [rbp + drvBlk.wDevFlgs], ~devOwnDrv   ;Clear B:'s ownership!
   284 00003770 FE05(00000000)      <1>     inc byte [physVol]  ;And add this drive to the count!
   285                              <1> .skipSingle:
   286 00003776 0FB61D(00000000)    <1>     movzx ebx, byte [physVol]   ;Get the number of detected volumes
   287 0000377D 53                  <1>     push rbx    ;Save this count on the stack
   288 0000377E FFCB                <1>     dec ebx     ;Turn into an offset into the table
   289 00003780 B88D000000          <1>     mov eax, drvBlk_size    ;Get the size of a table entry
   290 00003785 F7E3                <1>     mul ebx     ;Multiply the size by the offset, get table offset in rax
   291 00003787 488D3586EEFFFF      <1>     lea rsi, msdDriver.drvBlkTbl    ;Go to the start of the table
   292 0000378E 48C70406FFFFFFFF    <1>     mov qword [rsi + rax + drvBlk.pLink], -1 ;Cut the table at this entry
   293 00003796 488D1D(66000000)    <1>     lea rbx, bpbArray
   294                              <1> .buildBPBArrayLp:
   295 0000379D 488D7E0A            <1>     lea rdi, qword [rsi + drvBlk.bpb]       ;Get the BPB ptr for this entry
   296 000037A1 0FB64609            <1>     movzx eax, byte [rsi + drvBlk.bDOSNum]  ;Get the DOS number for this entry
   297 000037A5 48893CC3            <1>     mov qword [rbx + 8*rax], rdi            ;Use as offset into ptr array
   298 000037A9 4889F7              <1>     mov rdi, rsi                            ;Save this ptr before walking
   299 000037AC 488B36              <1>     mov rsi, qword [rsi + drvBlk.pLink]     ;Now walk the table
   300 000037AF 4881FEFFFFFFFF      <1>     cmp rsi, -1 ;Did we read the end of the table?
   301 000037B6 75E5                <1>     jne .buildBPBArrayLp    ;No... keep going
   302 000037B8 4889DE              <1>     mov rsi, rbx    ;Move the bpbArray pointer into rsi now
   303                              <1> ;
   304                              <1> ;Now we set the .optptr, .endptr and .numunt in driver request block
   305                              <1> ;
   306 000037BB 488B1D(98010000)    <1>     mov rbx, qword [reqPktPtr]  ;Get the request packet ptr back
   307                              <1> ;All previous drivers return the "worst case" eject pointer. Here we return
   308                              <1> ; the real eject pointer
   309 000037C2 4881C78D000000      <1>     add rdi, drvBlk_size    ;Mov rdi past end of last drvBlk 2 first free byte
   310 000037C9 48897B0E            <1>     mov qword [rbx + initReqPkt.endptr], rdi    ;save as real eject point
   311 000037CD 58                  <1>     pop rax         ;Get back the number of detected volumes
   312 000037CE 88430D              <1>     mov byte [rbx + initReqPkt.numunt], al  ;Store number of volumes
   313 000037D1 48897316            <1>     mov qword [rbx + initReqPkt.optptr], rsi    ;Store the bpbArray here
   314 000037D5 66C7053CCEFFFF0000  <1>     mov word [msdDriver.fnTbl], 0 ;Now prevent init from firing again
   315                              <1>     return
    13                              <2> %%_ret:
    14 000037DE C3                  <2>  ret
    15                              <2> %assign retOff %%_ret-$$
   316                              <1> .noRems:
   317                              <1> ;Pretend we do have something. If we are here, "worst case" we have 
   318                              <1> ; three fixed disk partitions. rbp points to the fourth one so pretend
   319                              <1> ; we just did the first remdev. This drive gets registered as having
   320                              <1> ; no changeline so if somehow this changes, worst case, no changeline.
   321 000037DF 488B6D00            <1>     mov rbp, qword [rbp + drvBlk.pLink]
   322 000037E3 FE05(00000000)      <1>     inc byte [physVol]  ;Add the pretend A: drive to the count!
   323                              <1> ;Here we setup A: drive to be a pretend 1.44Mb drive
   324 000037E9 E94FFFFFFF          <1>     jmp .doSingle
   325                              <1> .noDevs:
   326                              <1> ;If we have no drives, then suppose we have two default drives
   327                              <1> ; A: and B: which are NOT the same!
   328 000037EE C605(00000000)02    <1>     mov byte [physVol], 2   ;Identify entries A and B of system Ok!
   329                              <1> ;Now set them as their own owners and not shared status.
   330 000037F5 488D3518EEFFFF      <1>     lea rsi, msdDriver.drvBlkTbl
   331 000037FC 66814E372000        <1>     or word [rsi + drvBlk.wDevFlgs], devOwnDrv
   332 00003802 488B36              <1>     mov rsi, qword [rsi + drvBlk.pLink]
   333 00003805 66814E372000        <1>     or word [rsi + drvBlk.wDevFlgs], devOwnDrv
   334 0000380B E966FFFFFF          <1>     jmp .skipSingle
   335                              <1> ;------------------------
   336                              <1> ; Procedures for init
   337                              <1> ;------------------------
   338                              <1> 
   339                              <1> .processMbr:
   340                              <1> ;We have an MBR in the MBR table. Now we attempt to interpret it.
   341                              <1> ;If we return CF=CY, disk read failed. We skip this disk.
   342 00003810 E8A4010000          <1>     call .copyMbr           ;Copy MBR table over from buffer
   343                              <1> ;HACK! In the case of disk 80h, we search for the first active primary
   344                              <1> ; ptn. We process it, invalidate the entry then start again
   345 00003815 803D(03000000)80    <1>     cmp byte [biosDrv], 80h ;Only do this for the first fixed disk
   346 0000381C 7539                <1>     jne .pmbrNoHack
   347 0000381E 488D35(06000000)    <1>     lea rsi, mbrE   ;Point to the table
   348 00003825 B904000000          <1>     mov ecx, 4
   349                              <1> .pmbrHackLp:
   350 0000382A 803E80              <1>     cmp byte [rsi + mbrEntry.ptnAtrib], 80h    ;If found, do hack
   351 0000382D 740D                <1>     je .pmbrHackFnd
   352                              <1> .pmbrHackRet:
   353 0000382F 4881C610000000      <1>     add rsi, mbrEntry_size  ;Goto next entry
   354 00003836 FFC9                <1>     dec ecx
   355 00003838 75F0                <1>     jnz .pmbrHackLp
   356 0000383A EB1B                <1>     jmp short .pmbrNoHack   ;If disk one has no active primary, do normal.
   357                              <1> .pmbrHackFnd:
   358 0000383C 0FB64604            <1>     movzx eax, byte [rsi + mbrEntry.ptnType]
   359 00003840 E831020000          <1>     call .checkDataPtn  ;If this is an extended partition, ignore it!
   360 00003845 75E8                <1>     jne .pmbrHackRet    ;And keep searching
   361 00003847 C605(05000000)03    <1>     mov byte [mbrEtry], 3   ;Initialise the terminating condition
   362 0000384E E812000000          <1>     call .pmbrLp ;Call the normal procedure, rsi -> Table entry
   363                              <1> ;Ignore any read errors, but we start again.
   364 00003853 C6460400            <1>     mov byte [rsi + mbrEntry.ptnType], 0    ;Have that we ignore it now
   365                              <1> ;Now we fall down and start again
   366                              <1> .pmbrNoHack:
   367 00003857 C605(05000000)00    <1>     mov byte [mbrEtry], 0   ;Start from the first entry in the MBR
   368 0000385E 488D35(06000000)    <1>     lea rsi, mbrE
   369                              <1> .pmbrLp:
   370 00003865 8A4604              <1>     mov al, byte [rsi + mbrEntry.ptnType]
   371 00003868 E817020000          <1>     call .checkMbrPtnType
   372 0000386D 7551                <1>     jnz .pmbrNext  ;Jump if not a valid partition type (includes free ptns)
   373 0000386F E802020000          <1>     call .checkDataPtn
   374 00003874 740A                <1>     je .pmbrDodata
   375 00003876 E85E000000          <1>     call .processEPtn   ;Here we process EBR
   376                              <1>     retc                ;If this returns CF=CY, read error on disk. Exit!
    57                              <2> cret c
    19                              <3> %%_base:
    20                              <3> %assign baseVar %%_base-$$
    21                              <3> 
    22                              <3> 
    23                              <3> 
    24                              <3> 
    25                              <3> 
    26                              <3> 
    27                              <3> 
    28                              <3> 
    29                              <3> 
    30                              <3> 
    31                              <3> 
    32                              <3> 
    33                              <3> 
    34 0000387B 7301                <3>  j%-1 short %%a
    35                              <3>  return
    13                              <4> %%_ret:
    14 0000387D C3                  <4>  ret
    15                              <4> %assign retOff %%_ret-$$
    36                              <3> %%a:
    37                              <3> 
   377 0000387E EB38                <1>     jmp short .pmbrXtrejoin   ;Now go to the next MBR entry
   378                              <1> .pmbrDodata:
   379 00003880 8B4E08              <1>     mov ecx, dword [rsi + mbrEntry.lbaStart] ;And the partition start
   380 00003883 E863010000          <1>     call .ptnUpdateBpb ;And update the BPB. If this fails, we skip the disk
   381 00003888 730E                <1>     jnc .pmbrOk
   382                              <1>     retnz ;If we had a read error, just exit!
    45                              <2> cret nz
    19                              <3> %%_base:
    20                              <3> %assign baseVar %%_base-$$
    21                              <3> 
    22                              <3> 
    23                              <3> 
    24                              <3> 
    25                              <3> 
    26                              <3> 
    27                              <3> 
    28                              <3> 
    29                              <3> 
    30                              <3> 
    31                              <3> 
    32                              <3> 
    33                              <3> 
    34 0000388A 7401                <3>  j%-1 short %%a
    35                              <3>  return
    13                              <4> %%_ret:
    14 0000388C C3                  <4>  ret
    15                              <4> %assign retOff %%_ret-$$
    36                              <3> %%a:
    37                              <3> 
   383                              <1> ;Else setup size and start sector and add the unformatted bit to the flags.
   384 0000388D E8D6000000          <1>     call .getUfmtSize
   385 00003892 66814D370002        <1>     or word [rbp + drvBlk.wDevFlgs], devUnFmt  ;Register ptn. Freeze IO.
   386                              <1> .pmbrOk:
   387 00003898 66814D372100        <1>     or word [rbp + drvBlk.wDevFlgs], devFixed | devOwnDrv
   388 0000389E C6453605            <1>     mov byte [rbp + drvBlk.bDevType], typeHard  ;The media type is hard drive
   389 000038A2 0FB606              <1>     movzx eax, byte [rsi + mbrEntry.ptnAtrib]
   390 000038A5 2580000000          <1>     and eax, ptnActive
   391 000038AA 0D01000000          <1>     or eax, ptnPrimary
   392 000038AF 66894570            <1>     mov word [rbp + drvBlk.wPtnType], ax
   393 000038B3 E8D5000000          <1>     call .advDiskPtrs
   394                              <1> .pmbrXtrejoin:
   395 000038B8 E8C8000000          <1>     call .physCheckEnd   ;If ZF=ZE, then we should end!
   396                              <1>     rete 
    49                              <2> cret e
    19                              <3> %%_base:
    20                              <3> %assign baseVar %%_base-$$
    21                              <3> 
    22                              <3> 
    23                              <3> 
    24                              <3> 
    25                              <3> 
    26                              <3> 
    27                              <3> 
    28                              <3> 
    29                              <3> 
    30                              <3> 
    31                              <3> 
    32                              <3> 
    33                              <3> 
    34 000038BD 7501                <3>  j%-1 short %%a
    35                              <3>  return
    13                              <4> %%_ret:
    14 000038BF C3                  <4>  ret
    15                              <4> %assign retOff %%_ret-$$
    36                              <3> %%a:
    37                              <3> 
   397                              <1> .pmbrNext:
   398 000038C0 FE05(05000000)      <1>     inc byte [mbrEtry]  ;Increment the counter
   399 000038C6 803D(05000000)04    <1>     cmp byte [mbrEtry], 4
   400                              <1>     rete
    49                              <2> cret e
    19                              <3> %%_base:
    20                              <3> %assign baseVar %%_base-$$
    21                              <3> 
    22                              <3> 
    23                              <3> 
    24                              <3> 
    25                              <3> 
    26                              <3> 
    27                              <3> 
    28                              <3> 
    29                              <3> 
    30                              <3> 
    31                              <3> 
    32                              <3> 
    33                              <3> 
    34 000038CD 7501                <3>  j%-1 short %%a
    35                              <3>  return
    13                              <4> %%_ret:
    14 000038CF C3                  <4>  ret
    15                              <4> %assign retOff %%_ret-$$
    36                              <3> %%a:
    37                              <3> 
   401 000038D0 4881C610000000      <1>     add rsi, mbrEntry_size
   402 000038D7 EB8C                <1>     jmp short .pmbrLp
   403                              <1> 
   404                              <1> .processEPtn:
   405                              <1> ;Process all logical process in an extended partition. rsi points to
   406                              <1> ; the mbr entry in the mbrE table that describes this extended partition.
   407                              <1> ;Thus we always know the "root" sector of this extended partition.
   408 000038D9 8B4E08              <1>     mov ecx, dword [rsi + mbrEntry.lbaStart]    ;Get the start of extended ptn
   409                              <1> .peplp:
   410 000038DC E8F4000000          <1>     call .readSector    ;Read the EBR sector in (sector number in ecx)
   411                              <1>     retc    ;If we cant read the EBR in, assume end of logical partition.
    57                              <2> cret c
    19                              <3> %%_base:
    20                              <3> %assign baseVar %%_base-$$
    21                              <3> 
    22                              <3> 
    23                              <3> 
    24                              <3> 
    25                              <3> 
    26                              <3> 
    27                              <3> 
    28                              <3> 
    29                              <3> 
    30                              <3> 
    31                              <3> 
    32                              <3> 
    33                              <3> 
    34 000038E1 7301                <3>  j%-1 short %%a
    35                              <3>  return
    13                              <4> %%_ret:
    14 000038E3 C3                  <4>  ret
    15                              <4> %assign retOff %%_ret-$$
    36                              <3> %%a:
    37                              <3> 
   412 000038E4 66813D5DDEFFFF55AA  <1>     cmp word [msdDriver.inBuffer + ebr.mbrSig], 0AA55h
   413 000038ED 7402                <1>     je .pep1   ;If this doesnt have a valid ebr signature, end ext ptn parsing.
   414 000038EF F9                  <1>     stc
   415                              <1>     return
    13                              <2> %%_ret:
    14 000038F0 C3                  <2>  ret
    15                              <2> %assign retOff %%_ret-$$
   416                              <1> .pep1:
   417 000038F1 E8B2000000          <1>     call .copyEbr       ;Save the EBR
   418                              <1> ;Now we check the saved EBR is valid.
   419 000038F6 0FB605(4A000000)    <1>     movzx eax, byte [ebrE + mbrEntry.ptnType]
   420 000038FD E86C010000          <1>     call .checkEbrPtnType   ;Here we dont allow another extended case
   421 00003902 7551                <1>     jnz .pepNextEbr ;If this is not a valid ptn type, goto next
   422 00003904 0FB605(4A020000)    <1>     movzx eax, byte [ebrE + mbr_size + mbrEntry.ptnType]    ;Get link ptn type
   423 0000390B E866010000          <1>     call .checkDataPtn  ;This MUST NOT be a Data ptn
   424 00003910 7443                <1>     je .pepNextEbr  ;If it is a data ptn, we ignore this entry as it is invalid.
   425                              <1> ;Now we get the absolute start sector of this partition.
   426 00003912 030D(4E000000)      <1>     add ecx, dword [ebrE + mbrEntry.lbaStart]   ;Add relative start
   427 00003918 E8CE000000          <1>     call .ptnUpdateBpb  ;Read and interpret the BPB (preserves sector number)
   428 0000391D 730E                <1>     jnc .pepOk
   429                              <1>     retnz ;If we had a read error, just exit!
    45                              <2> cret nz
    19                              <3> %%_base:
    20                              <3> %assign baseVar %%_base-$$
    21                              <3> 
    22                              <3> 
    23                              <3> 
    24                              <3> 
    25                              <3> 
    26                              <3> 
    27                              <3> 
    28                              <3> 
    29                              <3> 
    30                              <3> 
    31                              <3> 
    32                              <3> 
    33                              <3> 
    34 0000391F 7401                <3>  j%-1 short %%a
    35                              <3>  return
    13                              <4> %%_ret:
    14 00003921 C3                  <4>  ret
    15                              <4> %assign retOff %%_ret-$$
    36                              <3> %%a:
    37                              <3> 
   430                              <1> ;Else setup size and start sector and add the unformatted bit to the flags.
   431 00003922 E841000000          <1>     call .getUfmtSize
   432 00003927 66814D370002        <1>     or word [rbp + drvBlk.wDevFlgs], devUnFmt  ;Register ptn. Freeze IO.
   433                              <1> .pepOk:
   434                              <1> ;If here, this partition will be given a CDS entry.
   435                              <1> ;Now we go to the next logical partition in the extended partition and
   436                              <1> ; move to the next drive
   437 0000392D 66814D372100        <1>     or word [rbp + drvBlk.wDevFlgs], devFixed | devOwnDrv
   438 00003933 C6453605            <1>     mov byte [rbp + drvBlk.bDevType], typeHard  ;The media type is hard drive
   439 00003937 0FB606              <1>     movzx eax, byte [rsi + mbrEntry.ptnAtrib]
   440 0000393A 2580000000          <1>     and eax, ptnActive
   441 0000393F 0D02000000          <1>     or eax, ptnLogical
   442 00003944 66894570            <1>     mov word [rbp + drvBlk.wPtnType], ax
   443 00003948 E840000000          <1>     call .advDiskPtrs
   444 0000394D E833000000          <1>     call .physCheckEnd   ;If ZF=ZE, then we should end!
   445                              <1>     rete 
    49                              <2> cret e
    19                              <3> %%_base:
    20                              <3> %assign baseVar %%_base-$$
    21                              <3> 
    22                              <3> 
    23                              <3> 
    24                              <3> 
    25                              <3> 
    26                              <3> 
    27                              <3> 
    28                              <3> 
    29                              <3> 
    30                              <3> 
    31                              <3> 
    32                              <3> 
    33                              <3> 
    34 00003952 7501                <3>  j%-1 short %%a
    35                              <3>  return
    13                              <4> %%_ret:
    14 00003954 C3                  <4>  ret
    15                              <4> %assign retOff %%_ret-$$
    36                              <3> %%a:
    37                              <3> 
   446                              <1> .pepNextEbr:
   447                              <1> ;Else we now walk the disk linked list.
   448 00003955 8B0D(52020000)      <1>     mov ecx, dword [ebrE + mbr_size + mbrEntry.numSectors] ;Get rel strt of ptn
   449 0000395B 85C9                <1>     test ecx, ecx   ;Is the start sector of the next logical ptn 0?
   450                              <1>     retz    ;Return if so.
    41                              <2> cret z
    19                              <3> %%_base:
    20                              <3> %assign baseVar %%_base-$$
    21                              <3> 
    22                              <3> 
    23                              <3> 
    24                              <3> 
    25                              <3> 
    26                              <3> 
    27                              <3> 
    28                              <3> 
    29                              <3> 
    30                              <3> 
    31                              <3> 
    32                              <3> 
    33                              <3> 
    34 0000395D 7501                <3>  j%-1 short %%a
    35                              <3>  return
    13                              <4> %%_ret:
    14 0000395F C3                  <4>  ret
    15                              <4> %assign retOff %%_ret-$$
    36                              <3> %%a:
    37                              <3> 
   451 00003960 034E08              <1>     add ecx, dword [rsi + mbrEntry.lbaStart]    ;Else, make it absolute sector
   452 00003963 E974FFFFFF          <1>     jmp .peplp
   453                              <1> 
   454                              <1> .getUfmtSize:
   455                              <1> ;Moves the partition geometry information into drvBlk from MBR. This is only
   456                              <1> ; a necessity if the medium doesn't have a trustworthy BPB. Doesn't touch CHS 
   457                              <1> ; stuff because bleugh. That can be computed by FORMAT.
   458                              <1> ;
   459                              <1> ;This is done so that unformatted partitions are mounted by DOS. They cannot 
   460                              <1> ; be used, and so needs to be FORMATed. Thus, NumFAT=0 should only really 
   461                              <1> ; happen on hard drive partitions at boot.
   462                              <1> ;
   463                              <1> ;Input: rsi -> MBR/EBR entry for this partition
   464                              <1> ;       rbp -> drvBlk for this drive we are setting up
   465                              <1> ;       rcx = Sector number of the start of the partition
   466                              <1> ;
   467                              <1> ;Output: The following fields in the drvBlk are filled in
   468                              <1> ;       bNumFAT = Number of FATs on partition (0 as unformatted)
   469                              <1> ;       dHiddSec = Starting sector of the partition
   470                              <1> ;       dTotSec32 = 32 bit size of partition (if large enough)
   471                              <1> ;       wTotSec16 = 16 bit size of partition or 0 if 32 bit in use
   472 00003968 C6450F00            <1>     mov byte [rbp + drvBlk.bNumFAT], 0 ;Indicate no FATs on ufmt ptn.
   473 0000396C 894D1B              <1>     mov dword [rbp + drvBlk.dHiddSec], ecx  ;Set start sector of partition
   474 0000396F 8B4E0C              <1>     mov ecx, dword [rsi + mbrEntry.numSectors]
   475 00003972 81F9FFFF0000        <1>     cmp ecx, 0FFFFh
   476 00003978 7605                <1>     jbe .gpgSmol
   477 0000397A 894D1F              <1>     mov dword [rbp + drvBlk.dTotSec32], ecx
   478 0000397D 31C9                <1>     xor ecx, ecx
   479                              <1> .gpgSmol:
   480 0000397F 66894D12            <1>     mov word [rbp + drvBlk.wTotSec16], cx
   481 00003983 F8                  <1>     clc
   482                              <1>     return
    13                              <2> %%_ret:
    14 00003984 C3                  <2>  ret
    15                              <2> %assign retOff %%_ret-$$
   483                              <1> 
   484                              <1> .physCheckEnd:
   485 00003985 803D(00000000)18    <1>     cmp byte [physVol], drvBlkTblL - 2   ;Once here we are done!
   486                              <1>     return
    13                              <2> %%_ret:
    14 0000398C C3                  <2>  ret
    15                              <2> %assign retOff %%_ret-$$
   487                              <1> 
   488                              <1> .advDiskPtrs:
   489 0000398D E88E000000          <1>     call .getNumCyl     ;Computes the number of cylinders in the BPB
   490 00003992 E8C1000000          <1>     call .xfrBkupBpb    ;Finish drvBlk init by transfering dfltBPB
   491 00003997 488B6D00            <1>     mov rbp, qword [rbp + drvBlk.pLink]    ;Go to the next disk entry.
   492 0000399B FE05(04000000)      <1>     inc byte [dosDrv]       ;Go to the next DOS device
   493 000039A1 FE05(00000000)      <1>     inc byte [physVol]
   494                              <1>     return
    13                              <2> %%_ret:
    14 000039A7 C3                  <2>  ret
    15                              <2> %assign retOff %%_ret-$$
   495                              <1> 
   496                              <1> .copyEbr:
   497                              <1> ;Copies the EBR from the EBR sector in the buffer
   498 000039A8 51                  <1>     push rcx
   499 000039A9 56                  <1>     push rsi
   500 000039AA 57                  <1>     push rdi
   501 000039AB 488D3D(06000000)    <1>     lea rdi, mbrE
   502 000039B2 B920000000          <1>     mov ecx, 2*mbrEntry_size
   503 000039B7 EB0F                <1>     jmp short .cpmbr
   504                              <1> .copyMbr:
   505                              <1> ;Copies the MBR from the MBR sector in the buffer
   506 000039B9 51                  <1>     push rcx
   507 000039BA 56                  <1>     push rsi
   508 000039BB 57                  <1>     push rdi
   509 000039BC 488D3D(06000000)    <1>     lea rdi, mbrE
   510 000039C3 B940000000          <1>     mov ecx, 4*mbrEntry_size
   511                              <1> .cpmbr:
   512 000039C8 488D353BDDFFFF      <1>     lea rsi, qword [msdDriver.inBuffer + mbr.mbrEntry1]
   513 000039CF F3A4                <1>     rep movsb
   514 000039D1 5F                  <1>     pop rdi
   515 000039D2 5E                  <1>     pop rsi
   516 000039D3 59                  <1>     pop rcx
   517                              <1>     return
    13                              <2> %%_ret:
    14 000039D4 C3                  <2>  ret
    15                              <2> %assign retOff %%_ret-$$
   518                              <1> 
   519                              <1> .readSector:
   520                              <1> ;Input: ecx = Sector to read
   521 000039D5 0FB615(03000000)    <1>     movzx edx, byte [biosDrv]
   522 000039DC B801820000          <1>     mov eax, 8201h  ;LBA Read One sector
   523 000039E1 488D1D64DBFFFF      <1>     lea rbx, msdDriver.inBuffer
   524 000039E8 CD33                <1>     int 33h
   525                              <1>     return
    13                              <2> %%_ret:
    14 000039EA C3                  <2>  ret
    15                              <2> %assign retOff %%_ret-$$
   526                              <1> 
   527                              <1> .ptnUpdateBpb:
   528                              <1> ;Setups up the call for below on the current partition.
   529                              <1> ;Input: ecx = Number of hidden sectors (preserved)
   530                              <1> ;Output:
   531                              <1> ;   CF=NC: All ok, BPB entry in rbp filled.
   532                              <1> ;   CF=CY and ZF=ZE: Bad BPB read.
   533                              <1> ;   CF=CY and ZF=NZ: Sector read failed.
   534 000039EB 66C745370000        <1>     mov word [rbp + drvBlk.wDevFlgs], 0    ;Clean the flags to start with
   535 000039F1 894D1B              <1>     mov dword [rbp + drvBlk.dHiddSec], ecx
   536 000039F4 0FB605(04000000)    <1>     movzx eax, byte [dosDrv]
   537 000039FB 884509              <1>     mov byte [rbp + drvBlk.bDOSNum], al ;Save the DOS number
   538 000039FE 0FB605(03000000)    <1>     movzx eax, byte [biosDrv]   ;Get the BIOS drive
   539 00003A05 884508              <1>     mov byte [rbp + drvBlk.bBIOSNum], al
   540 00003A08 51                  <1>     push rcx
   541 00003A09 56                  <1>     push rsi    ;Save the mbr entry ptr
   542 00003A0A E870CEFFFF          <1>     call msdDriver.updateBpb
   543 00003A0F 7209                <1>     jc .pubBad
   544 00003A11 E87FCFFFFF          <1>     call msdDriver.moveVolIds
   545 00003A16 5E                  <1>     pop rsi
   546 00003A17 59                  <1>     pop rcx
   547 00003A18 F8                  <1>     clc         ;Always clean even if no ids
   548                              <1>     return
    13                              <2> %%_ret:
    14 00003A19 C3                  <2>  ret
    15                              <2> %assign retOff %%_ret-$$
   549                              <1> .pubBad:
   550 00003A1A 5E                  <1>     pop rsi
   551 00003A1B 59                  <1>     pop rcx
   552 00003A1C 3C07                <1>     cmp al, drvBadMed ;Bad Partition?
   553 00003A1E F9                  <1>     stc         ;Ensure we set the CF again
   554                              <1>     return
    13                              <2> %%_ret:
    14 00003A1F C3                  <2>  ret
    15                              <2> %assign retOff %%_ret-$$
   555                              <1> 
   556                              <1> .getNumCyl:
   557                              <1> ;Computes the number of cylinders on the media. Not really to be used.
   558                              <1> ;Input: rbp -> drvBlk
   559 00003A20 50                  <1>     push rax
   560 00003A21 51                  <1>     push rcx
   561 00003A22 52                  <1>     push rdx
   562 00003A23 0FB74519            <1>     movzx eax, word [rbp + drvBlk.wNumHeads]
   563 00003A27 0FB74D17            <1>     movzx ecx, word [rbp + drvBlk.wSecPerTrk]
   564 00003A2B F7E1                <1>     mul ecx ;Get sectors per cylinder in eax. edx = 0
   565 00003A2D 85C0                <1>     test eax, eax   ;If ax is 0, store zero! Phoney CHS data in BPB.
   566 00003A2F 7414                <1>     jz .gncExit     ;This prevents CHS IOCTL from occuring.
   567 00003A31 89C1                <1>     mov ecx, eax    ;Save this number in ecx
   568 00003A33 0FB74512            <1>     movzx eax, word [rbp + drvBlk.wTotSec16]
   569 00003A37 85C0                <1>     test eax, eax   ;If this is zero, get the 32 bit count of sectors
   570 00003A39 0F44451F            <1>     cmovz eax, dword [rbp + drvBlk.dTotSec32]
   571 00003A3D F7F1                <1>     div ecx     ;sectors/(sectors/cylinder) = whole cylinders in eax
   572 00003A3F 85D2                <1>     test edx, edx
   573 00003A41 7402                <1>     jz .gncExit
   574 00003A43 FFC0                <1>     inc eax     ;Inc the cylinder count to account for not whole divide
   575                              <1> .gncExit:
   576 00003A45 BAFFFF0000          <1>     mov edx, 0FFFFh   ;A default Max cylinder value, since CHS is for floppies.
   577 00003A4A 39D0                <1>     cmp eax, edx
   578 00003A4C 0F47C2              <1>     cmova eax, edx
   579 00003A4F 66894539            <1>     mov word [rbp + drvBlk.wNumCyl], ax
   580 00003A53 F8                  <1>     clc ;Ensure CF is clear
   581 00003A54 5A                  <1>     pop rdx
   582 00003A55 59                  <1>     pop rcx
   583 00003A56 58                  <1>     pop rax
   584                              <1>     return
    13                              <2> %%_ret:
    14 00003A57 C3                  <2>  ret
    15                              <2> %assign retOff %%_ret-$$
   585                              <1> 
   586                              <1> .xfrBkupBpb:
   587                              <1> ;Makes a copy of the reported bpb in the drvBlk for formatting backups
   588 00003A58 51                  <1>     push rcx
   589 00003A59 56                  <1>     push rsi
   590 00003A5A 57                  <1>     push rdi
   591 00003A5B 488D750A            <1>     lea rsi, qword [rbp + drvBlk.bpb]
   592 00003A5F 488D7D3B            <1>     lea rdi, qword [rbp + drvBlk.sBkupBPB]
   593 00003A63 B929000000          <1>     mov ecx, drvBlkBpb_size
   594 00003A68 F3A4                <1>     rep movsb
   595 00003A6A 5F                  <1>     pop rdi
   596 00003A6B 5E                  <1>     pop rsi
   597 00003A6C 59                  <1>     pop rcx
   598                              <1>     return
    13                              <2> %%_ret:
    14 00003A6D C3                  <2>  ret
    15                              <2> %assign retOff %%_ret-$$
   599                              <1> 
   600                              <1> .checkEbrPtnType:
   601                              <1> ;Input: al = Partition type
   602                              <1> ;Output: ZF=ZE => Valid partition type found
   603                              <1> ;        ZF=NZ => Not a valid partition type (05h and 0Fh not valid)
   604 00003A6E E811000000          <1>     call .checkMbrPtnType
   605                              <1>     retne           ;Bubble up the not equal if not in the partition table
    53                              <2> cret ne
    19                              <3> %%_base:
    20                              <3> %assign baseVar %%_base-$$
    21                              <3> 
    22                              <3> 
    23                              <3> 
    24                              <3> 
    25                              <3> 
    26                              <3> 
    27                              <3> 
    28                              <3> 
    29                              <3> 
    30                              <3> 
    31                              <3> 
    32                              <3> 
    33                              <3> 
    34 00003A73 7401                <3>  j%-1 short %%a
    35                              <3>  return
    13                              <4> %%_ret:
    14 00003A75 C3                  <4>  ret
    15                              <4> %assign retOff %%_ret-$$
    36                              <3> %%a:
    37                              <3> 
   606                              <1> .checkDataPtn:
   607 00003A76 3C05                <1>     cmp al, 05h     ;Extended Partition which should use CHS for addressing
   608 00003A78 7407                <1>     je .ceptBad
   609 00003A7A 3C0F                <1>     cmp al, 0Fh     ;Extended Partition which should use LBA for addressing
   610 00003A7C 7403                <1>     je .ceptBad
   611 00003A7E 39C0                <1>     cmp eax, eax    ;Set the Zero flag
   612                              <1>     return
    13                              <2> %%_ret:
    14 00003A80 C3                  <2>  ret
    15                              <2> %assign retOff %%_ret-$$
   613                              <1> .ceptBad:
   614 00003A81 85C0                <1>     test eax, eax   ;Clears the Zero flag (as eax is not zero)
   615                              <1>     return
    13                              <2> %%_ret:
    14 00003A83 C3                  <2>  ret
    15                              <2> %assign retOff %%_ret-$$
   616                              <1> 
   617                              <1> .checkMbrPtnType:
   618                              <1> ;Input: al = Partition type
   619                              <1> ;Output: ZF=ZE => Valid partition type found
   620                              <1> ;        ZF=NZ => Not a valid partition type
   621 00003A84 51                  <1>     push rcx
   622 00003A85 57                  <1>     push rdi
   623 00003A86 488D3D0A000000      <1>     lea rdi, .ptnTbl
   624 00003A8D B909000000          <1>     mov ecx, .ptnTblL
   625 00003A92 F2AE                <1>     repne scasb ;Find the entry in al
   626 00003A94 5F                  <1>     pop rdi
   627 00003A95 59                  <1>     pop rcx
   628                              <1>     return
    13                              <2> %%_ret:
    14 00003A96 C3                  <2>  ret
    15                              <2> %assign retOff %%_ret-$$
   629                              <1> 
   630                              <1> ;Table contents:
   631                              <1> ; 01h - FAT 12 Partition. CHS addressing should be used.
   632                              <1> ; 04h - FAT 16 Partition up to 32MB. CHS addressing should be used.
   633                              <1> ; 05h - Extended Partition in MBR found. CHS addressing should be used.
   634                              <1> ; 06h - FAT 16 Partition over 32MB. CHS addressing should be used.
   635                              <1> ; 0Bh - FAT 32 Partition. CHS addressing should be used.
   636                              <1> ; 0Ch - FAT 32 Partition. LBA addressing should be used.
   637                              <1> ; 0Eh - FAT 16 Partition. LBA addressing should be used.
   638                              <1> ; 0Fh - Extended Partition in MBR found. LBA addressing should be used.
   639 00003A97 010405060B0C0D0E0F  <1> .ptnTbl db 01h, 04h, 05h, 06h, 0Bh, 0Ch, 0Dh, 0Eh, 0Fh
   640                              <1> .ptnTblL    equ $ - .ptnTbl 
    26                                  
    27                                  Segment kDrvDat data private align=1
    28                                  ;---------------------------
    29                                  ;  OEM Driver data segment
    30                                  ;---------------------------
    31                                  %include "./src/dos/Drivers/drvHdrs.asm"
     1                              <1> ;-----------------------------------:
     2                              <1> ;          Driver routines          :
     3                              <1> ;-----------------------------------:
     4                              <1> driverChain:
     5                              <1> conHdr:
     6 00000000 [2200000000000000]  <1>     dq auxHdr
     7 00000008 1380                <1>     dw devDrvChar | devDrvFastOut | devDrvConOut | devDrvConIn
     8 0000000A [0000000000000000]  <1>     dq commonStrat
     9 00000012 [0800000000000000]  <1>     dq conDriver
    10 0000001A 434F4E2020202020    <1>     db "CON     "
    11                              <1> auxHdr:
    12 00000022 [4400000000000000]  <1>     dq prnHdr
    13 0000002A 0080                <1>     dw devDrvChar
    14 0000002C [0000000000000000]  <1>     dq commonStrat
    15 00000034 [0D03000000000000]  <1>     dq com1Intr
    16 0000003C 4155582020202020    <1>     db "AUX     "
    17                              <1> prnHdr:
    18 00000044 [6600000000000000]  <1>     dq clkHdr
    19 0000004C 40A0                <1>     dw devDrvChar | devDrvOutToBsy | devDrvIOCTL    ;Dont really support IOCTL
    20 0000004E [0000000000000000]  <1>     dq commonStrat
    21 00000056 [9504000000000000]  <1>     dq prnDriver
    22 0000005E 50524E2020202020    <1>     db "PRN     "
    23                              <1> clkHdr:
    24 00000066 [8800000000000000]  <1>     dq msdHdr
    25 0000006E 0880                <1>     dw devDrvChar | devDrvClockDev
    26 00000070 [0000000000000000]  <1>     dq commonStrat
    27 00000078 [8301000000000000]  <1>     dq clkDriver
    28 00000080 434C4F434B242020    <1>     db "CLOCK$  "
    29                              <1> msdHdr:
    30 00000088 [AA00000000000000]  <1>     dq com1Hdr
    31 00000090 C008                <1>     dw devDrvOpClRem | devDrvIOCTLQ | devDrvIOCTL
    32 00000092 [0000000000000000]  <1>     dq commonStrat
    33 0000009A [AA05000000000000]  <1>     dq msdDriver
    34 000000A2 0000000000000000    <1>     db 0,0,0,0,0,0,0,0
    35                              <1> com1Hdr:
    36 000000AA [CC00000000000000]  <1>     dq com2Hdr
    37 000000B2 0080                <1>     dw devDrvChar
    38 000000B4 [0000000000000000]  <1>     dq commonStrat
    39 000000BC [0D03000000000000]  <1>     dq com1Intr
    40 000000C4 434F4D3120202020    <1>     db "COM1    "
    41                              <1> com2Hdr:
    42 000000CC [EE00000000000000]  <1>     dq com3Hdr
    43 000000D4 0080                <1>     dw devDrvChar
    44 000000D6 [0000000000000000]  <1>     dq commonStrat
    45 000000DE [1603000000000000]  <1>     dq com2Intr
    46 000000E6 434F4D3220202020    <1>     db "COM2    "
    47                              <1> com3Hdr:
    48 000000EE [1001000000000000]  <1>     dq com4Hdr
    49 000000F6 0080                <1>     dw devDrvChar
    50 000000F8 [0000000000000000]  <1>     dq commonStrat
    51 00000100 [1F03000000000000]  <1>     dq com3Intr
    52 00000108 434F4D3320202020    <1>     db "COM3    "
    53                              <1> com4Hdr:
    54 00000110 [3201000000000000]  <1>     dq lpt1Hdr
    55 00000118 0080                <1>     dw devDrvChar
    56 0000011A [0000000000000000]  <1>     dq commonStrat
    57 00000122 [2803000000000000]  <1>     dq com4Intr
    58 0000012A 434F4D3420202020    <1>     db "COM4    "
    59                              <1> lpt1Hdr:
    60 00000132 [5401000000000000]  <1>     dq lpt2Hdr
    61 0000013A 40A0                <1>     dw devDrvChar | devDrvOutToBsy | devDrvIOCTL    ;Dont really support IOCTL
    62 0000013C [0000000000000000]  <1>     dq commonStrat
    63 00000144 [9504000000000000]  <1>     dq prnDriver
    64 0000014C 4C50543120202020    <1>     db "LPT1    "
    65                              <1> lpt2Hdr:
    66 00000154 [7601000000000000]  <1>     dq lpt3Hdr
    67 0000015C 40A0                <1>     dw devDrvChar | devDrvOutToBsy | devDrvIOCTL    ;Dont really support IOCTL
    68 0000015E [0000000000000000]  <1>     dq commonStrat
    69 00000166 [9504000000000000]  <1>     dq prnDriver
    70 0000016E 4C50543220202020    <1>     db "LPT2    "
    71                              <1> lpt3Hdr:
    72 00000176 FFFFFFFFFFFFFFFF    <1>     dq -1
    73 0000017E 40A0                <1>     dw devDrvChar | devDrvOutToBsy | devDrvIOCTL    ;Dont really support IOCTL
    74 00000180 [0000000000000000]  <1>     dq commonStrat
    75 00000188 [9504000000000000]  <1>     dq prnDriver
    76 00000190 4C50543320202020    <1>     dq "LPT3    "
    77 00000198 0000000000000000    <1> reqPktPtr  dq 0    ;Where the default device drivers store the ReqPtr
    32                                  
    33                                  Segment kDrvBSS bss private align=1
    34                                  ;---------------------------
    35                                  ;  OEM Driver bss segment
    36                                  ;---------------------------
    37                                  %include "./src/dos/Drivers/drvBuf.asm"
     1                              <1> ;This file is just to denote UNINITIALISED buffers and vars
     2                              <1> ; for the drivers that are to be used during INIT.
     3                              <1> ;They can (and should) be ejected after use
     4 00000000 ??                  <1> physVol db ?    ;Count of volumes we report to DOS
     5                              <1> fixPtn: ;Use this symbol to keep track of how many fixed partitions we have
     6 00000001 ??                  <1> fixDrv  db ?    ;Fixed disks
     7 00000002 ??                  <1> remDrv  db ?    ;Removable devices
     8 00000003 ??                  <1> biosDrv db ?    ;Current BIOS number we are playing with
     9 00000004 ??                  <1> dosDrv  db ?    ;Dos drive number we are setting up for
    10 00000005 ??                  <1> mbrEtry db ?    ;Indicates which entry we are analysing
    11 00000006 <res 40h>           <1> mbrE    db 64 dup (?)   ;We copy the MBR we are analysing here
    12 00000046 <res 20h>           <1> ebrE    db 32 dup (?)   ;We copy the EBR we are analysing here
    13 00000066 <res D0h>           <1> bpbArray    dq drvBlkTblL dup (?)
    38 00000136 <res Ah>                    alignb 10h  ;Ensure paragraph alignment
    39                                  
    40                                  ;=====================END OF OEM DRIVER MODULE=======================
    40          ------------------       info: assembly required 1+5+2 passes
 [--info=1]
