     1                                  [DEFAULT REL]
     2                                  BITS 64
     3                                  
     4                                  %include "./inc/dosMacro.mac"
     1                              <1> 
     2                              <1> ;-------------------------------------------------------------------------------
     3                              <1> ;Generic Macros file
     4                              <1> ;The following instruction extensions allow to conditionally return
     5                              <1> ;The idea was borrowed from the DOS Source Code
     6                              <1> ;
     7                              <1> ;-------------------------------------------------------------------------------
     8                              <1> 
     9                              <1> ;-------------------------------------------------------------------------------
    10                              <1> ;These macros are live and must not be touched
    11                              <1> ;-------------------------------------------------------------------------------
    12                              <1> %macro return 0
    13                              <1> %%_ret:
    14                              <1>     ret
    15                              <1> %assign retOff %%_ret-$$  ;Get offset into segment of %%_ret
    16                              <1> %endmacro
    17                              <1> 
    18                              <1> %macro cret 1
    19                              <1> %%_base:
    20                              <1> %assign baseVar %%_base-$$ ;Get offset into segment of %%_base
    21                              <1> ;    %ifdef retOff
    22                              <1> ;    %if (baseVar - retOff <= 126) && (baseVar > retOff)
    23                              <1> ;    %ifdef currSegVBase
    24                              <1> ;    j%+1 short (retOff+currSegVBase)
    25                              <1> ;    %else
    26                              <1> ;    j%+1 short retOff
    27                              <1> ;    %endif  ;End ifdef currSegVBase
    28                              <1> ;    %else 
    29                              <1> ;    j%-1 short %%a
    30                              <1> ;    return
    31                              <1> ;%%a:
    32                              <1> ;    %endif  ;End the distance measurement if
    33                              <1> ;    %else   
    34                              <1>     j%-1 short %%a
    35                              <1>     return
    36                              <1> %%a:
    37                              <1> ;    %endif  ;End ifdef retoff
    38                              <1> %endmacro
    39                              <1> 
    40                              <1> %macro retz 0
    41                              <1> cret z
    42                              <1> %endmacro
    43                              <1> 
    44                              <1> %macro retnz 0
    45                              <1> cret nz
    46                              <1> %endmacro
    47                              <1> 
    48                              <1> %macro rete 0
    49                              <1> cret e
    50                              <1> %endmacro
    51                              <1> 
    52                              <1> %macro retne 0
    53                              <1> cret ne
    54                              <1> %endmacro
    55                              <1> 
    56                              <1> %macro retc 0
    57                              <1> cret c
    58                              <1> %endmacro
    59                              <1> 
    60                              <1> %macro retnc 0
    61                              <1> cret nc
    62                              <1> %endmacro
    63                              <1> 
    64                              <1> %macro retb 0
    65                              <1> cret b
    66                              <1> %endmacro
    67                              <1> 
    68                              <1> %macro retnb 0
    69                              <1> cret nb
    70                              <1> %endmacro
    71                              <1> 
    72                              <1> %macro reta 0
    73                              <1> cret a
    74                              <1> %endmacro
    75                              <1> 
    76                              <1> %macro retna 0
    77                              <1> cret na
    78                              <1> %endmacro
    79                              <1> 
    80                              <1> %macro rets 0
    81                              <1> cret s
    82                              <1> %endmacro
    83                              <1> 
    84                              <1> %macro retns 0
    85                              <1> cret ns
    86                              <1> %endmacro
    87                              <1> 
    88                              <1> %macro retl 0
    89                              <1> cret l
    90                              <1> %endmacro
    91                              <1> 
    92                              <1> %macro retnl 0
    93                              <1> cret nl
    94                              <1> %endmacro
    95                              <1> 
    96                              <1> %macro breakpoint 0
    97                              <1> xchg bx, bx
    98                              <1> %endmacro
     5                                  %include "./inc/drvStruc.inc"
     1                              <1> 
     2                              <1> ;-------------------------------------------------------;
     3                              <1> ; This include file contains miscellaneous SCP/DOS      ;
     4                              <1> ; device driver related structures.                     ;
     5                              <1> ;-------------------------------------------------------;
     6                              <1> 
     7                              <1> struc drvHdr  ;Device Driver Header for character and block devices
     8                              <1> 
     9 00000000 ????????????????    <1>     .nxtPtr dq ?  ;Pointer to the next driver header, -1 if at the end
    10 00000008 ????                <1>     .attrib dw ?  ;Attribute Word
    11 0000000A ????????????????    <1>     .strPtr dq ?  ;Strategy Entry Pointer
    12 00000012 ????????????????    <1>     .intPtr dq ?  ;Interrupt Entry Pointer
    13                              <1>     .drvUnt:        ;Number of units pointer
    14 0000001A ????????????????    <1>     .drvNam db 8 dup (?)  ;Driver name (Char) or Number of units byte (Block)
    15                              <1> 
    16                              <1> endstruc
    17                              <1> 
    18                              <1> ;Command Code equates
    19                              <1>     drvINIT         equ 0
    20                              <1>     drvMEDCHK       equ 1
    21                              <1>     drvBUILDBPB     equ 2
    22                              <1>     drvIOCTLREAD    equ 3
    23                              <1>     drvREAD         equ 4
    24                              <1>     drvNONDESTREAD  equ 5
    25                              <1>     drvINSTATUS     equ 6
    26                              <1>     drvFLUSHINBUF   equ 7
    27                              <1>     drvWRITE        equ 8
    28                              <1>     drvWRITEVERIFY  equ 9
    29                              <1>     drvOUTSTATUS    equ 10
    30                              <1>     drvFLUSHOUTBUF  equ 11
    31                              <1>     drvIOCTLWRITE   equ 12
    32                              <1>     drvOPEN         equ 13
    33                              <1>     drvCLOSE        equ 14
    34                              <1>     drvREMMEDCHECK  equ 15
    35                              <1>     drvOUTTILBUSY   equ 16
    36                              <1>     drvIOCTL        equ 19
    37                              <1>     drvGETDRVMAP    equ 23
    38                              <1>     drvSETDRVMAP    equ 24
    39                              <1>     drvMAXCMD       equ 24
    40                              <1> ;Driver Error equates 
    41                              <1>     drvWPErr        equ 0   ;Write Protect Violation
    42                              <1>     drvBadUnit      equ 1   ;Unknown unit
    43                              <1>     drvNotReady     equ 2   ;Device not ready
    44                              <1>     drvBadCmd       equ 3   ;Unknown command
    45                              <1>     drvCRCErr       equ 4   ;CRC Error
    46                              <1>     drvBadDrvReq    equ 5   ;Bad drive request structure length
    47                              <1>     drvBadSeek      equ 6   ;Seek error
    48                              <1>     drvBadMed       equ 7   ;Unknown media
    49                              <1>     drvSecNotFnd    equ 8   ;Sector not found
    50                              <1>     drvNoPaper      equ 9   ;Printer out of paper
    51                              <1>     drvWriteFault   equ 10  ;Write Fault
    52                              <1>     drvReadFault    equ 11  ;Read Fault
    53                              <1>     drvGenFault     equ 12  ;General Fault
    54                              <1>     drvBadDskChnge  equ 15  ;Invalid disk change
    55                              <1> 
    56                              <1> ;Driver status word status bit meanings
    57                              <1>     drvErrStatus    equ 8000h  
    58                              <1>     drvDonStatus    equ 0100h
    59                              <1>     drvBsyStatus    equ 0200h
    60                              <1> 
    61                              <1> ;Driver Attribute Word bit meanings
    62                              <1>     devDrvConIn     equ 1h  ;If set, device is CON input
    63                              <1>     devDrvConOut    equ 2h  ;If set, device is CON output
    64                              <1>     devDrvNulDev    equ 4h  ;If set, device is NULL device
    65                              <1>     devDrvClockDev  equ 8h  ;If set, device is CLOCK device
    66                              <1>     devDrvFastOut   equ 10h ;If set, device supports Int 29h
    67                              <1>     devDrvIOCTL     equ 40h ;If set, IOCTL and GET/SET suported
    68                              <1>     devDrvIOCTLQ    equ 80h ;If set, IOCTL Query supported (21h/4410h, 4411h)
    69                              <1>     devDrvOpClRem   equ 800h ;If set, Open, Close and Rem media supported
    70                              <1>     devDrvNotIBM    equ 2000h ;If set, media byte is meaningful for disk comps
    71                              <1>     devDrvOutToBsy  equ 2000h ;If set, char dev supports output until busy
    72                              <1>     devDrvIOCTLCtl  equ 4000h ;If set, IOCTL control strings supported
    73                              <1>     devDrvChar      equ 8000h ;If set, Char device
    74                              <1> ;Bit 0 1=Console input
    75                              <1> ;    1 1=Console output (character devices)
    76                              <1> ;    2 1=NUL device
    77                              <1> ;    3 1=CLOCK device
    78                              <1> ;    4 1=Int 29 output (CON)
    79                              <1> ;    6 1=Generic IOCTL and GET/SET logical drive supported (13,17,18) (3.2+)
    80                              <1> ;    7 1=Query IOCTL function supported (19) (5.0+)
    81                              <1> ;   11 1=Open/close/removable media supported (3.0+)
    82                              <1> ;   13 1=Output until busy supported (character devices) (3.0+)
    83                              <1> ;      1=Media descriptor in FAT required (block devices)
    84                              <1> ;   14 1=IOCTL read and write control strings supported
    85                              <1> ;   15 0=Block device
    86                              <1> ;      1=Character device
    87                              <1> 
    88                              <1> ;Driver structures
    89                              <1> 
    90                              <1> %macro drvReqPktM 0 ;Driver Request Header Macro
    91                              <1> 
    92                              <1>     .hdrlen db ?  ;Length of the request header
    93                              <1>     .unitnm db ?  ;Unit number, meaningless for character devs
    94                              <1>     .cmdcde db ?  ;Command code
    95                              <1>     .status dw ?  ;Status word
    96                              <1>     .devptr dq ?  ;Device queue pointer field, reserved for future use
    97                              <1> 
    98                              <1> %endmacro
    99                              <1> 
   100                              <1> struc drvReqPkt
   101                              <1>     drvReqPktM
    91                              <2> 
    92 00000000 ??                  <2>  .hdrlen db ?
    93 00000001 ??                  <2>  .unitnm db ?
    94 00000002 ??                  <2>  .cmdcde db ?
    95 00000003 ????                <2>  .status dw ?
    96 00000005 ????????????????    <2>  .devptr dq ?
    97                              <2> 
   102                              <1> endstruc
   103                              <1> 
   104                              <1> struc initReqPkt  ;Init Request Packet
   105                              <1> 
   106                              <1>     drvReqPktM   ;Common Driver Header Macro
    91                              <2> 
    92 00000000 ??                  <2>  .hdrlen db ?
    93 00000001 ??                  <2>  .unitnm db ?
    94 00000002 ??                  <2>  .cmdcde db ?
    95 00000003 ????                <2>  .status dw ?
    96 00000005 ????????????????    <2>  .devptr dq ?
    97                              <2> 
   107 0000000D ??                  <1>     .numunt db ?  ;Number of logical units (Block only, 0 for char)
   108 0000000E ????????????????    <1>     .endptr dq ?  ;Pointer to first free byte after driver
   109 00000016 ????????????????    <1>     .optptr dq ?  ;Ptr to BPB array (blkdev) or cmdline args
   110 0000001E ??                  <1>     .drvnum db ?  ;First Drive number
   111                              <1> 
   112                              <1> endstruc
   113                              <1> 
   114                              <1> struc mediaCheckReqPkt ;Media Check Request Packet
   115                              <1> 
   116                              <1>     drvReqPktM    ;Common Driver Header Macro
    91                              <2> 
    92 00000000 ??                  <2>  .hdrlen db ?
    93 00000001 ??                  <2>  .unitnm db ?
    94 00000002 ??                  <2>  .cmdcde db ?
    95 00000003 ????                <2>  .status dw ?
    96 00000005 ????????????????    <2>  .devptr dq ?
    97                              <2> 
   117 0000000D ??                  <1>     .medesc db ?  ;DOS media descriptor
   118 0000000E ??                  <1>     .medret db ?  ;Return byte (Has media been changed?)
   119 0000000F ????????????????    <1>     .desptr dq ?  ;Pointer to a valid volume id field
   120                              <1> 
   121                              <1> endstruc
   122                              <1> 
   123                              <1> struc bpbBuildReqPkt  ;Build BPB Request Packet
   124                              <1> 
   125                              <1>     drvReqPktM    ;Common Driver Header Macro
    91                              <2> 
    92 00000000 ??                  <2>  .hdrlen db ?
    93 00000001 ??                  <2>  .unitnm db ?
    94 00000002 ??                  <2>  .cmdcde db ?
    95 00000003 ????                <2>  .status dw ?
    96 00000005 ????????????????    <2>  .devptr dq ?
    97                              <2> 
   126 0000000D ??                  <1>     .medesc db ?  ;DOS media descriptor
   127 0000000E ????????????????    <1>     .bufptr dq ?  ;Transfer buffer
   128 00000016 ????????????????    <1>     .bpbptr dq ?  ;Pointer to the BPB
   129                              <1> 
   130                              <1> endstruc
   131                              <1> 
   132                              <1> struc ioReqPkt   ;IO Request Packet
   133                              <1> 
   134                              <1>     drvReqPktM    ;Common Driver Header Macro
    91                              <2> 
    92 00000000 ??                  <2>  .hdrlen db ?
    93 00000001 ??                  <2>  .unitnm db ?
    94 00000002 ??                  <2>  .cmdcde db ?
    95 00000003 ????                <2>  .status dw ?
    96 00000005 ????????????????    <2>  .devptr dq ?
    97                              <2> 
   135 0000000D ??                  <1>     .medesc db ?  ;DOS media descriptor
   136 0000000E ????????????????    <1>     .bufptr dq ?  ;Transfer buffer
   137 00000016 ????????            <1>     .tfrlen dd ?  ;Number of Sectors/bytes to transfer
   138 0000001A ????????????????    <1>     .strtsc dq ?  ;Starting sector for transfer
   139 00000022 ????????????????    <1>     .desptr dq ?  ;Pointer to a valid volume id field if error
   140                              <1> 
   141                              <1> endstruc
   142                              <1> 
   143                              <1> struc ndInNoWaitPkt    ;Nondestructive Input No Wait Request Packet
   144                              <1>     
   145                              <1>     drvReqPktM    ;Common Driver Header Macro
    91                              <2> 
    92 00000000 ??                  <2>  .hdrlen db ?
    93 00000001 ??                  <2>  .unitnm db ?
    94 00000002 ??                  <2>  .cmdcde db ?
    95 00000003 ????                <2>  .status dw ?
    96 00000005 ????????????????    <2>  .devptr dq ?
    97                              <2> 
   146 0000000D ??                  <1>     .retbyt db ?  ;Byte read non destructively
   147                              <1> 
   148                              <1> endstruc
   149                              <1> 
   150                              <1> struc statusReqPkt   ;Status Request Packet
   151                              <1> 
   152                              <1>     drvReqPktM    ;Common Driver Header Macro
    91                              <2> 
    92 00000000 ??                  <2>  .hdrlen db ?
    93 00000001 ??                  <2>  .unitnm db ?
    94 00000002 ??                  <2>  .cmdcde db ?
    95 00000003 ????                <2>  .status dw ?
    96 00000005 ????????????????    <2>  .devptr dq ?
    97                              <2> 
   153                              <1> 
   154                              <1> endstruc
   155                              <1> 
   156                              <1> struc flushReqPkt ;Flush Request Packet, terminate all pending requests
   157                              <1> 
   158                              <1>     drvReqPktM    ;Common Driver Header Macro
    91                              <2> 
    92 00000000 ??                  <2>  .hdrlen db ?
    93 00000001 ??                  <2>  .unitnm db ?
    94 00000002 ??                  <2>  .cmdcde db ?
    95 00000003 ????                <2>  .status dw ?
    96 00000005 ????????????????    <2>  .devptr dq ?
    97                              <2> 
   159                              <1>      
   160                              <1> endstruc
   161                              <1> 
   162                              <1> struc openReqPkt ;Open Device Request Packet
   163                              <1> 
   164                              <1>     drvReqPktM    ;Common Driver Header Macro
    91                              <2> 
    92 00000000 ??                  <2>  .hdrlen db ?
    93 00000001 ??                  <2>  .unitnm db ?
    94 00000002 ??                  <2>  .cmdcde db ?
    95 00000003 ????                <2>  .status dw ?
    96 00000005 ????????????????    <2>  .devptr dq ?
    97                              <2> 
   165                              <1>      
   166                              <1> endstruc
   167                              <1> 
   168                              <1> struc closeReqPkt ;Close Device Request Packet
   169                              <1> 
   170                              <1>     drvReqPktM    ;Common Driver Header Macro
    91                              <2> 
    92 00000000 ??                  <2>  .hdrlen db ?
    93 00000001 ??                  <2>  .unitnm db ?
    94 00000002 ??                  <2>  .cmdcde db ?
    95 00000003 ????                <2>  .status dw ?
    96 00000005 ????????????????    <2>  .devptr dq ?
    97                              <2> 
   171                              <1>      
   172                              <1> endstruc
   173                              <1> 
   174                              <1> struc remMediaReqPkt ;Removeable Media Request Packet
   175                              <1> 
   176                              <1>     drvReqPktM    ;Common Driver Header Macro
    91                              <2> 
    92 00000000 ??                  <2>  .hdrlen db ?
    93 00000001 ??                  <2>  .unitnm db ?
    94 00000002 ??                  <2>  .cmdcde db ?
    95 00000003 ????                <2>  .status dw ?
    96 00000005 ????????????????    <2>  .devptr dq ?
    97                              <2> 
   177                              <1>      
   178                              <1> endstruc
   179                              <1> 
   180                              <1> struc outTilBusyPkt
   181                              <1>     drvReqPktM    ;Common Driver Header Macro
    91                              <2> 
    92 00000000 ??                  <2>  .hdrlen db ?
    93 00000001 ??                  <2>  .unitnm db ?
    94 00000002 ??                  <2>  .cmdcde db ?
    95 00000003 ????                <2>  .status dw ?
    96 00000005 ????????????????    <2>  .devptr dq ?
    97                              <2> 
   182 0000000D ????????????????    <1>     .pXfrBuffer dq ?    ;Pointer to the transfer buffer
   183 00000015 ????                <1>     .wXfrCount  dw ?    ;Byte count to xfr. Returns bytes xfred.
   184                              <1> endstruc
   185                              <1> 
   186                              <1> struc ioctlReqPkt    ;Generic IOCTL Request Packet
   187                              <1> 
   188                              <1>     drvReqPktM    ;Common Driver Header Macro  
    91                              <2> 
    92 00000000 ??                  <2>  .hdrlen db ?
    93 00000001 ??                  <2>  .unitnm db ?
    94 00000002 ??                  <2>  .cmdcde db ?
    95 00000003 ????                <2>  .status dw ?
    96 00000005 ????????????????    <2>  .devptr dq ?
    97                              <2> 
   189 0000000D ??                  <1>     .majfun db ?  ;Major function number
   190 0000000E ??                  <1>     .minfun db ?  ;Minor function number
   191 0000000F ????????????????    <1>     .rsival dq ?  ;Contents of RSI
   192 00000017 ????????????????    <1>     .rdival dq ?  ;Contents of RDI
   193 0000001F ????????????????    <1>     .ctlptr dq ?  ;Pointer to Generic IOCTL Request Packet
   194                              <1> 
   195                              <1> endstruc
   196                              <1> 
   197                              <1> struc getDevReqPkt ;Get Logical Device Request Packet
   198                              <1>     
   199                              <1>     drvReqPktM    ;Common Driver Header Macro
    91                              <2> 
    92 00000000 ??                  <2>  .hdrlen db ?
    93 00000001 ??                  <2>  .unitnm db ?
    94 00000002 ??                  <2>  .cmdcde db ?
    95 00000003 ????                <2>  .status dw ?
    96 00000005 ????????????????    <2>  .devptr dq ?
    97                              <2> 
   200                              <1> 
   201                              <1> endstruc
   202                              <1> 
   203                              <1> struc setDevReqPkt ;Set Logical Device Request Packet
   204                              <1>     
   205                              <1>     drvReqPktM    ;Common Driver Header Macro
    91                              <2> 
    92 00000000 ??                  <2>  .hdrlen db ?
    93 00000001 ??                  <2>  .unitnm db ?
    94 00000002 ??                  <2>  .cmdcde db ?
    95 00000003 ????                <2>  .status dw ?
    96 00000005 ????????????????    <2>  .devptr dq ?
    97                              <2> 
   206                              <1> 
   207                              <1> endstruc
   208                              <1> ;IOCTL structs
   209                              <1> 
   210                              <1> struc lbaParamsBlock
   211 00000000 ??                  <1>     .bSize          db ?
   212 00000001 ??                  <1>     .bSpecFuncs     db ?    ;0 = Update drive info from medium and return that
   213                              <1>                             ;1 = Get current saved drive info w/o updating
   214                              <1>                             ;2 = Get physical parameters of the medium
   215                              <1>                             ;Only meaningful on get. Set must have this as 0
   216 00000002 ????                <1>     .wDevFlgs       dw ?    ;Only bits 0 and 1 are xmitted/read
   217 00000004 ????                <1>     .wFSType        dw ?    ;If one, it is a FAT type. Only valid on getlba
   218                              <1>                             ; If one, can use CHS functions with returned vals
   219 00000006 ????                <1>     .wRes           dw ?    ;Reserved word
   220 00000008 ????????????????    <1>     .qSectorSize    dq ?    ;Only the lower word is valid here
   221 00000010 ????????????????    <1>     .qNumSectors    dq ?    ;Only the lower dword is valid here
   222                              <1> ;The below is the absolute start sector of the partition. It is the 
   223                              <1> ; partition at which to find the BPB.
   224 00000018 ????????????????    <1>     .qStartSector   dq ?    ;Only the lower dword is valid here.
   225                              <1> endstruc
   226                              <1> 
   227                              <1> %macro lbIOCmnM 0   ;IOCTL LBA request common portion macro
   228                              <1>     .size           db ?
   229                              <1>     .numSectors     db ?  ;# sectors to act on. Returns sectors acted on
   230                              <1>     .res            db 6 dup (?)
   231                              <1>     .startSector    dq ?  ;Sector to start action on
   232                              <1> %endmacro
   233                              <1> 
   234                              <1> struc lbaIOBlock
   235                              <1>     lbIOCmnM
   228 00000000 ??                  <2>  .size db ?
   229 00000001 ??                  <2>  .numSectors db ?
   230 00000002 ????????????        <2>  .res db 6 dup (?)
   231 00000008 ????????????????    <2>  .startSector dq ?
   236 00000010 ????????????????    <1>     .xferBuffer     dq ?  ;Transfer buffer for data
   237                              <1> endstruc
   238                              <1> 
   239                              <1> struc lbaFormatBlock
   240                              <1>     lbIOCmnM
   228 00000000 ??                  <2>  .size db ?
   229 00000001 ??                  <2>  .numSectors db ?
   230 00000002 ????????????        <2>  .res db 6 dup (?)
   231 00000008 ????????????????    <2>  .startSector dq ?
   241                              <1> endstruc
   242                              <1> 
   243                              <1> struc chsParamsBlock
   244 00000000 ??                  <1>     .bSpecFuncs db ?    ;
   245 00000001 ??                  <1>     .bDevType   db ?    ;5 if fixed, 7 otherwise
   246 00000002 ????                <1>     .wDevFlgs   dw ?    ;Only bits 0 and 1 are xmitted/read
   247 00000004 ????                <1>     .wNumCyl    dw ?
   248 00000006 ??                  <1>     .bMedTyp    db ?    ;Perma 0 for us, meaningless. Reserved.
   249 00000007 <res 35h>           <1>     .deviceBPB  db 53 dup (?)   ;Full length with reserved bytes of BPB32
   250                              <1>     .TrackLayout:
   251                              <1> endstruc
   252                              <1> 
   253                              <1> ;Used for get and set params. Refer to DOS docs for meaning of bit.
   254                              <1> specFuncBPB equ 1<<0    ;Does BPB stuff
   255                              <1> ;Only used in setparams requests. Ignored for getparams 
   256                              <1> specFuncTrk equ 1<<1    ;Set if just track layout cpy. Clear if set all.
   257                              <1> specFuncSec equ 1<<2    ;Set if all sectors samze size. Clear if not.
   258                              <1> 
   259                              <1> 
   260                              <1> struc chsIOBlock
   261 00000000 ??                  <1>     .bSpecFuncs     db ?
   262 00000001 ????                <1>     .wStartHead     dw ?
   263 00000003 ????                <1>     .wStartCyl      dw ?    ;Zero based.
   264 00000005 ????                <1>     .wStartSector   dw ?    ;Zero based.
   265 00000007 ????                <1>     .wNumSectors    dw ?
   266 00000009 ????????????????    <1>     .pXferBuffer    dq ?
   267                              <1> endstruc
   268                              <1> 
   269                              <1> struc chsFormatBlock
   270 00000000 ??                  <1>     .bSpecFuncs db ?
   271 00000001 ????                <1>     .wStartHead dw ?
   272 00000003 ????                <1>     .wStartCyl  dw ?        ;Zero based.
   273                              <1> endstruc
   274                              <1> 
   275                              <1> struc accFlgBlk
   276 00000000 ??                  <1>     .bSpecFuncs db ?    ;Must be 0
   277 00000001 ??                  <1>     .bAccMode   db ?    ;Set if access allowed. Clear if not.
   278                              <1> endstruc
   279                              <1> 
   280                              <1> struc idParamBlk
   281 00000000 ????                <1>     .wCallLvl   dw ?    ;Should be zero
   282 00000002 ????????            <1>     .volId      dd ?    ;Volume Id
   283 00000006 <res Bh>            <1>     .volLab     db 11 dup (?)   ;Volume label string
   284 00000011 ????????????????    <1>     .filSysType db 8 dup (?)    ;File system type string
   285                              <1> endstruc
     6                                  %include "./inc/fatStruc.inc"
     1                              <1> 
     2                              <1> ;-------------------------------------------------------;
     3                              <1> ; This include file contains miscellaneous FAT driver   ;
     4                              <1> ; structures. exFAT will have it's own files at a later ;
     5                              <1> ; stage.                                                ;
     6                              <1> ;-------------------------------------------------------;
     7                              <1> ;-------------------------------------------------------;
     8                              <1> ;-------------------------------------------------------;
     9                              <1> ;  IMPORTANT!!! IMPORTANT!!! IMPORTANT!!! IMPORTANT!!!  ;
    10                              <1> ;   REMEMBER, CLUSTER NUMBERS START AT 2!               ;
    11                              <1> ;   THE FIRST DATA CLUSTER ON A DISK IS CLUSTER 2!!!    ;
    12                              <1> ;   ON FAT12/16, A CLUSTER NUMBER OF 0 MEANS ROOT DIR!  ;
    13                              <1> ;   ON FAT32, A CLUSTER NUMBER OF 0 ALIASES THE FIRST   ;
    14                              <1> ;       CLUSTER OF THE ROOT DIRECTORY!!                 ;
    15                              <1> ;  IMPORTANT!!! IMPORTANT!!! IMPORTANT!!! IMPORTANT!!!  ;
    16                              <1> ;-------------------------------------------------------;
    17                              <1> 
    18                              <1> struc oemHeader
    19 00000000 ??????              <1>     .jump       db 3 dup (?)    ;Jump instruction
    20 00000003 ????????????????    <1>     .oemString  db 8 dup (?)    ;OEM string
    21                              <1> endstruc
    22                              <1> 
    23                              <1> struc bpb          ;FAT 12 and 16 BPB
    24 00000000 ????                <1>     .bytsPerSec dw ?  ;Bytes per sector
    25 00000002 ??                  <1>     .secPerClus db ?  ;Sectors per cluster
    26 00000003 ????                <1>     .revdSecCnt dw ?  ;Number of reserved sectors, in volume
    27 00000005 ??                  <1>     .numFATs    db ?  ;Number of FATs on media
    28 00000006 ????                <1>     .rootEntCnt dw ?  ;Number of 32 byte entries in Root directory
    29 00000008 ????                <1>     .totSec16   dw ?  ;Number of sectors on medium
    30 0000000A ??                  <1>     .media      db ?  ;Media descriptor byte
    31 0000000B ????                <1>     .FATsz16    dw ?  ;Number of sectors per FAT
    32 0000000D ????                <1>     .secPerTrk  dw ?  ;Number of sectors per "track"
    33 0000000F ????                <1>     .numHeads   dw ?  ;Number of read "heads"
    34 00000011 ????????            <1>     .hiddSec    dd ?  ;Number of hidden sectors, preceeding volume start
    35 00000015 ????????            <1>     .totSec32   dd ?  ;32 bit count of sectors
    36                              <1> endstruc
    37                              <1> 
    38                              <1> struc extBs
    39                              <1> ;Extended bootsector structure. If present, comes immediately after 
    40                              <1> ; BPB in bootsector
    41 00000000 ??                  <1>     .drvNum     db ?  ;Logical drive number (00h or 80h)
    42 00000001 ??                  <1>     .reserved1  db ?  ;Reserved byte
    43 00000002 ??                  <1>     .bootSig    db ?  ;Extended boot signature
    44 00000003 ????????            <1>     .volId      dd ?  ;Volume serial number
    45 00000007 <res Bh>            <1>     .volLab     db 11 dup (?) ;Volume label string
    46 00000012 ????????????????    <1>     .filSysType db 8 dup (?)  ;File system type string
    47                              <1> endstruc
    48                              <1> extBsSig    equ 29h
    49                              <1> 
    50                              <1> struc bpb32       ;FAT 32 BPB
    51 00000000 ????                <1>     .bytsPerSec dw ?  ;Bytes per sector
    52 00000002 ??                  <1>     .secPerClus db ?  ;Sectors per cluster
    53 00000003 ????                <1>     .revdSecCnt dw ?  ;Number of reserved sectors
    54 00000005 ??                  <1>     .numFATs    db ?  ;Number of FATs on media
    55 00000006 ????                <1>     .rootEntCnt dw ?  ;Number of entries in Root directory
    56 00000008 ????                <1>     .totSec16   dw ?  ;Number of sectors on medium
    57 0000000A ??                  <1>     .media      db ?  ;Media descriptor byte
    58 0000000B ????                <1>     .FATsz16    dw ?  ;Number of sectors per FAT, must be 0 for FAT 32
    59 0000000D ????                <1>     .secPerTrk  dw ?  ;Number of sectors per "track"
    60 0000000F ????                <1>     .numHeads   dw ?  ;Number of read "heads"
    61 00000011 ????????            <1>     .hiddSec    dd ?  ;Number of hidden sectors
    62 00000015 ????????            <1>     .totSec32   dd ?  ;32 bit count of sectors
    63 00000019 ????????            <1>     .FATsz32    dd ?  ;32 bit count of sectors occupied by one FAT
    64 0000001D ????                <1>     .extFlags   dw ?  ;Extended Flags word
    65 0000001F ????                <1>     .FSver      dw ?  ;File system version word, must be 0
    66 00000021 ????????            <1>     .RootClus   dd ?  ;First Cluster of Root Directory
    67 00000025 ????                <1>     .FSinfo     dw ?  ;Sector number of FSINFO structure, usually 1
    68 00000027 ????                <1>     .BkBootSec  dw ?  ;Backup Boot sector, either 0 or 6
    69 00000029 <res Ch>            <1>     .reserved   db 12 dup (?) ;Reserved 12 bytes
    70                              <1> endstruc
    71                              <1> 
    72                              <1> struc FSInfo
    73 00000000 ????????            <1>     .leadSig    dd ? ;Leading Signature, should be 041615252h
    74 00000004 <res 1E0h>          <1>     .reserved1  db 480 dup (?)
    75 000001E4 ????????            <1>     .strucSig   dd ?  ;Should be 061417272h
    76 000001E8 ????????            <1>     .freeCount  dd ?  ;Contains the last known free cluster on volume
    77 000001EC ????????            <1>     .nextFree   dd ?  ;Contains the first known free cluster on volume
    78 000001F0 <res Ch>            <1>     .reserved2  db 12 dup (?) ;Should be 0
    79 000001FC ????????            <1>     .trailSig   dd ?  ;Should be 0AA550000h
    80                              <1> endstruc
    81                              <1> 
    82                              <1> fsInfoSig1  equ 041615252h
    83                              <1> fsInfoSig2  equ 061417272h
    84                              <1> fsInfoSig3  equ 0AA550000h
    85                              <1> 
    86                              <1> struc mbr
    87 00000000 <res 1B8h>          <1>     .bsCode     db 440 dup (?)
    88 000001B8 ????????            <1>     .diskID     dd ?
    89 000001BC ????                <1>     .reserved   dw ?
    90 000001BE <res 10h>           <1>     .mbrEntry1  db 16 dup (?)
    91 000001CE <res 10h>           <1>     .mbrEntry2  db 16 dup (?)
    92 000001DE <res 10h>           <1>     .mbrEntry3  db 16 dup (?)
    93 000001EE <res 10h>           <1>     .mbrEntry4  db 16 dup (?)
    94 000001FE ????                <1>     .mbrSig     dw ?
    95                              <1> endstruc
    96                              <1> 
    97                              <1> struc ebr   ;A special type of MBR
    98 00000000 <res 1BEh>          <1>     .bsCode     db 446 dup (?)    ;Basic 16-bit code to error if launched into
    99 000001BE <res 10h>           <1>     .ebrVolHdr  db 16 dup (?) ;Information about the volume itself
   100 000001CE <res 10h>           <1>     .ebrLinkHdr db 16 dup (?) ;Link ptr to next logical volume in ebr
   101 000001DE <res 20h>           <1>     .reserved   db 32 dup (?) ;Reserved
   102 000001FE ????                <1>     .mbrSig     dw ?
   103                              <1> endstruc
   104                              <1> 
   105                              <1> struc mbrEntry
   106 00000000 ??                  <1>     .ptnAtrib   db ?  ;80h = active
   107 00000001 ??????              <1>     .chsStart   db 3 dup (?)  ;Ignore practically
   108 00000004 ??                  <1>     .ptnType    db ?  ;This being 00 means free
   109 00000005 ??????              <1>     .chsEnd     db 3 dup (?)  ;Ignore
   110 00000008 ????????            <1>     .lbaStart   dd ?  ;Start of partition in 32 bit LBA
   111 0000000C ????????            <1>     .numSectors dd ?  ;Number of sectors in partition
   112                              <1> endstruc
   113                              <1> 
   114                              <1> struc fatDirEntry
   115 00000000 <res Bh>            <1>     .name       db 11 dup (?) ;8.3 File Name w/o fullstop
   116 0000000B ??                  <1>     .attribute  db ?  ;Usual attributes
   117 0000000C ??                  <1>     .ntRes      db ?  ;Reserved 0
   118 0000000D ??                  <1>     .crtTimeT   db ?  ;Count of tenths of a second of file creation time <=199
   119 0000000E ????                <1>     .crtTime    dw ?  ;Creation time, granularity of 2 seconds
   120 00000010 ????                <1>     .crtDate    dw ?  ;Creation date
   121 00000012 ????                <1>     .lastAccDat dw ?  ;Last Read/Write date, not 100% supported (consider later)
   122 00000014 ????                <1>     .fstClusHi  dw ?  ;Hi word of 1st data cluster for file/dir, 0 on FAT12/16
   123 00000016 ????                <1>     .wrtTime    dw ?  ;Last modification (write) time
   124 00000018 ????                <1>     .wrtDate    dw ?  ;Last modification (write) date
   125 0000001A ????                <1>     .fstClusLo  dw ?  ;Lo word of 1st data cluster for file/dir
   126 0000001C ????????            <1>     .fileSize   dd ?  ;32-bit quantity with size of file described by entry
   127                              <1> endstruc
   128                              <1> ;Directory attribute equates
   129                              <1>     dirReadOnly     equ 01h
   130                              <1>     dirHidden       equ 02h
   131                              <1>     dirSystem       equ 04h
   132                              <1>     dirVolumeID     equ 08h
   133                              <1>     dirDirectory    equ 10h
   134                              <1>     dirArchive      equ 20h
   135                              <1>     dirCharDev      equ 40h ;Never written to disk, used to represent a Char Dev
   136                              <1>     dirLongName     equ dirReadOnly | dirHidden | dirSystem | dirVolumeID
   137                              <1>     ;If any of the three bits are set, then ALL three bits are set
   138                              <1>     ; in addition to whatever the user passed to search for.
   139                              <1>     dirInclusive    equ dirHidden | dirSystem | dirDirectory
   140                              <1>     dirIncFiles     equ dirHidden | dirSystem
   141                              <1> 
   142                              <1> struc bpbEx   ;exFAT BPB, SIZE: 120 bytes
   143                              <1> 
   144                              <1>     ;.jmpBoot                db 3 dup (?)
   145                              <1>     ;.oemName                db 8 dup (?)  ;OEM name
   146                              <1> ;BPB starts here
   147 00000000 <res 35h>           <1>     .MustBeZero             db 53 dup (?) ;Must be 0, 53 bytes
   148 00000035 ????????????????    <1>     .partitionOffset        dq ?  ;in sectors, 0 means ignore this field
   149 0000003D ????????????????    <1>     .volumeLength           dq ?  ;Volume Length in sectors
   150 00000045 ????????            <1>     .FAToffset              dd ?  ;Volume rel offset of first FAT, in sectors
   151 00000049 ????????            <1>     .FATlength              dd ?  ;FAT length, in sectors
   152 0000004D ????????            <1>     .clusterHeapOffset      dd ?  ;Start of data area, in sectors
   153 00000051 ????????            <1>     .clusterCount           dd ?  ;Number of clusters on medium
   154 00000055 ????????            <1>     .firstClusterOfRootDir  dd ?  ;First Cluster of Root Directory, min 2
   155 00000059 ????????            <1>     .volumeSerialNum        dd ?  ;Volume Serial Number
   156 0000005D ????                <1>     .FSrevision             dw ?  ;Should be 0001 (v1.00)
   157 0000005F ????                <1>     .volumeFlags            dw ?  ;Volume Flags, refer to documentation
   158 00000061 ??                  <1>     .bytesPerSectorShift    db ?  ;min 9 (512 bps), max 12 (4096 bps)
   159 00000062 ??                  <1>     .sectorsPerClusterShift db ?  ;Result of log_2(N) for N=sec per clus
   160 00000063 ??                  <1>     .numberOfFATs           db ?  ;Number of FATs, only 1 or 2
   161 00000064 ??                  <1>     .driveSelect            db ?  ;Drive Select, 0 or 80h (Int 13h)
   162 00000065 ??                  <1>     .percentInUse           db ?  ;Rounded down. FFh means unknown
   163 00000066 ??????????????      <1>     .reserved               db 7 dup (?)  ;Reserved for alignment
   164                              <1> 
   165                              <1> endstruc
     7                                  %include "./inc/fcbStruc.inc"
     1                              <1> ;FCB related structures
     2                              <1> 
     3                              <1> ;Note: If record size > 64, high byte of randRecrd is ignored.
     4                              <1> ;This field also used for random read/write ops to find the right record
     5                              <1> struc fcb
     6 00000000 ??                  <1>     .driveNum   db ?  ;0 based drive number
     7 00000001 ????????????????    <1>     .filename   db 8 dup (?)
     8 00000009 ??????              <1>     .fileext    db 3 dup (?)
     9 0000000C ????                <1>     .curBlock   db 2 dup (?)  ;Current block number relative to 0
    10                              <1> ;One block consists of 128 records, of size denoted in the below
    11 0000000E ????                <1>     .recordSize db 2 dup (?)  ;Record size, default 80h
    12 00000010 ????????            <1>     .fileSize   db 4 dup (?)  ;File size, in bytes
    13 00000014 ????                <1>     .fileDate   db 2 dup (?)  ;Standard date format
    14 00000016 ????                <1>     .fileTime   db 2 dup (?)  ;Standard time format
    15                              <1>     ;----------------------------------------
    16                              <1>     ;Internal Records
    17 00000018 ??                  <1>     .sftNdx     db ?  ;Internal, SFT ndx number
    18 00000019 ??                  <1>     .fcbMode    db ?  ;Internal byte, to indicate format of special field
    19 0000001A ????????????        <1>     .special    db 6 dup (?)  ;For use with below internal structures
    20                              <1>     ;----------------------------------------
    21 00000020 ??                  <1>     .recordNum  db ?  ;Current record in block
    22 00000021 ????????            <1>     .randRecrd  db 4 dup (?)  ;Relative record number, relative to start of file
    23                              <1> endstruc
    24                              <1> 
    25                              <1> struc exFcb
    26 00000000 ??                  <1>     .extSig     db ?  ;If the first byte is -1, signals an exFCB
    27 00000001 ??????????          <1>     .reserved   db 5 dup (?)  
    28 00000006 ??                  <1>     .attribute  db ?  ;File attribute byte
    29 00000007 ??                  <1>     .driveNum   db ?  ;0 based drive number
    30 00000008 ????????????????    <1>     .filename   db 8 dup (?)
    31 00000010 ??????              <1>     .fileext    db 3 dup (?)
    32 00000013 ????                <1>     .curBlock   db 2 dup (?)  ;Current block number relative to 0
    33                              <1> ;One block consists of 128 records, of size denoted in the below
    34 00000015 ????                <1>     .recordSize db 2 dup (?)  ;Record size, default 80h
    35 00000017 ????????            <1>     .fileSize   db 4 dup (?)  ;File size, in bytes
    36 0000001B ????                <1>     .fileDate   db 2 dup (?)  ;Standard date format
    37 0000001D ????                <1>     .fileTime   db 2 dup (?)  ;Standard time format
    38                              <1>     ;----------------------------------------
    39                              <1>     ;Internal Records
    40 0000001F ??                  <1>     .sftNdx     db ?  ;Internal, SFT ndx number
    41 00000020 ??                  <1>     .fcbMode    db ?  ;Internal byte, to indicate format of special field
    42 00000021 ????????????        <1>     .special    db 6 dup (?)  ;For use with below internal structures
    43                              <1>     ;----------------------------------------
    44 00000027 ??                  <1>     .recordNum  db ?  ;Current record in block
    45 00000028 ????????            <1>     .randRecrd  db 4 dup (?)  ;Relative record number, relative to start of file
    46                              <1> endstruc
    47                              <1> 
    48                              <1> struc renameFcb
    49                              <1> ;Used for accessing the names and drive letter for renaming
    50                              <1> ;The fcb ptr must be pointing to the drivenumber even if the passed fcb was ext
    51 00000000 ??                  <1>     .driveNum   db ?
    52 00000001 ????????????????    <1>     .filename   db 8 dup (?)
    53 00000009 ??????              <1>     .fileext    db 3 dup (?)
    54 0000000C ????????            <1>     .reserved   db 4 dup (?)  ;Alignment bytes, cleared by AH=29h
    55 00000010 ??                  <1>     .resDrvNum  db ?  ;Always zero, used by AH=29h for the drive letter
    56 00000011 ????????????????    <1>     .newName    db 8 dup (?)
    57 00000019 ??????              <1>     .newExt     db 3 dup (?)
    58 0000001C ????????            <1>     .reserved2  db 4 dup (?)  ;Alignement bytes, cleared by AH=29h
    59                              <1> endstruc
    60                              <1> 
    61                              <1> ;FCBmode equates:
    62                              <1> ;Bit 7 = Set => Share loaded, Clear => Share not loaded
    63                              <1> ;Bit 6 = Set => Char device, Clear => Disk file
    64                              <1> ;Bits [5,0] = Low 6 bits of device attribute word 
    65                              <1> fcbShareOn  equ 80h
    66                              <1> fcbCharDev  equ 40h
    67                              <1> fcbLocal    equ 40h
    68                              <1> 
    69                              <1> ;Structures of the special 6 bytes
    70                              <1> 
    71                              <1> ;Used when share is NOT loaded (fcbMode = 0xxxxxxxb)
    72                              <1> struc noShare   
    73 00000000 ??                  <1>     .attribWord db ?  ;(lowbyte DevAttrWord && 0Ch) || open mode
    74 00000001 ????                <1>     .startClust db 2 dup (?)  ;Starting cluster of file (too small for FAT32)
    75 00000003 ????                <1>     .dirSect    db 2 dup (?)  ;Sector containing dir entry (too small for FAT32)
    76 00000005 ??                  <1>     .dirEntry   db ?  ;Number of 32 byte directory entry IN sector
    77                              <1> endstruc
    78                              <1> 
    79                              <1> ;Used when the volume is local and share is loaded (fcbMode = 11xxxxxxb)
    80                              <1> struc shareLocal    
    81 00000000 ????                <1>     .strtClust  db 2 dup (?)  ;Starting cluster on disk of file (too small for FAT32)
    82 00000002 ????                <1>     .shareSig   db 2 dup (?)  ;Share record number for this file (to find record)
    83 00000004 ????                <1>     .fileAttr   db 2 dup (?)  ;File attribute (accessed as a byte)
    84                              <1> endstruc
    85                              <1> 
    86                              <1> ;Used when the volume is remote and share is loaded (fcbMode = 10xxxxxxb)
    87                              <1> struc shareNet
    88                              <1> ;All three fields too small for FAT32
    89 00000000 ????                <1>     .dirSect    db 2 dup (?)  ;Sector number containing dir entry
    90 00000002 ????                <1>     .relClust   db 2 dup (?)  ;File relative cluster of last cluster accessed
    91 00000004 ????                <1>     .absClust   db 2 dup (?)  ;Disk relative cluster of last cluster accessed
    92                              <1> endstruc
     8                                  %include "./inc/dosStruc.inc"
     1                              <1> 
     2                              <1> ;-------------------------------------------------------;
     3                              <1> ; This include file contains miscellaneous internal     ;
     4                              <1> ; SCP/DOS structures.                                   ;
     5                              <1> ;-------------------------------------------------------;
     6                              <1> 
     7                              <1> ;File/path length equates.
     8                              <1> MAX_FNAME_FCB   equ 8
     9                              <1> MAX_EXT_FCB     equ 3
    10                              <1> MAX_NAME_FCB    equ MAX_FNAME_FCB + MAX_EXT_FCB
    11                              <1> MAX_NAME_FCBZ   equ MAX_NAME_FCB + 1    ;Space for a null terminator
    12                              <1> ;Values below include the null terminator.
    13                              <1> MAX_FILE    equ 13  ;Maximum length of a filename (includes dot)
    14                              <1> MAX_DRIVE   equ 3   ;Maximum length of a drive string (X:<NUL>)
    15                              <1> MAX_FSPEC   equ 64  ;Maximum length of a path to a file (filespec)
    16                              <1> MAX_PATH    equ 67  ;Maximum length of a fully qualified pathspec
    17                              <1> ;MAX_PATH is X:\<string, maxlen 63 chars>,<null> so 67 chars total.
    18                              <1> ;Use this symbol to check the length of a filename after qualification.
    19                              <1> MAX_PSPEC   equ MAX_PATH - MAX_FILE - 1 ;54 bytes
    20                              <1> ;MAX_PSPEC is the max length of a path with space for a filename!
    21                              <1> ;Remember, filenames for us are just a string of, at most, 13 characters,
    22                              <1> ; which we always resolve into FCB format. Buffers need to make space for
    23                              <1> ; both the dot and terminating null
    24                              <1> 
    25                              <1> ;Environment maximum
    26                              <1> ENV_MAX equ 7fffh
    27                              <1> 
    28                              <1> ;------------------------------------------------------------------------;
    29                              <1> ; Each mass storage device up to LASTDRIVE gets a DPB, describing 
    30                              <1> ; its file system structure. This is used to locate files and structures
    31                              <1> ; on the device itself and to translate file requests to cluster chains
    32                              <1> ; to LBAs to pass to the disk driver..
    33                              <1> ; The DPBs form a linked list, with each DPB formed after the devices 
    34                              <1> ; drivers Initialise routine has been called.
    35                              <1> ;------------------------------------------------------------------------;
    36                              <1> struc dpb        ;Drive Parameter Block
    37                              <1> 
    38 00000000 ??                  <1>     .bDriveNumber           db ?  ;Drive number (0=A, 1=B ...)
    39 00000001 ??                  <1>     .bUnitNumber            db ?  ;Unit number in device
    40 00000002 ????                <1>     .wBytesPerSector        dw ?  ;min 512, max 4096
    41 00000004 ??                  <1>     .bMaxSectorInCluster    db ?  ;(Maximum sector in cluster) - 1
    42 00000005 ??                  <1>     .bSecPerClustShift      db ?  ;Sectors per cluster exponent
    43 00000006 ????                <1>     .wFAToffset             dw ?  ;Number of reserved sectors in partition
    44 00000008 ??                  <1>     .bNumberOfFATs          db ?  ;Number of FATs
    45 00000009 ????                <1>     .wNumberRootDirEntries  dw ?  ;In 32 byte units, this is 0 for FAT32
    46 0000000B ????????            <1>     .dClusterHeapOffset     dd ?  ;Start sector of data area
    47 0000000F ????????            <1>     .dMaxClusterAddr        dd ?  ;Max Cluster Addr = # of data clusters + 1
    48 00000013 ????????            <1>     .dFATlength             dd ?  ;FAT length, in sectors
    49 00000017 ????????            <1>     .dFirstUnitOfRootDir    dd ?  
    50                              <1>     ;Unit=Sector/Cluster of Root Directory (FAT12/16 = Sector, FAT32 = Cluster)
    51 0000001B ????????????????    <1>     .qDriverHeaderPtr       dq ?  ;Pointer to device driver header
    52 00000023 ??                  <1>     .bMediaDescriptor       db ?  ;Media descriptor
    53 00000024 ??                  <1>     .bAccessFlag            db ?  ;Access Flag (0 if accessed, else -1)
    54 00000025 ????????????????    <1>     .qNextDPBPtr            dq ?  ;Pointer to next DPB, -1 if at end
    55 0000002D ????????            <1>     .dNextFreeClst          dd ?  ;Starting cluster of free space search
    56 00000031 ????????            <1>     .dFreeClustCnt          dd ?  ;Number of free clusters, -1 unknown
    57                              <1> 
    58                              <1> endstruc
    59                              <1> 
    60                              <1> fat12MaxClustCnt    equ 4085    ;Cluster count less than this is FAT12
    61                              <1> fat16MaxClustCnt    equ 65525   ;Cluster count less than this is FAT16
    62                              <1> ;------------------------------------------------------------------------;
    63                              <1> ; Each mass storage device up to LASTDRIVE has a CDS associated with it.
    64                              <1> ; All disk pathing requests go via the CDS for that drive.
    65                              <1> ; The default drive is the last accessed drive, this number is stored
    66                              <1> ; in the DOS data area.
    67                              <1> ; The CDS is stored as an array with the offset into the array being 
    68                              <1> ; given by the drive letter's offset into the alphabet (with A=0).
    69                              <1> ;
    70                              <1> ; DEFAULT LASTDRIVE=E, MINIMUM LASTDRIVE=B
    71                              <1> ;------------------------------------------------------------------------;
    72                              <1> struc cds       ;Current Directory structure
    73 00000000 <res 43h>           <1>     .sCurrentPath        db MAX_PATH dup (?)    ;Current Directory Path String
    74 00000043 ????                <1>     .wFlags              dw ?   ;CDS Flags - 
    75 00000045 ????????????????    <1>     .qDPBPtr             dq ?   ;Ptr to the DPB of the dev using this CDS
    76 0000004D ????????            <1>     .dStartCluster       dd ?   ;Starting cluster of the directory on disk
    77 00000051 ????????????????    <1>     .qIFSPtr             dq ?   ;Reserved for IFS driver expansions
    78 00000059 ????????            <1>     .dNetStore           dd ?   ;For storing a owner dword for IFS (21h/5F03h)
    79 0000005D ????                <1>     .wBackslashOffset    dw ?   ;How many chars to skip for getting the path
    80                              <1> ; currentPath (usually 2 to skip C: in C:\, but when SUBSTing a drive letter to 
    81                              <1> ; another, we save the number of chars to skip to that deep level).
    82                              <1> ; I.E. if we SUBST A:\DOS G: then this value for the CDS for drive G is 6
    83                              <1> ; Only affects for SUBST drives, not JOIN
    84                              <1> ; Flags: Bit 15 set = Network drive
    85                              <1> ;        Bit 14 set = Physical drive
    86                              <1> ;        Bit 13 set = JOIN'ed drive
    87                              <1> ;        Bit 12 set = SUBST'ed drive
    88                              <1> ;        Bit 7  set = Redirected, not net. drive (This is how MSCDEX worked)
    89                              <1> endstruc
    90                              <1> ;CDS equates
    91                              <1> cdsRedirDrive   equ 8000h   ;All drives which use the Redirector interface
    92                              <1> cdsValidDrive   equ 4000h   ;CDS valid
    93                              <1> cdsJoinDrive    equ 2000h   ;CDS for joined drives
    94                              <1> cdsSubstDrive   equ 1000h   ;Drives formed by Subst
    95                              <1> cdsRdirLocDrive equ 0080h   ;Redirector but Local
    96                              <1> ;------------------------------------------------------------------------;
    97                              <1> ; The SFT is a way to allow applications to open file handles to files 
    98                              <1> ; and devices. As things stand, the SFT chain will have 5 file handles
    99                              <1> ; under the first header, and then a second header will be linked to the 
   100                              <1> ; first one after CONFIG.SYS has been read, to allow for FILES= to specify
   101                              <1> ; a size for the second SFT (default 10 files). Same for System FCBs, 
   102                              <1> ; using the FCBS= command. Default FCBS=5.
   103                              <1> ;
   104                              <1> ; A file handle describes the file, and the location within the file that
   105                              <1> ; we are reading. The file handle can be manipulated without the file
   106                              <1> ; being in memory, thus allowing the user to access data without needing 
   107                              <1> ; to take up large portions of memory. Similarly, file handles allow for
   108                              <1> ; accessing devices, by treating them as files with their drivers 
   109                              <1> ; responding and translating the manipulations of the file handle itself.
   110                              <1> ; Neither the driver nor the application should see or use the SFT for
   111                              <1> ; the handle, as it is subject to change (and will change when file 
   112                              <1> ; sharing provisions are included). The DOS will make requests to the 
   113                              <1> ; driver in a generic way and the driver will respond, with DOS keeping
   114                              <1> ; track of the information in the SFT entry for that handle. 
   115                              <1> ;
   116                              <1> ; One SFT entry can have multiple handles and multiple SFT entries
   117                              <1> ; can point to the same file. It all depends on what the applications 
   118                              <1> ; want to do with the File.
   119                              <1> ;
   120                              <1> ; !!!!IMPORTANT!!!!
   121                              <1> ; Currently there are plans for File Sharing, but I include minimal 
   122                              <1> ; provisions for it. I really just wanna get a DOS out the door.
   123                              <1> ;
   124                              <1> ;Each SFT may look like this:
   125                              <1> ;sysvars-->sfth------------>sfth------------>|ENDOFLIST|
   126                              <1> ;            |                |
   127                              <1> ;       wNumFiles*sft    wNumFiles*sft
   128                              <1> ;
   129                              <1> ; Two SFT chains are built; one for files, and a one for so called 
   130                              <1> ; System FCBs.
   131                              <1> ;
   132                              <1> ; Each SFT header has an array of SFT's below it, with the number of 
   133                              <1> ; SFTs given by wNumFiles. The SFT headers form a linked list.
   134                              <1> ;
   135                              <1> ; DEFAULT FILES=8, MINIMUM FILES=5
   136                              <1> ; DEFAULT FCBS=5,  MINIMUM FCBS=5
   137                              <1> ;------------------------------------------------------------------------;
   138                              <1> struc sfth   ;System file table header
   139                              <1> ; This is the SFT header.
   140                              <1> ; This structure comes before the start of the first file in the array/table.
   141 00000000 ????????????????    <1>     .qNextSFTPtr dq ?    ;Pointer to the next SFT
   142 00000008 ????                <1>     .wNumFiles   dw ?    ;Number of files in this table
   143                              <1> endstruc
   144                              <1> 
   145                              <1> struc sft
   146                              <1> ;This is the file struc itself
   147 00000000 ????                <1>     .wNumHandles dw ?    ;Number of handles pointing to this file
   148 00000002 ????                <1>     .wOpenMode   dw ?    ;File access permissions and behaviours
   149 00000004 ??                  <1>     .bFileAttrib db ?    ;Regular File Attributes
   150 00000005 ????                <1>     .wDeviceInfo dw ?    ;Includes unit number if a block device
   151 00000007 ????????????????    <1>     .qPtr        dq ?    ;IF char, ptr to device driver header, ELSE DPBptr
   152 0000000F ????????            <1>     .dStartClust dd ?    ;Start cluster of file pointed to by SFT entry
   153                              <1> .dTimeDate:              ;Symbol to access time/date together
   154 00000013 ????                <1>     .wTime       dw ?    ;File Time, updated on open and writes
   155 00000015 ????                <1>     .wDate       dw ?    ;File Date, updated on open and writes
   156 00000017 ????????            <1>     .dFileSize   dd ?    ;File Size, in bytes
   157 0000001B ????????            <1>     .dCurntOff   dd ?    ;Current Offset pointed to by SFT entry, in bytes
   158 0000001F ????????            <1>     .dRelClust   dd ?    ;File relative cluster pointed to by SFT entry
   159 00000023 ????????            <1>     .dAbsClust   dd ?    ;Absolute disk cluster pointed to by SFT entry
   160 00000027 ????????????????    <1>     .qDirSect    dq ?    ;Abs number of sector containing directory entry 
   161 0000002F ??                  <1>     .bNumDirEnt  db ?    ;Directory entry within dir sector (byte offset/32)
   162 00000030 <res Bh>            <1>     .sFileName   db 11 dup (?)   ;8.3 Filename
   163                              <1> ;                       Share Vars
   164 0000003B ????????????????    <1>     .pNextSFT   dq ?    ;Ptr to the next SFT for this file in the chain
   165 00000043 ????????            <1>     .dMID       dd ?    ;Machine ID of the machine (VM) that opened this file
   166 00000047 ????????????????    <1>     .qPID       dq ?    ;Proc ID (PSP) of the program which opened this file
   167 0000004F ????????????????    <1>     .pMFT       dq ?    ;Pointer to the MFT for this file. 0 means no MFT
   168                              <1> endstruc
   169                              <1> ;Open Mode equates
   170                              <1> ;Access modes   Bits[2:0]
   171                              <1> openRdAcc   equ 0h
   172                              <1> openWrAcc   equ 1h
   173                              <1> openRWAcc   equ 2h
   174                              <1> ;Bit 3 reserved 0
   175                              <1> ;Sharing modes  Bits[6:4]
   176                              <1> openCompat      equ 0h  ;Deny all, compatibility mode
   177                              <1> openDenRWShr    equ 10h ;Deny all, explicity read/write
   178                              <1> openDenWrShr    equ 20h ;Deny writes
   179                              <1> openDenRdShr    equ 30h ;Deny reads
   180                              <1> openDenNoShr    equ 40h ;Don't deny anything!
   181                              <1> ;NetFCB is for files open by a local server, handling IO from a remote
   182                              <1> ; client by proxy opened by an FCB! Sets the Net bit to indicate this. 
   183                              <1> ;Thus, this is a handle with no JFT entry! Server handles its own JFT!
   184                              <1> openNetFCBShr   equ 70h
   185                              <1> openNoInherit   equ 80h
   186                              <1> 
   187                              <1> ;Bits 8-12 reserved 0
   188                              <1> ;The next two are extended open mode bits! 
   189                              <1> ;Can be set
   190                              <1> openFailOnI24   equ 2000h   ;If set, automatically FAIL all Int 24h
   191                              <1> openFlushWrites equ 4000h   ;If set, commit after each write call.
   192                              <1> ;SFT-FCBs mark that the SFT is indeed an FCB on the System FCB chain.
   193                              <1> ;These would only come into effect due to SHARE. We are yet to implement 
   194                              <1> ; them
   195                              <1> openSFTFCB      equ 8000h   ;If set, file is SFT-FCB.
   196                              <1> 
   197                              <1> ;Attribute Byte
   198                              <1> attrFileRO          equ 1h
   199                              <1> attrFileHidden      equ 2h
   200                              <1> attrFileSys         equ 4h
   201                              <1> attrFileVolLbl      equ 8h
   202                              <1> attrFileDir         equ 10h ;Directory entry
   203                              <1> attrFileArchive     equ 20h
   204                              <1> attrFileChar        equ 40h ;Reserved, never found in dir
   205                              <1> 
   206                              <1> ;Device Info word equates
   207                              <1> ;For a block device, bits [5:0] contain the drive number
   208                              <1> devCharConIn    equ 1h  ;If set, device is CON input
   209                              <1> devCharConOut   equ 2h  ;If set, device is CON output
   210                              <1> devCharNulDev   equ 4h  ;If set, device is NULL device
   211                              <1> devCharClkDev   equ 8h  ;If set, device is CLOCK device
   212                              <1> 
   213                              <1> devCharFastOut  equ 10h ;If set, device supports INT 29h
   214                              <1> devCharBinary   equ 20h ;If set, r/w char device in Binary mode
   215                              <1> devCharNotEOF   equ 40h ;If set, device not yet at end of file
   216                              <1> devDiskNoFlush  equ 40h ;Set if file is synchronised with hard store!
   217                              <1> devCharDev      equ 80h ;If set, it is a char device!
   218                              <1> 
   219                              <1> devDiskI24onFull    equ 100h    ;If set, Int 24h on disk full or disk EOF
   220                              <1> devCharNetSpool equ 800h    ;If set, device is a network spooler
   221                              <1> 
   222                              <1> devNoInherit    equ 1000h   ;If set, handle not inherited by child processes
   223                              <1> devCharNamePipe equ 2000h   ;If set, device is a named pipe
   224                              <1> devDiskNoDTonClose equ 4000h   ;If set, dont update date and time when closing
   225                              <1> devRedir        equ 8000h   ;If set, dev/file is redirected!
   226                              <1> 
   227                              <1> ;Extended open flags. For the var [wEOFlags]
   228                              <1> ;These are not related to the SFT but are used during an extended open
   229                              <1> ; call to keep track of whats going on and thus help build an SFT.
   230                              <1> eoInExtOpen     equ 0001h   ;Doing Extended Open
   231                              <1> eoFailI24       equ 0002h   ;If EO file hard fails, skip and fail Int 24h
   232                              <1> eoFileNoExist   equ 0004h   ;File doesnt exist
   233                              <1> 
   234                              <1> ;Can combine the third option with one of the first two options.
   235                              <1> ;The first two options cannot be combined.
   236                              <1> ; - If only create is selected, then we try to do a create new. If the 
   237                              <1> ;       file exists, this fails with a "File exists" error.
   238                              <1> ;       Acts like a normal create new call. (21/5Bh)
   239                              <1> ;
   240                              <1> ; - If only open is selected then we try to do an open. If the file doesn't
   241                              <1> ;       doesn't exist, this fails with a "File not found" error.
   242                              <1> ;       Acts like a normal open call. (21/3Dh)
   243                              <1> ;
   244                              <1> ; - If only truncate is selected then we try to do a create. If the file
   245                              <1> ;       doesn't exist, this fails a "File not found" error.
   246                              <1> ;       New behaviour.
   247                              <1> ;
   248                              <1> ; - If open and create are selected then we try and open the file. If 
   249                              <1> ;       the open fails due to the file not existing, we create a new file. 
   250                              <1> ;       New behaviour.
   251                              <1> ;
   252                              <1> ; - If truncate and create are selected then we try to truncate the file. 
   253                              <1> ;       If the file doesnt exist then we create a new file instead.
   254                              <1> ;       Acts like a normal create call. (21/3Ch)
   255                              <1> 
   256                              <1> eoActOpen       equ 01h ;Open the file. 
   257                              <1> eoActTruncate   equ 02h ;Truncate an existing file.
   258                              <1> eoActCreate     equ 10h ;Create a file if one doesnt exist.
   259                              <1> ;Extended Open Action Return 
   260                              <1> eoRetActOpen    equ 1   ;Open existing
   261                              <1> eoRetActCreate  equ 2   ;Create new and open
   262                              <1> eoRetActTruncate    equ 3    ;Recreate and open
   263                              <1> ;------------------------------------------------------------------------;
   264                              <1> ; Buffers allow for buffered drive IO, by first transferring a sector 
   265                              <1> ; to an internal buffer, and then copying it to the specified location
   266                              <1> ; in memory. The buffer is kept in the buffer chain,  in the event that 
   267                              <1> ; another request for the same sector from the same device is made, so 
   268                              <1> ; that is can be read from the device directly. Buffers are uniform in 
   269                              <1> ; size, selected according to the largest detected sector size during 
   270                              <1> ; the initial loadup.
   271                              <1> ;
   272                              <1> ; The buffer pointer in SysVars points to most recently used Buffer
   273                              <1> ;
   274                              <1> ; DEFAULT BUFFERS=30, MINIMUM BUFFERS=2
   275                              <1> ;------------------------------------------------------------------------;
   276                              <1> 
   277                              <1> struc bufferHdr
   278 00000000 ????????????????    <1>     .nextBufPtr  dq  ?   ;Pointer to the next buffer in the chain or -1 at end
   279                              <1>     .wDrvNumFlg:         ;Read as a word to get the following two bytes!
   280 00000008 ??                  <1>     .driveNumber db  ?   ;Drive number the buffer is used for (or -1 for free)
   281 00000009 ??                  <1>     .bufferFlags db  ?   ;Standard Flags
   282 0000000A ????????????????    <1>     .bufferLBA   dq  ?   ;LBA the buffer contains
   283 00000012 ??                  <1>     .bufFATcopy  db  ?   ;Number of copies of the FAT to write (1 if non-FAT)
   284 00000013 ????????            <1>     .bufFATsize  dd  ?   ;Number of sectors per FAT (or 0 if non-FAT)
   285 00000017 ????????????????    <1>     .driveDPBPtr dq  ?   ;Pointer to the device DPB block
   286 0000001F ??                  <1>     .reserved    db  ?   ;Alignment byte
   287                              <1>     .dataarea:             ;Points to the start of the data area
   288                              <1> endstruc
   289                              <1> ;Buffer Flag equates
   290                              <1> dosBuffer   equ 1h  ;Sector 0 (BPB/VPB) in buffer
   291                              <1> fatBuffer   equ 2h  ;FAT sector in buffer
   292                              <1> dirBuffer   equ 4h  ;Directory sector in buffer
   293                              <1> dataBuffer  equ 8h  ;File Data sector in buffer
   294                              <1> refBuffer   equ 20h ;Data in buffer has been referenced by an application
   295                              <1> dirtyBuffer equ 40h ;Data in buffer modified by an application
   296                              <1> freeBuffer  equ 00FFh   ;A word which goes into the drive number to clear both fields
   297                              <1> freeDrv     equ 0FFh    ;Same as above, just without modifying flags
   298                              <1> ;Note! A buffer is marked as referenced when the buffer is "obtained" by a syscall
   299                              <1> ;------------------------------------------------------------------------;
   300                              <1> ; Memory control block for each memory arena
   301                              <1> ;------------------------------------------------------------------------;
   302                              <1> struc mcb
   303 00000000 ??                  <1>     .marker     db ?  ;M = Member of the MCB chain. Z = Last member
   304 00000001 ????????????????    <1>     .owner      dq ?  ;Owning application PSP (para aligned) or 0 for free
   305 00000009 ????????            <1>     .blockSize  dd ?  ;Number of contiguous paragraphs owned by this block
   306                              <1>     ;The following byte is reserved outside of sysinit
   307 0000000D ??                  <1>     .subSysMark db ?  ;Marks the optional DOS subsystem of the MCB
   308 0000000E ????                <1>     .reserved   db 2 dup (?) 
   309                              <1>     .program:
   310                              <1> endstruc
   311                              <1> ;MCB equates
   312                              <1> mcbOwnerHole    equ 7   ;Owner = 7 => Memory hole, always fail free/realloc
   313                              <1> mcbOwnerFree    equ 0   ;Owner = 0 => Free and available space
   314                              <1> mcbOwnerDOS     equ 8   ;Owner = 8 => Owned by DOS
   315                              <1> mcbOwnerNewDOS  equ 9   ;Owner = 9 => New Kernel driver alloc. Needs setting to 8.
   316                              <1> mcbMarkCtn      equ "M"
   317                              <1> mcbMarkEnd      equ "Z"
   318                              <1> ;The following are used on MCB's that belong to DOS, that are not part of the
   319                              <1> ; main kernel (i.e. the CONFIG.SYS optional parts).
   320                              <1> mcbSubDriver    equ "D" ;Any memory allocated for a device driver's code.
   321                              <1> mcbSubDrvExtra  equ "L" ;Any memory allocated by a device driver.
   322                              <1> mcbSubDrvDPB    equ "P" ;Blocks used for DPB's are marked so.
   323                              <1> mcbSubIFS       equ "I" ;Unused for now
   324                              <1> mcbSubFiles     equ "F" ;Any memory allocated for Files.
   325                              <1> mcbSubFCBS      equ "X" ;Unused for now
   326                              <1> mcbSubBuffers   equ "B" ;Any memory allocated for Buffers.
   327                              <1> mcbSubCDS       equ "L" ;Any memory allocated to store a CDS.
   328                              <1> mcbSubStacks    equ "S" ;Unused for now
   329                              <1> mcbSubEnv       equ "E" ;Denotes an opaque environment copy produced by DOS
   330                              <1> 
   331                              <1> 
   332                              <1> memFirstFit     equ 0   ;First free block goes to application
   333                              <1> memBestFit      equ 1   ;Block whos size closest matches requirement
   334                              <1> memLastFit      equ 2   ;Last free block goes to application
   335                              <1> 
   336                              <1> ;Owner = Para aligned address => Owning application PSP
   337                              <1> ;...To consider...
   338                              <1> ;Owner = Non-para aligned address => Error? Should maybe lock up system?
   339                              <1> ;blockSize counts the number of paragraphs FROM .program TO THE NEXT MCB!
   340                              <1> ;------------------------------------------------------------------------;
   341                              <1> ; For Int 21h, the callers registers are saved on their stack in the 
   342                              <1> ; following order, thus allowing for return values to be placed in the 
   343                              <1> ; registers by accessing the caller register stack frame.
   344                              <1> ;------------------------------------------------------------------------;
   345                              <1> struc callerFrame
   346 00000000 ????????????????    <1>     .rax    dq ?  ;Bottom of frame, pointer to rax saved in oldRSP
   347 00000008 ????????????????    <1>     .rbx    dq ?    
   348 00000010 ????????????????    <1>     .rcx    dq ?
   349 00000018 ????????????????    <1>     .rdx    dq ?
   350 00000020 ????????????????    <1>     .rsi    dq ?
   351 00000028 ????????????????    <1>     .rdi    dq ?
   352 00000030 ????????????????    <1>     .rbp    dq ?
   353 00000038 ????????????????    <1>     .r8     dq ?  ;To be removed if truly not needed
   354 00000040 ????????????????    <1>     .r9     dq ?
   355                              <1> ;Pushed by Processor when invoked via Interrupt
   356 00000048 ????????????????    <1>     .rip    dq ?
   357 00000050 ????????????????    <1>     .cs     dq ?
   358 00000058 ????????????????    <1>     .flags  dq ?
   359                              <1> endstruc
   360                              <1> 
   361                              <1> struc dpl
   362                              <1> ;DOS parameter list, pointer to this stack is passed to DOS in rdx on
   363                              <1> ; server calls
   364 00000000 ????????????????    <1>     .rax    dq ?
   365 00000008 ????????????????    <1>     .rbx    dq ?
   366 00000010 ????????????????    <1>     .rcx    dq ?
   367 00000018 ????????????????    <1>     .rdx    dq ?
   368 00000020 ????????????????    <1>     .rsi    dq ?
   369 00000028 ????????????????    <1>     .rdi    dq ?
   370 00000030 ????????????????    <1>     .r8     dq ?
   371 00000038 ????????????????    <1>     .r9     dq ?
   372 00000040 ????????????????    <1>     .align  dq ?
   373 00000048 ????????????????    <1>     .dMID   dq ?  ;Machine id, low dword used only
   374 00000050 ????????????????    <1>     .qPID   dq ?  ;Process ID
   375                              <1> endstruc
   376                              <1> 
   377                              <1> struc cfgFrame  ;Frame used for config.sys parsing
   378 00000000 ????????????????    <1>     .oldRBP         dq ?    ;Ptr to DOSSEG
   379 00000008 ????????????????    <1>     .newBuffers     dq ?    ;New buffers value
   380 00000010 ????????????????    <1>     .newSFTVal      dq ?
   381 00000018 ????????????????    <1>     .newFCBSVal     dq ?
   382 00000020 ????????????????    <1>     .newProtFCBSVal dq ?    ;Number of protected FCBS
   383 00000028 ????????????????    <1>     .newLastdrive   dq ?
   384 00000030 ????????????????    <1>     .newStacks      dq ?    ;Ignored for now
   385 00000038 ????????????????    <1>     .newStackSize   dq ?    ;Ignored for now
   386 00000040 ????????????????    <1>     .cfgHandle      dq ?    ;CONFIG.SYS handle
   387 00000048 ????????????????    <1>     .lastLine       dq ?    ;Set if the last line is current
   388 00000050 ????????????????    <1>     .linePtr        dq ?    ;Ptr to line buffer of line being processed
   389 00000058 ????????????????    <1>     .driverBreak    dq ?    ;Ptr to the pathname terminator 
   390 00000060 ????????????????    <1>     .breakChar      dq ?    ;Char that was replaced by null for terminator
   391                              <1> endstruc
   392                              <1> 
   393                              <1> struc filename
   394                              <1> ;8.3 File name struct
   395 00000000 ????????????????    <1>     .fName  db 8 dup (?)
   396 00000008 ??????              <1>     .fExt   db 3 dup (?)
   397                              <1> endstruc
   398                              <1> 
   399                              <1> struc ffBlock   ;The structure of the Find First structure at the DTA
   400 00000000 ??                  <1>     .driveNum   db ?  ;Drive we are searching on, 1 based number
   401 00000001 <res Bh>            <1>     .template   db 11 dup (?) ;Search template (? meaning anything)
   402 0000000C ??                  <1>     .attrib     db ?  ;Search attribute
   403 0000000D ????????            <1>     .dirOffset  dd ?  ;32 byte entry within dir cluster
   404 00000011 ????????            <1>     .parDirClus dd ?  ;Parent Directory Cluster number
   405 00000015 ??                  <1>     .attribFnd  db ?  ;Attrib of file found
   406 00000016 ????                <1>     .fileTime   dw ?  ;File time
   407 00000018 ????                <1>     .fileDate   dw ?  ;File date
   408 0000001A ????????            <1>     .fileSize   dd ?  ;Number of bytes
   409 0000001E <res Dh>            <1>     .asciizName db 13 dup (?) ;ASCIIZ name with dot and terminating nul
   410                              <1> endstruc
   411                              <1> 
   412                              <1> dfltJFTsize equ 20  ;Default size of PSP JFT
   413                              <1> struc psp
   414 00000000 ????                <1>     .return     db 2 dup (?)  ;Should always be CDh 20h, same place as DOS
   415 00000002 ????????            <1>     .allocSize  dd ?  ;Number of paras in init alloc or when exiting as TSR.
   416 00000006 ????????            <1>                 dd ?  ;Reserved 4 bytes
   417 0000000A ????????????????    <1>     .oldInt22h  dq ?  ;Int 22h pointer on overlay load
   418 00000012 ????????????????    <1>     .oldInt23h  dq ?  ;Int 23h pointer on overlay load
   419 0000001A ????????????????    <1>     .oldInt24h  dq ?  ;Int 24h pointer on overlay load
   420 00000022 ????????????????    <1>     .parentPtr  dq ?  ;Pointer to parent process PSP
   421                              <1> ;If jftSize > 20, then the QWORD at .jobFileTbl becomes a pointer
   422                              <1> ; to the actual in use JFT and the other 12 bytes are left undefined.
   423                              <1> ;If jftSize < 20 (DOS will never set it so), then it is considered as 20
   424                              <1> ;If the user tries to reduce handle count to 20 or less, then the PSP JFT is 
   425                              <1> ; always used and jftSize.
   426                              <1>     .externalJFTPtr:    ;Ptr to external JFT array (first byte AFTER MCB)
   427 0000002A <res 14h>           <1>     .jobFileTbl db dfltJFTsize dup (?) ;Main File handle array, JFT
   428 0000003E ????????????????    <1>     .envPtr     dq ?  ;Pointer to the environment
   429 00000046 ????????????????    <1>     .rspPtr     dq ?  ;Pointer to rsp on entry to Int 21h
   430 0000004E ????                <1>     .jftSize    dw ?  ;JFT array size, 20 => PSP JFT in use
   431 00000050 ??????              <1>     .unixEntry  db 3 dup (?)  ;Must always be CDh 21h CBh, same place as DOS
   432 00000053 ????????????????    <1>     .prevPSP    dq ?  ;Pointer to the previous PSP in chain (used by SHARE)
   433 0000005B ??                  <1>                 db ?  ;Reserved byte
   434                              <1> ;The below are in the same place as in DOS.
   435                              <1>     .cmdLineArgPtr: ;Symbol for future use
   436 0000005C <res 10h>           <1>     .fcb1       db 16 dup (?)  ;First FCB 
   437 0000006C <res 14h>           <1>     .fcb2       db 20 dup (?)  ;Second FCB
   438                              <1>     .dta:   ;Pointer to the default DTA in the PSP
   439 00000080 ??                  <1>     .parmList   db ?   ;Number of characters in command tail
   440 00000081 <res 7Fh>           <1>     .progTail   db 127 dup (?) ;Default DTA/Program tail
   441                              <1> endstruc
   442                              <1> 
   443                              <1> struc launchParams
   444                              <1> ;Similar to 21h/6101h but instead copied into the user's space.
   445 00000000 <res 10h>           <1>     .sFcb1      db 16 dup (?)  ;First FCB
   446 00000010 <res 14h>           <1>     .sFcb2      db 20 dup (?)  ;Second FCB
   447 00000024 ??                  <1>     .bLen       db ?    ;Length of string below
   448                              <1>     .sCmdLine:          ;Pointer to the CR terminated command line
   449                              <1> endstruc
   450                              <1> 
   451                              <1> struc clkStruc
   452 00000000 ????                <1>     .dateWord   dw ?
   453 00000002 ??                  <1>     .minutes    db ?
   454 00000003 ??                  <1>     .hours      db ?
   455 00000004 ??                  <1>     .hseconds   db ?  ;Hundreths of seconds
   456 00000005 ??                  <1>     .seconds    db ?
   457                              <1> endstruc
   458                              <1> 
   459                              <1> 
   460                              <1> struc extCtryStruc
   461 00000000 ??                  <1>     .infoIDCode db ?    ;Information ID code (01h)
   462 00000001 ????                <1>     .strucSize  dw ?    ;Length of the structure  (42 or less)
   463 00000003 ????                <1>     .ctryID     dw ?    ;Country ID number
   464 00000005 ????                <1>     .cpNumber   dw ?    ;Code page number
   465 00000007 ????                <1>     .dtfmt      dw ?    ;Date time format (2 bytes)
   466                              <1>                         ;0 = month day year hh:mm:ss
   467                              <1>                         ;1 = day month year hh:mm:ss
   468                              <1>                         ;2 = year month day hh:mm:ss
   469 00000009 ??????????          <1>     .curr       db 5 dup (?)   ;ASCIIZ Currency symbol (5 chars)
   470 0000000E ????                <1>     .thouSep    db 2 dup (?)   ;ASCIIZ Thousands separator
   471 00000010 ????                <1>     .dcmlSep    db 2 dup (?)   ;ASCIIZ Decimal separator
   472 00000012 ????                <1>     .dateSep    db 2 dup (?)   ;ASCIIZ Date separator
   473 00000014 ????                <1>     .timeSep    db 2 dup (?)   ;ASCIIZ Time separator
   474 00000016 ??                  <1>     .currFmt    db ?    ;Currency Format
   475                              <1>                         ;0 = Symbol leads, without space
   476                              <1>                         ;1 = Symbol follows, without space
   477                              <1>                         ;2 = Symbol leads, one space
   478                              <1>                         ;3 = Symbol follows, one space
   479                              <1>                         ;4 = Symbol replace decimal separator
   480 00000017 ??                  <1>     .digtdpt    db ?    ;Number of digits after the decimal point
   481 00000018 ??                  <1>     .timefmt    db ?    ;Time format, Bit 0 = 0 => 12 hour, = 1 => 24 hour clock
   482 00000019 ????????????????    <1>     .mapptr     db 8 dup (?)  ;Case map address (0 is nulptr), needs fixing up
   483 00000021 ????                <1>     .dataSep    db 2 dup (?)  ;Data list separator
   484 00000023 <res Ah>            <1>     .resv       db 10 dup (?) ;Reserve 10 bytes
   485                              <1> endstruc
   486                              <1> 
   487                              <1> struc countryStruc
   488 00000000 ????                <1>     .dtfmt      dw ?    ;Date time format (2 bytes)
   489                              <1>                         ;0 = month day year hh:mm:ss
   490                              <1>                         ;1 = day month year hh:mm:ss
   491                              <1>                         ;2 = year month day hh:mm:ss
   492 00000002 ??????????          <1>     .curr       db 5 dup (?)   ;ASCIIZ Currency symbol (5 chars)
   493 00000007 ????                <1>     .thouSep    db 2 dup (?)   ;ASCIIZ Thousands separator
   494 00000009 ????                <1>     .dcmlSep    db 2 dup (?)   ;ASCIIZ Decimal separator
   495 0000000B ????                <1>     .dateSep    db 2 dup (?)   ;ASCIIZ Date separator
   496 0000000D ????                <1>     .timeSep    db 2 dup (?)   ;ASCIIZ Time separator
   497 0000000F ??                  <1>     .currFmt    db ?    ;Currency Format
   498                              <1>                         ;0 = Symbol leads, without space
   499                              <1>                         ;1 = Symbol follows, without space
   500                              <1>                         ;2 = Symbol leads, one space
   501                              <1>                         ;3 = Symbol follows, one space
   502                              <1>                         ;4 = Symbol replace decimal separator
   503 00000010 ??                  <1>     .digtdpt    db ?    ;Number of digits after the decimal point
   504 00000011 ??                  <1>     .timefmt    db ?    ;Time format, Bit 0 = 0 => 12 hour, = 1 => 24 hour clock
   505 00000012 ????????????????    <1>     .mapptr     db 8 dup (?)  ;Case map address (0 is nulptr), needs fixing up
   506 0000001A ????                <1>     .dataSep    db 2 dup (?)  ;Data list separator
   507 0000001C <res Ah>            <1>     .resv       db 10 dup (?) ;Reserve 10 bytes
   508                              <1> endstruc
   509                              <1> 
   510                              <1> ;Critical Error AH bitfield equates
   511                              <1> critRead    equ 0h
   512                              <1> critWrite   equ 1h
   513                              <1> critDOS     equ 0h
   514                              <1> critFAT     equ 2h
   515                              <1> critDir     equ 4h
   516                              <1> critData    equ 6h
   517                              <1> critFailOK  equ 8h
   518                              <1> critRetryOK equ 10h
   519                              <1> critIgnorOK equ 20h
   520                              <1> critCharDev equ 80h
   521                              <1> 
   522                              <1> critIgnore  equ 0
   523                              <1> critRetry   equ 1
   524                              <1> critAbort   equ 2
   525                              <1> critFail    equ 3
   526                              <1> 
   527                              <1> ;MISC ASCII control chars
   528                              <1> NUL equ 00h ;^@         | ASCII Null
   529                              <1> ETX equ 03h ;^C         | ASCII Break (End of Text) 
   530                              <1> ACK equ 06h ;^F         | ASCII Acknowledgement
   531                              <1> BEL equ 07h ;^G         | ASCII Bell
   532                              <1> BSP equ 08h ;^H         | ASCII Backspace
   533                              <1> TAB equ 09h ;^I         | ASCII Horizontal Tab
   534                              <1> LF  equ 0Ah ;^J         | ASCII Line Feed
   535                              <1> CR  equ 0Dh ;^M         | ASCII Carriage Return
   536                              <1> DLE equ 10h ;^P         | ASCII Data Link End (Toggle Print Echo)
   537                              <1> DC3 equ 13h ;^S         | ASCII Device Control 3 (Toggle Scroll Lock)
   538                              <1> DC4 equ 14h ;^T         | ASCII Device Control 4
   539                              <1> NAK equ 15h ;^U         | ASCII Negative Acknowledgement
   540                              <1> ETB equ 17h ;^W         | ASCII End of Transmission Block
   541                              <1> EOF equ 1Ah ;^Z         | ASCII Substitute character (End of File)
   542                              <1> ESC equ 1Bh ;           | ASCII Escape char, used for ANSI.SYS
   543                              <1> SPC equ 20h ;Printable  | ASCII Space
   544                              <1> ;This last one is NEVER printed with a caret as it is a console control char
   545                              <1> DEL equ 7Fh ;^?         | ASCII Rubout (Del char and dec cursor)
   546                              <1> 
   547                              <1> asciiCaret  equ 20h ;Used to check which chars need to be printed with caret
   548                              <1> ;Extended Ascii Codes
   549                              <1> eF1     equ 3Bh ;F1 second byte
   550                              <1> eF2     equ 3Ch ;F2 second byte
   551                              <1> eF3     equ 3Dh ;F3 second byte
   552                              <1> eF4     equ 3Eh ;F4 second byte
   553                              <1> eF5     equ 3Fh ;F5 second byte
   554                              <1> eF6     equ 40h ;F6 second byte
   555                              <1> eF7     equ 41h ;F7 second byte
   556                              <1> eCursL  equ 4Bh ;Cursor Left second byte
   557                              <1> eCursR  equ 4Dh ;Cursor Right second byte
   558                              <1> eIns    equ 52h ;Insert second byte
   559                              <1> eDel    equ 53h ;DEL second byte (not necessarily delete key)
   560                              <1> 
   561                              <1> ;Default Configuration for the system
   562                              <1> 
   563                              <1> buffersDefault  equ 30
   564                              <1> filesDefault    equ 20
   565                              <1> fcbsDefault     equ 4
   566                              <1> safeFcbsDeflt   equ 0
   567                              <1> lastDriveDeflt  equ 5   
   568                              <1> 
   569                              <1> ;ASCII char property table equates. If such a bit is clear in signature in table
   570                              <1> ; then the char has this property.
   571                              <1> badChar     equ 1   ;Bad ASCIIZ filename char
   572                              <1> termChar    equ 2   ;Terminator char type
   573                              <1> sepChar     equ 4   ;Separator char type
   574                              <1> badFCBChar  equ 8   ;FCB filename char
   575                              <1> 
   576                              <1> ;Nice STDIO equates
   577                              <1> STDIN   equ 0
   578                              <1> STDOUT  equ 1
   579                              <1> STDERR  equ 2
   580                              <1> STDAUX  equ 3
   581                              <1> STDPRN  equ 4
     9                                  %include "./inc/dosError.inc"
     1                              <1> ;DOS Error codes
     2                              <1> ;Where new codes are needed, we base them on Windows error codes
     3                              <1> ;----------------------------------------------
     4                              <1> ;             Extended Error Codes
     5                              <1> ;----------------------------------------------
     6                              <1> errInvFnc   equ 1   ;Invalid function number
     7                              <1> errFnf      equ 2   ;File not found
     8                              <1> errPnf      equ 3   ;Path not found
     9                              <1> errNhl      equ 4   ;Too many open handles, no handles left
    10                              <1> errAccDen   equ 5   ;Access denied (to resource)
    11                              <1> errBadHdl   equ 6   ;Invalid handle
    12                              <1> errMCBbad   equ 7   ;MCB's destroyed
    13                              <1> errNoMem    equ 8   ;Insufficient memory
    14                              <1> errMemAddr  equ 9   ;Invalid Memory Block Address
    15                              <1> errBadEnv   equ 10  ;Invalid environment
    16                              <1> errBadFmt   equ 11  ;Invalid format (path etc)
    17                              <1> errAccCde   equ 12  ;Invalid Access Code (bad file share mode or attribute)
    18                              <1> errInvDat   equ 13  ;Invalid data
    19                              <1> ;           equ 14  ;Reserved
    20                              <1> errBadDrv   equ 15  ;Invalid drive specified
    21                              <1> errDelCD    equ 16  ;Attempt to delete the current directory
    22                              <1> errDevUnk   equ 17  ;Not the same device (Device Unknown)
    23                              <1> errNoFil    equ 18  ;No more files, no match found
    24                              <1> ;The following are Driver error codes + 19
    25                              <1> drvErrShft  equ 19  ;Used to shift Driver error codes to extended error codes
    26                              <1> errWpd      equ 19  ;Attempt to write on write protected disk
    27                              <1> errUnkUnt   equ 20  ;Unknown Unit
    28                              <1> errDrvNR    equ 21  ;Drive not ready
    29                              <1> errUnkCmd   equ 22  ;Unknown Command
    30                              <1> errCRCerr   equ 23  ;Data (CRC) error
    31                              <1> errBadRLn   equ 24  ;Bad request structure length
    32                              <1> errSekErr   equ 25  ;Seek error
    33                              <1> errUnkMed   equ 26  ;Unknown media type
    34                              <1> errSecNF    equ 27  ;Sector not Found
    35                              <1> errNoPap    equ 28  ;Printer out of paper
    36                              <1> errWF       equ 29  ;Write fault
    37                              <1> errRF       equ 30  ;Read fault
    38                              <1> errGF       equ 31  ;General fault
    39                              <1> ;~~~~~~~~~~~~~~~~~~~~~~~~~~~~~~~~~~~~~~~~~~~~~~
    40                              <1> ;The following two go inbetween the reserved disk errors
    41                              <1> errShrVio   equ 32  ;Sharing violations
    42                              <1> errLokVio   equ 33  ;File Lock violation
    43                              <1> ;~~~~~~~~~~~~~~~~~~~~~~~~~~~~~~~~~~~~~~~~~~~~~~
    44                              <1> errIDC      equ 34  ;Driver code, Invalid Disk Change, settable by share
    45                              <1> errNoFCB    equ 35  ;FCB unavailable
    46                              <1> errShrFul   equ 36  ;Sharing buffer full
    47                              <1> ;The next two errors occur because an redir handle has the bit set to do this.
    48                              <1> ;We do not move the SFT in either case so that one can safely examine the
    49                              <1> ; state of the system before the call was made. In the second case,
    50                              <1> ; the user should do a 0 byte write at filesize before anything else to truncate
    51                              <1> ; any pre-allocated clusters.
    52                              <1> errHdlEOF   equ 38  ;Handle will EOF if read proceeds or at EOF. 
    53                              <1> errDskFul   equ 39  ;Disk will fill up if write proceeds or full. 
    54                              <1> ;----------------------------------------------
    55                              <1> ;             Network error codes
    56                              <1> ;----------------------------------------------
    57                              <1> errNetGeneric       equ 50  ;Network request not supported, generic net fail
    58                              <1> errNetRemNotList    equ 51  ;Cannot find the network path
    59                              <1> errNetDupName       equ 52  ;Duplicate name exists on the network
    60                              <1> errNetBadNetpath    equ 53  ;Network path not found
    61                              <1> errNetBusy          equ 54  ;Network is busy
    62                              <1> errNetDevNoExist    equ 55  ;Specified net resource or dev not available
    63                              <1> errNetBIOSCmdLimit  equ 56  ;Net BIOS command limit reached
    64                              <1> errNetAdapHdwErr    equ 57  ;Network adapter hardware error
    65                              <1> errNetBadResp       equ 58  ;Server cannot perform requested operation
    66                              <1> errNetUnexp         equ 59  ;Unexpected Network error
    67                              <1> errNetBadAdap       equ 60  ;Bad remote network adapter
    68                              <1> errPrintQueueFull   equ 61  ;Printer queue is full
    69                              <1> errNoSpool          equ 62  ;No space to store file to be printed on print srv
    70                              <1> errPrintAbort       equ 63  ;File waiting to be printed was deleted
    71                              <1> errNetNameDel       equ 64  ;Network name is no longer available
    72                              <1> errNetAccDen        equ 65  ;Network Access denied
    73                              <1> errNetBadDevType    equ 66  ;Network resource type is not correct
    74                              <1> errNetBadNetName    equ 67  ;The network name cannot be found
    75                              <1> errNetTooManyNames  equ 68  ;Name limit for local network card exceeded 
    76                              <1> errNetTooManySess   equ 69  ;The Network (NETBIOS) session limit was exceeded
    77                              <1> errNetSharingPaused equ 70  ;Remote server is paused
    78                              <1> errNetReqNotAccep   equ 71  ;Remote computer too busy to accept connections
    79                              <1> errNetRedirPaused   equ 72  ;Specified redir device has been paused
    80                              <1> ;----------------------------------------------
    81                              <1> ;         Extended error codes level 2
    82                              <1> ;----------------------------------------------
    83                              <1> errFilExist equ 80  ;File already exists
    84                              <1> errDirExist equ 82  ;Directory already exists
    85                              <1> errFI24     equ 83  ;Fail on Int 24h
    86                              <1> errRedir    equ 84  ;Too many levels of redirection
    87                              <1> errDupRedir equ 85  ;Trying to redirect a redirection
    88                              <1> errBadPass  equ 86  ;Bad password
    89                              <1> errBadParam equ 87  ;Bad parameter passed to request
    90                              <1> errNetWrite equ 88  ;Network Write Fault
    91                              <1> errEnvVarNotFnd equ 203 ;Environment variable doesn't exist
    92                              <1> ;-----------------------------------------------------------------------------
    93                              <1> ;Error Loci
    94                              <1> eLocUnk     equ 1   ;Unknown locus, nonspecific or not appropriate
    95                              <1> eLocDsk     equ 2   ;Disk, related to Random Access to a disk or block device
    96                              <1> eLocNet     equ 3   ;Network related issues
    97                              <1> eLocChr     equ 4   ;Serial/Character Device error
    98                              <1> eLocMem     equ 5   ;Related to RAM
    99                              <1> ;-----------------------------------------------------------------------------
   100                              <1> ;Error Actions
   101                              <1> eActRet     equ 1   ;Retry
   102                              <1> eActDRet    equ 2   ;Delay then retry (Try again later)
   103                              <1> eActUsr     equ 3   ;Ask user to re-input data, i.e. bad filename or something
   104                              <1> eActAbt     equ 4   ;Abort with cleanup
   105                              <1> eActKil     equ 5   ;Abort without cleanup
   106                              <1> eActIgn     equ 6   ;Ignore error
   107                              <1> eActRetUsr  equ 7   ;Retry after user intervention (i.e swap remdev)
   108                              <1> ;-----------------------------------------------------------------------------
   109                              <1> ;Error Classes
   110                              <1> eClsOoR     equ 1   ;Out of resources, no mem or handles
   111                              <1> eClsTS      equ 2   ;Temp sitch, should go away
   112                              <1> eClsAuth    equ 3   ;Authorisation, e.g. file permission error 
   113                              <1> eClsInt     equ 4   ;Internal DOS error or bug
   114                              <1> eClsHrdFlt  equ 5   ;Hardware Failure
   115                              <1> eClsSysFlt  equ 6   ;System Failure, i.e. missing or bad cfg files
   116                              <1> eClsAppFlt  equ 7   ;Application Program error, inconsistent requests etc...
   117                              <1> eClsNotFnd  equ 8   ;Resource not found (such as free SFT entry etc...)
   118                              <1> eClsBadFmt  equ 9   ;Bad format for resource
   119                              <1> eClsLocked  equ 10  ;Resource Locked
   120                              <1> eClsMedia   equ 11  ;Error is on medium, i.e. wrong or damaged remdev
   121                              <1> eClsClash   equ 12  ;Resource already exists!
   122                              <1> eClsUnk     equ 13  ;Unknown class
    10                                  %include "./inc/dosExec.inc"
     1                              <1> ;This include file contains structures related to the EXE format and the 
     2                              <1> ; structures related to the EXEC (21h/4Bh) system call.
     3                              <1> 
     4                              <1> ;EXEC valid subfunctions
     5                              <1> execLoadGo  equ 0
     6                              <1> execLoad    equ 1
     7                              <1> execInvld   equ 2
     8                              <1> execOverlay equ 3
     9                              <1> execBkgrnd  equ 4
    10                              <1> 
    11                              <1> ;Possible blocks to be pointed to by rbx on entry to EXEC system call.
    12                              <1> 
    13                              <1> struc execProg 
    14 00000000 ????????????????    <1>     .pEnv       dq ?  ; Ptr to environment block (or 0 => copy parent env)
    15 00000008 ????????????????    <1>     .pCmdLine   dq ?  ; Ptr to the command line to be placed at PSP + 80h
    16 00000010 ????????????????    <1>     .pfcb1      dq ?  ; Ptr to the first FCB (parsed argument 1)
    17 00000018 ????????????????    <1>     .pfcb2      dq ?  ; Ptr to the second FCB  (parsed argument 2)
    18                              <1> endstruc
    19                              <1> 
    20                              <1> struc loadProg
    21 00000000 ????????????????    <1>     .pEnv       dq ?  ; Ptr to environment block (or 0 => copy parent env)
    22 00000008 ????????????????    <1>     .pCmdLine   dq ?  ; Ptr to the command line to be placed at PSP + 80h
    23 00000010 ????????????????    <1>     .pfcb1      dq ?  ; Ptr to the first FCB (parsed argument 1)
    24 00000018 ????????????????    <1>     .pfcb2      dq ?  ; Ptr to the second FCB  (parsed argument 2)
    25 00000020 ????????????????    <1>     .initRSP    dq ?  ; Return the start value for rsp
    26 00000028 ????????????????    <1>     .initRIP    dq ?  ; Return the entry point for the task
    27                              <1> endstruc
    28                              <1> 
    29                              <1> struc loadOvly
    30 00000000 ????????????????    <1>     .pLoadLoc   dq ?  ; Address in memory to load the overlay
    31 00000008 ????????????????    <1>     .qRelocFct  dq ?  ; Relocation address for relocatable items (0 for COM files)
    32                              <1> endstruc
    33                              <1> 
    34                              <1> ;----------------------------
    35                              <1> ;   EXE header structures   :
    36                              <1> ;----------------------------
    37                              <1> 
    38                              <1> ;PE Headers have the following structure:
    39                              <1> ; 1) MZ Header
    40                              <1> ; 2) MZ executable
    41                              <1> ; 3) COFF Header
    42                              <1> ; 4) COFF Optional Header, if COFF Header.wSizeOfOptionalHdr ! = 0
    43                              <1> ; 5) Data directories, if COFF Optional Header.wSizeOfOptionalHdr ! = 0
    44                              <1> ; 6) Section Table, if COFF Header.wNumberOfSections != 0
    45                              <1> ; 7) Padding, if COFF Optional Header(.dSizeOfHeaders != .dSectionAlignment)
    46                              <1> 
    47                              <1> ;The COFF headers + the data directories form the magical ``PE'' header.
    48                              <1> 
    49                              <1> ;DOS MZ .EXE header. Functionally useless except for e_magic and e_lfanew
    50                              <1> dosMagicSignature   equ "MZ"
    51                              <1> dosMagicSignature2  equ "ZM"
    52                              <1> struc imageDosHdr
    53 00000000 ????                <1>     .e_magic    dw ?            ;Magic number
    54 00000002 ????                <1>     .e_cblp     dw ?            ;Bytes on last page of file
    55 00000004 ????                <1>     .e_cp       dw ?            ;Pages in file (page = 512 bytes in MSDOS)
    56 00000006 ????                <1>     .e_crlc     dw ?            ;Relocations
    57 00000008 ????                <1>     .e_cparhdr  dw ?            ;Size of header in paragraphs
    58 0000000A ????                <1>     .e_minalloc dw ?            ;Minimum extra paragraphs needed
    59 0000000C ????                <1>     .e_maxalloc dw ?            ;Maximum extra paragraphs needed
    60 0000000E ????                <1>     .e_ss       dw ?            ;Initial (relative) SS value
    61 00000010 ????                <1>     .e_sp       dw ?            ;Initial SP value
    62 00000012 ????                <1>     .e_csum     dw ?            ;Checksum
    63 00000014 ????                <1>     .e_ip       dw ?            ;Initial IP value
    64 00000016 ????                <1>     .e_cs       dw ?            ;Initial (relative) CS value
    65 00000018 ????                <1>     .e_lfarlc   dw ?            ;File address of relocation table
    66 0000001A ????                <1>     .e_ovno     dw ?            ;Overlay number
    67 0000001C ????????????????    <1>     .e_res      dw 4 dup (?)    ;Reserved words
    68 00000024 ????                <1>     .e_oemid    dw ?            ;OEM identifier (for e_oeminfo)
    69 00000026 ????                <1>     .e_oeminfo  dw ?            ;OEM information; e_oemid specific
    70 00000028 <res 14h>           <1>     .e_res2     dw 10 dup (?)   ;Reserved words
    71 0000003C ????????            <1>     .e_lfanew   dd ?            ;File address of new exe header
    72                              <1> endstruc
    73                              <1> 
    74                              <1> ;Possible signatures pointed to by e_lfanew
    75                              <1> imageDosSignature   equ 05A4Dh      ;MZ, REJECT
    76                              <1> imageOS2Signature   equ 0454Eh      ;NE, REJECT
    77                              <1> imageOS2SignatureLE equ 0454Ch      ;LE, REJECT
    78                              <1> imagePESignature    equ 00004550h   ;PE00, ACCEPT
    79                              <1> 
    80                              <1> ;COFF File header @ [e_lfanew]
    81                              <1> 
    82                              <1> struc imageFileHeader
    83 00000000 ????????            <1>     .dPESignature        dd ?   ;PESignature, must be PE00
    84 00000004 ????                <1>     .wMachineType        dw ?   ;Machine Type, must be imageFileMachineAMD64
    85 00000006 ????                <1>     .wNumberOfSections   dw ?   ;Number of sections in file
    86 00000008 ????????            <1>     .dTimeDateStamp      dd ?   ;Unix datestamp,                 NOT USED
    87 0000000C ????????            <1>     .dPtrToSymbolTbl     dd ?   ;Pointer to the symbol table,    NOT USED
    88 00000010 ????????            <1>     .dNumberOfSymbols    dd ?   ;Number of symbols in the table, NOT USED
    89 00000014 ????                <1>     .wSizeOfOptionalHdr  dw ?   ;Size of the optional header
    90 00000016 ????                <1>     .wCharacteristics    dw ?   ;Bitfield characteristics
    91                              <1> endstruc
    92                              <1> coffHdr_size equ imageFileHeader_size
    93                              <1> ;The only valid values in the .machineType field
    94                              <1> imageFileMachineUnknown equ 0
    95                              <1> imageFileMachineAMD64   equ 08664h 
    96                              <1> 
    97                              <1> ;Characteristics to check for
    98                              <1> imageFileRelocsStripped equ 0001h   ;If set, base addr MUST equal load addr
    99                              <1> imageFileExecutable     equ 0002h   ;Must always be set else badfmterr
   100                              <1> 
   101                              <1> ;COFF Optional header
   102                              <1> 
   103                              <1> struc imageFileOptionalHeader
   104 00000000 ????                <1> 	.wMagic                     dw ?    ;peMagicNumber (must be 020Bh).
   105 00000002 ??                  <1> 	.bMajorLinkerVersion        db ?    ;Not used.
   106 00000003 ??                  <1> 	.bMinorLinkerVersion        db ?    ;Not used.
   107 00000004 ????????            <1> 	.dSizeOfCode                dd ?    ;Size of Code.
   108 00000008 ????????            <1> 	.dSizeOfInitializedData     dd ?    ;Size of DATA.
   109 0000000C ????????            <1> 	.dSizeOfUninitializedData   dd ?    ;Size of BSS.
   110 00000010 ????????            <1> 	.dAddressOfEntryPoint       dd ?    ;Relative address of code EP.
   111 00000014 ????????            <1> 	.dBaseOfCode                dd ?    ;Distance from qImageBase to code seg.
   112 00000018 ????????????????    <1>     .qImageBase                 dq ?    ;Preferred load address.
   113 00000020 ????????            <1> 	.dSectionAlignment          dd ?    ;Alignment of start of segs in mem.
   114 00000024 ????????            <1> 	.dFileAlignment             dd ?    ;Alignment of start of segs in file.
   115 00000028 ????                <1> 	.wMajOSVer                  dw ?    ;Not used.
   116 0000002A ????                <1> 	.wMinOSVer                  dw ?    ;Not used.
   117 0000002C ????                <1> 	.wMajorImageVersion         dw ?    ;Not used.
   118 0000002E ????                <1> 	.wMinorImageVersion         dw ?    ;Not used.
   119 00000030 ????                <1> 	.wMajorSubsystemVersion     dw ?    ;Not used.
   120 00000032 ????                <1> 	.wMinorSubsystemVersion     dw ?    ;Not used.
   121 00000034 ????????            <1> 	.dWin32VersionValue         dd ?    ;Not used.
   122 00000038 ????????            <1> 	.dSizeOfImage               dd ?    ;Total aligned in memory alloc size.
   123 0000003C ????????            <1> 	.dSizeOfHeaders             dd ?    ;Rounded to file alignment.
   124 00000040 ????????            <1> 	.dCheckSum                  dd ?    ;Checked on PE driver loads.
   125 00000044 ????                <1> 	.wSubsystem                 dw ?    ;Not used. For VMEMD.
   126 00000046 ????                <1> 	.wDllCharacteristics        dw ?
   127 00000048 ????????????????    <1> 	.qSizeOfStackReserve        dq ?    ;Not used by default. For VMEMD.
   128 00000050 ????????????????    <1> 	.qSizeOfStackCommit         dq ?    ;Default stack allocation is 256Kb
   129 00000058 ????????????????    <1> 	.qSizeOfHeapReserve         dq ?    ;Not used by default. For VMEMD.
   130 00000060 ????????????????    <1> 	.qSizeOfHeapCommit          dq ?    ;Not used by default. For VMEMD.
   131 00000068 ????????            <1> 	.dLoaderFlags               dd ?
   132 0000006C ????????            <1> 	.dNumberOfRvaAndSizes       dd ?    ;Number of data dirs entries in header
   133                              <1> endstruc
   134                              <1> 
   135                              <1> optCoffHdr_size equ imageFileOptionalHeader_size
   136                              <1> coffHdrs_size equ coffHdr_size + optCoffHdr_size
   137                              <1> 
   138                              <1> romMagicNum     equ 0107h
   139                              <1> pe32MagicNum    equ 010Bh
   140                              <1> pe64MagicNum    equ 020Bh
   141                              <1> 
   142                              <1> ;Data directory header structure
   143                              <1> struc imageDataDirectory
   144 00000000 ????????            <1>     .dVAddr dd ?
   145 00000004 ????????            <1>     .dSize  dd ?    ;Directory size
   146                              <1> endstruc
   147                              <1> 
   148                              <1> dataDir_eData   equ 1   ;Export Table directory entry
   149                              <1> dataDir_iData   equ 2   ;Import Table directory entry
   150                              <1> dataDir_rsrc    equ 3   ;Resource Table directory entry
   151                              <1> dataDir_pData   equ 4   ;Exception Table directory entry
   152                              <1> dataDir_reloc   equ 6   ;Base relocation Table directory entry
   153                              <1> dataDir_debug   equ 7   ;Debug Table directory entry
   154                              <1> 
   155                              <1> struc baseRelocBlock    
   156                              <1> ;Struct for entries in the base reloc table. 
   157                              <1> ; Each table entry points to a word. 
   158                              <1> ; High 4 bits are type of reloc (all must be 0Ah)
   159 00000000 ????????            <1>     .dPageRVA   dd ?    ;Offset from the load address
   160 00000004 ????????            <1>     .dSize      dd ?    ;Number of bytes in this block
   161                              <1> endstruc
   162                              <1> 
   163                              <1> ;Section headers that form the Section Table after the data dir tables.
   164                              <1> ;There are wNumberOfSections many entries in this table.
   165                              <1> ;Each entry is one imageSectionHdr
   166                              <1> struc imageSectionHdr       ;size 40 bytes
   167 00000000 ????????????????    <1>     .qName                  db 8 dup (?)
   168 00000008 ????????            <1> 	.dVirtualSize           dd ?    ;Size of data in section
   169 0000000C ????????            <1> 	.dVirtualAddress        dd ?    ;Offset of section from load address
   170 00000010 ????????            <1> 	.dSizeOfRawData         dd ?    ;Size of section in image (File Aligned)
   171 00000014 ????????            <1> 	.dPointerToRawData      dd ?    ;Offset of section from head of image
   172 00000018 ????????            <1> 	.dPointerToRelocations  dd ?
   173 0000001C ????????            <1> 	.dPointerToLinenumbers  dd ?
   174 00000020 ????                <1> 	.wNumberOfRelocations   dw ?
   175 00000022 ????                <1> 	.wNumberOfLinenumbers   dw ?
   176 00000024 ????????            <1> 	.dCharacteristics       dd ?
   177                              <1> endstruc
   178                              <1> 
   179                              <1> ;Section Hdr characteristics flags 
   180                              <1> imgScnCntCode   equ 20h     ;The section contains executable code.
   181                              <1> imgScnCntData   equ 40h     ;The section contains initialized data.
   182                              <1> imgScnCntBSS    equ 80h     ;The section contains uninitialized data.
   183                              <1> imgScnMemDiscrd equ 2000000h    ;Section marked discardable
    11                                  
    12                                  ;=======================START OF SYSINIT MODULE======================
    13                                  %include "./src/dos/Sysinit/sys.inc"
     1                              <1> 
     2                              <1> ;Sysinit globals
     3                              <1> GLOBAL FINALDOSPTR
     4                              <1> GLOBAL FILES
     5                              <1> GLOBAL BUFFERS
     6                              <1> GLOBAL DFLTDRIVE
     7                              <1> GLOBAL LASTDRIVE
     8                              <1> GLOBAL OEMBIOS
     9                              <1> GLOBAL OEMDRVCHAIN
    10                              <1> GLOBAL OEMPTR
    11                              <1> GLOBAL OEMVERSION
    12                              <1> GLOBAL MCBANCHOR
    13                              <1> GLOBAL OEMMEMPTR
    14                              <1> GLOBAL SYSENTRY
    15                              <1> 
    16                              <1> ;OEM externs
    17                              <1> EXTERN OEMMCBINIT
    18                              <1> EXTERN OEMHALT
    19                              <1> EXTERN OEMCALLBK
    20                              <1> 
    21                              <1> ;Linker externs
    22                              <1> EXTERN dosEnd       ;Pointer from linker script
    23                              <1> EXTERN dosResLen    ;From linker script
    24                              <1> EXTERN dosResStart  ;From linker script
    25                              <1> EXTERN drv$_start   ;From linker script
    26                              <1> 
    27                              <1> ;DOS externs
    28                              <1> EXTERN dSegLen  ;From .bss of DOS
    29                              <1> 
    30                              <1> EXTERN nulDevHdr
    31                              <1> EXTERN anchorMcb
    32                              <1> EXTERN dayOfMonth
    33                              <1> EXTERN monthOfYear
    34                              <1> EXTERN vConPtr
    35                              <1> EXTERN clockPtr
    36                              <1> EXTERN currentPSP
    37                              <1> EXTERN editKeys
    38                              <1> EXTERN shareCount
    39                              <1> EXTERN shareDelay
    40                              <1> EXTERN caseMapFunc
    41                              <1> EXTERN charTableArray
    42                              <1> EXTERN charTableArray.ucTable
    43                              <1> EXTERN charTableArray.filenameUCTable
    44                              <1> EXTERN charTableArray.filenameTerminatingTable
    45                              <1> EXTERN charTableArray.collatingTable
    46                              <1> EXTERN charTableArray.dbcsTable
    47                              <1> EXTERN serverDispTbl
    48                              <1> EXTERN machineName
    49                              <1> EXTERN critPtchTbl
    50                              <1> EXTERN dosCrit1Enter
    51                              <1> EXTERN dosCrit1Exit
    52                              <1> EXTERN dosCrit2Enter
    53                              <1> EXTERN dosCrit2Exit
    54                              <1> EXTERN dosMgrHooks
    55                              <1> EXTERN dllHooks
    56                              <1> EXTERN shareHooks
    57                              <1> EXTERN goodDfltShareHook
    58                              <1> EXTERN badDfltShareHook
    59                              <1> EXTERN dosBIOSName
    60                              <1> EXTERN biosVers
    61                              <1> EXTERN biosPtr
    62                              <1> EXTERN dosPSP
    63                              <1> EXTERN bootDrive
    64                              <1> EXTERN numFiles
    65                              <1> EXTERN lastdrvNum
    66                              <1> EXTERN firstSftHeader
    67                              <1> EXTERN mcbChainPtr
    68                              <1> EXTERN vConPtr
    69                              <1> EXTERN clockPtr
    70                              <1> EXTERN extKeyFunc
    71                              <1> EXTERN errorDrv
    72                              <1> EXTERN currentNdx
    73                              <1> EXTERN switchChar
    74                              <1> EXTERN ctryTbl
    75                              <1> EXTERN pServerDispTbl
    76                              <1> EXTERN currentDTA
    77                              <1> EXTERN cdsHeadPtr
    78                              <1> EXTERN dpbHeadPtr
    79                              <1> EXTERN maxBytesSec
    80                              <1> EXTERN bufHeadPtr
    81                              <1> EXTERN sftHeadPtr
    82                              <1> EXTERN numBuffers
    83                              <1> EXTERN fcbsHeadPtr
    84                              <1> EXTERN numPhysVol
    85                              <1> 
    86                              <1> 
    87                              <1> ;DOS Externs (SYSDATA)
    88                              <1> EXTERN i0
    89                              <1> EXTERN i1
    90                              <1> EXTERN i2
    91                              <1> EXTERN i3
    92                              <1> EXTERN i4
    93                              <1> EXTERN i5
    94                              <1> EXTERN i6
    95                              <1> EXTERN i7
    96                              <1> EXTERN i8
    97                              <1> EXTERN i9
    98                              <1> EXTERN i10
    99                              <1> EXTERN i11
   100                              <1> EXTERN i12
   101                              <1> EXTERN i13
   102                              <1> EXTERN i14
   103                              <1> EXTERN i15
   104                              <1> EXTERN i16
   105                              <1> EXTERN i17
   106                              <1> EXTERN i18
   107                              <1> EXTERN i19
   108                              <1> EXTERN i20
   109                              <1> EXTERN i21
   110                              <1> 
   111                              <1> EXTERN terminateProcess 
   112                              <1> EXTERN functionDispatch 
   113                              <1> EXTERN defaultIretq
   114                              <1> EXTERN dosDefCritErrHdlr    
   115                              <1> EXTERN absDiskRead      
   116                              <1> EXTERN absDiskWrite     
   117                              <1> EXTERN terminateRes     
   118                              <1> EXTERN multiplexHdlr
   119                              <1> EXTERN nulStrat
   120                              <1> EXTERN nulIntr
    14                                  
    15                                  ;Segment stext follows=odata align=1 vfollows=odata valign=1
    16                                  Segment stext code private align=1 use64
    17                                  ;---------------------------
    18                                  ;   SYSINIT code segment
    19                                  ;---------------------------
    20                                  %include "./src/dos/Sysinit/sysinit.asm"
     1                              <1> 
     2                              <1> SYSENTRY:    ;Control is passed here from OEMINIT module
     3                              <1> ;First move the load address into fs 
     4 00000000 B9000100C0          <1>     mov ecx, 0C0000100h ;Write FS MSR
     5 00000005 488B3D(C2010000)    <1>     mov rdi, qword [FINALDOSPTR] ;Pointer of the address we loaded at
     6 0000000C 89F8                <1>     mov eax, edi
     7 0000000E 4889FA              <1>     mov rdx, rdi
     8 00000011 48C1EA20            <1>     shr rdx, 20h
     9 00000015 0F30                <1>     wrmsr   ;Write the new value to FS MSR
    10 00000017 4889FD              <1>     mov rbp, rdi    ;Move the pointer into rbp as well
    11                              <1> ;------------------------------------------------;
    12                              <1> ;      Copy DOS to it's final resting ground     ;
    13                              <1> ;------------------------------------------------;  
    14                              <1> dosReloc:
    15 0000001A 488D35(00000000)    <1>     lea rsi, dosResStart    ;Get pointer to the start of dText
    16 00000021 488B3D(C2010000)    <1>     mov rdi, qword [FINALDOSPTR]    ;Get ptr to where dSeg goes
    17 00000028 4881C7[00000000]    <1>     add rdi, dSegLen                ;Make this a pointer to the start of dText
    18 0000002F 4839F7              <1>     cmp rdi, rsi 
    19 00000032 7411                <1>     je short skipDOSReloc   ;Skip relocating if DOS is at correct address
    20 00000034 B9[00000000]        <1>     mov ecx, dosResLen      ;Get length of file portion for copy
    21 00000039 81C107000000        <1>     add ecx, 7              ;Round up
    22 0000003F C1E903              <1>     shr ecx, 3              ;Divide by 8 to get number of QWORDS for copy
    23 00000042 F348A5              <1>     rep movsq
    24                              <1> skipDOSReloc:
    25                              <1> ;------------------------------------------------;
    26                              <1> ;           Sanitise the data area               ;
    27                              <1> ;------------------------------------------------;
    28                              <1> ; This call initialises ALL fields in the DOS    ;
    29                              <1> ; data area with 0's. Thus any fields, which     ;
    30                              <1> ; need to be initialised with a 0 value, are     ;
    31                              <1> ; initialised for free.                          ;
    32                              <1> ;------------------------------------------------;
    33 00000045 488B3D(C2010000)    <1>     mov rdi, qword [FINALDOSPTR]    ;Go back to the data area
    34 0000004C B9[00000000]        <1>     mov ecx, dSegLen
    35 00000051 30C0                <1>     xor al, al
    36 00000053 F3AA                <1>     rep stosb   ;and sanitise away!
    37                              <1> ;------------------------------------------------;
    38                              <1> ;          Kernel inits and adjustments          ;
    39                              <1> ;------------------------------------------------;
    40                              <1> ;Adjust Interrupt Entries Int 00h-15h
    41                              <1> ;Assumes rbp points to DOSSEG
    42 00000055 0F010D(B8010000)    <1>     sidt [localIDTpointer]   ;Get the idt pointer here
    43                              <1> adjExceptions:
    44 0000005C 488D3D(66000000)    <1>     lea rdi, exceptData
    45 00000063 31C0                <1>     xor eax, eax             ;Start with interrupt 0
    46 00000065 B915000000          <1>     mov ecx, 21
    47 0000006A E85B0A0000          <1>     call setupInterruptBlock
    48                              <1> ;Adjust Interrupt Entries Int 20h-2Fh
    49                              <1> adjInts:
    50 0000006F 488D3D(16010000)    <1>     lea rdi, intData
    51 00000076 488D1D(00000000)    <1>     lea rbx, OEMHALT    ;Add base address of sysinit to the symbol
    52 0000007D 4829EB              <1>     sub rbx, rbp        ;Subtract so that the add in setupInterruptBlock is Ok
    53 00000080 48895F10            <1>     mov qword [rdi + 2*8], rbx  ;Store this address for Int 22h
    54 00000084 B820000000          <1>     mov eax, 20h            ;Start with interrupt 20h
    55 00000089 B930000000          <1>     mov ecx, 30h
    56 0000008E E8370A0000          <1>     call setupInterruptBlock
    57                              <1> ;------------------------------------------------;
    58                              <1> ;              Setup PSP for DOS                 ;
    59                              <1> ;------------------------------------------------;
    60 00000093 488D1D(22020000)    <1>     lea rbx, qword [tempPSP]
    61 0000009A 48899D[00000000]    <1>     mov qword [rbp + currentPSP], rbx
    62                              <1> ;++++++++++++++++++++++++++++++++++++++++++++++++;
    63                              <1> ;    DOS INTERRUPTS CAN BE USED FROM HERE ON     ;
    64                              <1> ;++++++++++++++++++++++++++++++++++++++++++++++++;
    65                              <1> ;
    66                              <1> ;------------------------------------------------;
    67                              <1> ;          Driver Adjustments and inits          ;
    68                              <1> ;------------------------------------------------;
    69                              <1> ;Modify the pointers in nData before putting them in the data area
    70 000000A1 48012D(A0010000)    <1>     add qword [nData + drvHdr.strPtr], rbp
    71 000000A8 48012D(A8010000)    <1>     add qword [nData + drvHdr.intPtr], rbp
    72                              <1> ;Copy the Null driver header to its location in Sysvars
    73 000000AF B922000000          <1>     mov ecx, drvHdr_size
    74 000000B4 488D35(96010000)    <1>     lea rsi, qword [nData]
    75 000000BB 488DBD[00000000]    <1>     lea rdi, qword [rbp + nulDevHdr]
    76 000000C2 F3A4                <1>     rep movsb   
    77                              <1> 
    78                              <1> ;Adjust the addresses in the other driver headers 
    79 000000C4 48BE-               <1>     mov rsi, drv$_start
    79 000000C6 [0000000000000000]  <1>
    80 000000CE 480335(C2010000)    <1>     add rsi, qword [FINALDOSPTR]    ;Offset this correctly
    81 000000D5 4989F6              <1>     mov r14, rsi    ;Save this pointer in r14
    82 000000D8 4889B5[00000000]    <1>     mov qword [rbp + nulDevHdr + drvHdr.nxtPtr], rsi  ;Point NUL to the OEM driver chain
    83                              <1> adjDrivers:
    84                              <1> ;Input: rsi = Effective address of driver in DOS segment
    85                              <1> ;       rbp = Ptr to the start of the DOS segment
    86                              <1> ;Output: rsi = EA of next header in DOS segment
    87 000000DF 48016E0A            <1>     add qword [rsi + drvHdr.strPtr], rbp
    88 000000E3 48016E12            <1>     add qword [rsi + drvHdr.intPtr], rbp
    89 000000E7 48813EFFFFFFFF      <1>     cmp qword [rsi + drvHdr.nxtPtr], -1 ;End of chain?
    90 000000EE 7408                <1>     je short .exit
    91 000000F0 48012E              <1>     add qword [rsi + drvHdr.nxtPtr], rbp    ;Adjust address
    92 000000F3 488B36              <1>     mov rsi, qword [rsi + drvHdr.nxtPtr]    ;Dont "demand" ctguos headers... 
    93 000000F6 EBE7                <1>     jmp short adjDrivers
    94                              <1> .exit:
    95                              <1> ;------------------------------------------------;
    96                              <1> ;                   MCB inits                    ;
    97                              <1> ;------------------------------------------------;
    98                              <1> makeMCBChain:
    99                              <1> ;Fill in Anchor MCB first
   100 000000F8 488D85[10000000]    <1>     lea rax, qword [rbp + anchorMcb + mcb.program]    ;Get first allocated byte
   101 000000FF 488D9D[00000000]    <1>     lea rbx, qword [rbp + dosEnd] ;Get the end of the file
   102 00000106 4829C3              <1>     sub rbx, rax    ;Number of bytes in rbx (ebx bzw.)
   103 00000109 81C30F000000        <1>     add ebx, 0Fh    ;Round up if not para aligned
   104 0000010F C1EB04              <1>     shr ebx, 4      ;Get number of paragraphs
   105 00000112 899D[09000000]      <1>     mov dword [rbp + anchorMcb + mcb.blockSize], ebx
   106 00000118 48C785[01000000]08- <1>     mov qword [rbp + anchorMcb + mcb.owner], mcbOwnerDOS
   106 00000120 000000              <1>
   107 00000123 C685[00000000]5A    <1>     mov byte [rbp + anchorMcb + mcb.marker], mcbMarkEnd
   108                              <1> 
   109 0000012A 488D85[00000000]    <1>     lea rax, qword [rbp + anchorMcb]    ;Now store the anchor pointer in var
   110 00000131 488905(CA010000)    <1>     mov qword [MCBANCHOR], rax          ;Save in external var...
   111 00000138 6448890425-         <1>     mov qword fs:[mcbChainPtr], rax     ; and in internal DOS var 
   111 0000013D [00000000]          <1>
   112                              <1> 
   113 00000141 55                  <1>     push rbp    ;Save the pointer to DOSSEG on the stack temporarily
   114 00000142 E8(00000000)        <1>     call OEMMCBINIT ;Build MCB chain, kernel drvs can allocate... undoc :)
   115 00000147 5D                  <1>     pop rbp
   116 00000148 0F82(00000000)      <1>     jc OEMHALT
   117                              <1> ;------------------------------------------------;
   118                              <1> ;             Set Default Time/Date              ;
   119                              <1> ;------------------------------------------------;
   120 0000014E C685[00000000]01    <1>     mov byte [rbp + dayOfMonth], 01     ;Set 1st of Jan
   121 00000155 C685[00000000]01    <1>     mov byte [rbp + monthOfYear], 01
   122                              <1> ;------------------------------------------------;
   123                              <1> ;     Set OEM ID number and ptr for drivers      ;
   124                              <1> ;------------------------------------------------;
   125 0000015C 8B05(DF010000)      <1>     mov eax, dword [OEMVERSION]
   126 00000162 8985[00000000]      <1>     mov dword [rbp + biosVers], eax
   127                              <1> 
   128 00000168 488B05(D7010000)    <1>     mov rax, qword [OEMPTR]
   129 0000016F 488985[00000000]    <1>     mov qword [rbp + biosPtr], rax
   130                              <1> ;------------------------------------------------;
   131                              <1> ;              Kernel Driver inits               ;
   132                              <1> ;------------------------------------------------;
   133                              <1> kernDrvInit:
   134                              <1>     ;rbp and fs point to DOSSEG
   135                              <1>     ;Set the CON pointer and the CLOCK pointers.
   136                              <1>     ;The standard defines that kernel drivers are such that the 
   137                              <1>     ;first driver MUST be CON and the fourth MUST be CLOCK$.
   138                              <1>     ;This is done to allow the drivers to use DOS CHAR functions and 
   139                              <1>     ;GET/SET TIME and GET/SET DATE
   140 00000176 4C89F6              <1>     mov rsi, r14    ;Get back the pointer to the copied drivers
   141 00000179 4889F3              <1>     mov rbx, rsi
   142 0000017C 4889B5[00000000]    <1>     mov qword [rbp + vConPtr], rsi  ;Store default CON ptr
   143 00000183 488B36              <1>     mov rsi, qword [rsi + drvHdr.nxtPtr]    ;Goto AUX
   144 00000186 488B36              <1>     mov rsi, qword [rsi + drvHdr.nxtPtr]    ;Goto PRN
   145 00000189 488B36              <1>     mov rsi, qword [rsi + drvHdr.nxtPtr]    ;Goto CLOCK$
   146 0000018C 4889B5[00000000]    <1>     mov qword [rbp + clockPtr], rsi ;Store default CLOCK$ ptr
   147 00000193 4889DE              <1>     mov rsi, rbx     ;Point rsi back to head of device chain
   148 00000196 488D1D(E3010000)    <1>     lea rbx, initDrvBlk
   149                              <1> .init:
   150 0000019D E82B080000          <1>     call initDriver         ;Importantly preserves rbp, rsi and rbx
   151 000001A2 0F82(00000000)      <1>     jc OEMHALT
   152 000001A8 E80A070000          <1>     call addDriverMarkers   ;Preserves all registers
   153 000001AD 66F746080080        <1>     test word [rsi + drvHdr.attrib], devDrvChar
   154 000001B3 750B                <1>     jnz short .notMSD
   155 000001B5 E882080000          <1>     call buildKernDPBs          ;Preserves rbp, rsi and rbx
   156 000001BA 0F82(00000000)      <1>     jc OEMHALT
   157                              <1> .notMSD:
   158 000001C0 488B36              <1>     mov rsi, qword [rsi + drvHdr.nxtPtr]    ;Now point rsi to that header
   159 000001C3 4881FEFFFFFFFF      <1>     cmp rsi, -1     ;We at the end of the chain?
   160 000001CA 75D1                <1>     jne short .init ;If not, goto next driver
   161                              <1> ;Finally, Eject the init routine if so desired by the implementers
   162 000001CC 488D9D[00000000]    <1>     lea rbx, qword [rbp + dosEnd]   ;Get the original alloc end pointer (para aligned)
   163 000001D3 4C8D85[00000000]    <1>     lea r8, qword [rbp + anchorMcb]   ;Get pointer to mcb
   164 000001DA E89C070000          <1>     call ejectKernelInit
   165 000001DF 0F82(00000000)      <1>     jc OEMHALT
   166                              <1> ;----------------------------------------:
   167                              <1> ;           End of driver inits.         :
   168                              <1> ;----------------------------------------:
   169                              <1> ;
   170                              <1> ;----------------------------------------:
   171                              <1> ;END OF IMPLEMENTERS SYSINIT PORTION ^^^ :
   172                              <1> ;      So called the OEM BIOS INIT       :
   173                              <1> ;----------------------------------------:
   174                              <1> ;
   175                              <1> ;----------------------------------------:
   176                              <1> ;START OF COMMON DOS SYSINIT PORTION VVV :
   177                              <1> ;----------------------------------------:
   178                              <1> ;
   179                              <1> ;------------------------------------------------;
   180                              <1> ;     Set up general PSP areas and DOS vars      ;
   181                              <1> ;------------------------------------------------;
   182                              <1> ;Ensure to link the default DOS vCON edit key
   183                              <1> ; controller routines before proceeding
   184 000001E5 488D85[00000000]    <1>     lea rax, qword [rbp + editKeys]
   185 000001EC 6448890425-         <1>     mov qword fs:[extKeyFunc], rax
   185 000001F1 [00000000]          <1>
   186                              <1> 
   187                              <1> ;Additional DOS Vars init and fixups
   188 000001F5 64C60425[00000000]- <1>     mov byte fs:[errorDrv], -1   ;No error drive
   188 000001FD FF                  <1>
   189 000001FE 6466C70425-         <1>     mov word fs:[currentNdx], -1    ;Has to be -1 initially
   189 00000203 [00000000]FFFF      <1>
   190 00000209 66C785[00000000]03- <1>     mov word [rbp + shareCount], 3      ;Retry the repeat 3 times before failing
   190 00000211 00                  <1>
   191 00000212 66C785[00000000]01- <1>     mov word [rbp + shareDelay], 1      ;Go through one multiple of countdown loop
   191 0000021A 00                  <1>
   192 0000021B 64C60425[00000000]- <1>     mov byte fs:[switchChar], "/"  ;Default switch char
   192 00000223 2F                  <1>
   193 00000224 488DBD[00000000]    <1>     lea rdi, qword [rbp + caseMapFunc]  ;Get the function pointer
   194 0000022B 6448893C25-         <1>     mov qword fs:[ctryTbl + countryStruc.mapptr], rdi ;Store in country table
   194 00000230 [12000000]          <1>
   195 00000234 4801AD[01000000]    <1>     add qword [rbp + charTableArray.ucTable + 1], rbp ;Fixup stored address
   196 0000023B 4801AD[01000000]    <1>     add qword [rbp + charTableArray.filenameUCTable + 1], rbp 
   197 00000242 4801AD[01000000]    <1>     add qword [rbp + charTableArray.filenameTerminatingTable + 1], rbp 
   198 00000249 4801AD[01000000]    <1>     add qword [rbp + charTableArray.collatingTable + 1], rbp 
   199 00000250 4801AD[01000000]    <1>     add qword [rbp + charTableArray.dbcsTable + 1], rbp 
   200                              <1> 
   201                              <1> ;Server Table setup
   202 00000257 488DBD[00000000]    <1>     lea rdi, qword [rbp + serverDispTbl]  ;Get pointer to table
   203 0000025E 6448893C25-         <1>     mov qword fs:[pServerDispTbl], rdi   ;Store to use
   203 00000263 [00000000]          <1>
   204                              <1> 
   205                              <1> ;Set network machine name to... nothing!
   206 00000267 488DBD[00000000]    <1>     lea rdi, qword [rbp + machineName]
   207 0000026E B910000000          <1>     mov ecx, 10h    ;16 chars long
   208 00000273 B020                <1>     mov al, SPC ;Space char
   209 00000275 F3AA                <1>     rep stosb   ;Fill with space chars
   210                              <1> 
   211                              <1> ;Patch Data Table init
   212 00000277 488DBD[00000000]    <1>     lea rdi, qword [rbp + critPtchTbl]
   213 0000027E 488D85[00000000]    <1>     lea rax, qword [rbp + dosCrit1Enter]
   214 00000285 48AB                <1>     stosq   ;Store this address and increment rdi by 8 to next tbl entry
   215 00000287 488D85[00000000]    <1>     lea rax, qword [rbp + dosCrit1Exit]
   216 0000028E 48AB                <1>     stosq
   217 00000290 488D85[00000000]    <1>     lea rax, qword [rbp + dosCrit2Enter]
   218 00000297 48AB                <1>     stosq
   219 00000299 488D85[00000000]    <1>     lea rax, qword [rbp + dosCrit2Exit]
   220 000002A0 48AB                <1>     stosq
   221                              <1> 
   222                              <1> ;Initial PSP pointer fields
   223 000002A2 488D1D(22020000)    <1>     lea rbx, qword [tempPSP]
   224 000002A9 6448891C25-         <1>     mov qword fs:[currentPSP], rbx      ;Reset current PSP
   224 000002AE [00000000]          <1>
   225 000002B2 6448891C25-         <1>     mov qword fs:[dosPSP], rbx          ;Save the DOS PSP pointer
   225 000002B7 [00000000]          <1>
   226 000002BB 53                  <1>     push rbx
   227 000002BC 4881C380000000      <1>     add rbx, psp.dta
   228 000002C3 6448891C25-         <1>     mov qword fs:[currentDTA], rbx    ;Save current DTA
   228 000002C8 [00000000]          <1>
   229 000002CC 5B                  <1>     pop rbx
   230 000002CD 48895B22            <1>     mov qword [rbx + psp.parentPtr], rbx ;Save self as parent Process
   231 000002D1 48895B53            <1>     mov qword [rbx + psp.prevPSP], rbx  ;Save self as previous PSP
   232 000002D5 4889DA              <1>     mov rdx, rbx
   233 000002D8 B822350000          <1>     mov eax, 3522h  ;Get pointer for Int 22h in rbx
   234 000002DD CD21                <1>     int 21h
   235 000002DF 48895A0A            <1>     mov qword [rdx + psp.oldInt22h], rbx
   236 000002E3 B823350000          <1>     mov eax, 3523h
   237 000002E8 CD21                <1>     int 21h
   238 000002EA 48895A12            <1>     mov qword [rdx + psp.oldInt23h], rbx
   239 000002EE B824350000          <1>     mov eax, 3524h
   240 000002F3 CD21                <1>     int 21h
   241 000002F5 48895A1A            <1>     mov qword [rdx + psp.oldInt24h], rbx
   242                              <1> ;------------------------------------------------;
   243                              <1> ;              Setup DOSMGR Hooks                ;
   244                              <1> ;------------------------------------------------;   
   245 000002F9 488DBD[01000000]    <1>     lea rdi, qword [rbp + dosMgrHooks + 1]  ;Skip the present flag
   246 00000300 488D85[00000000]    <1>     lea rax, qword [rbp + goodDfltShareHook]    ;Return CF = NC
   247 00000307 48AB                <1>     stosq   ;Store ptr for LaunchTask
   248 00000309 48AB                <1>     stosq   ;Store ptr for TerminateTask
   249                              <1> ;------------------------------------------------;
   250                              <1> ;              Setup DLLMGR Hooks                ;
   251                              <1> ;------------------------------------------------;   
   252 0000030B 488DBD[00000000]    <1>     lea rdi, qword [rbp + dllHooks]
   253 00000312 488D85[00000000]    <1>     lea rax, qword [rbp + goodDfltShareHook]    ;Return CF = NC
   254 00000319 48AB                <1>     stosq   ;Store ptr for RegisterDLL
   255 0000031B 48AB                <1>     stosq   ;Store ptr for UnloadDLLHook
   256                              <1> ;------------------------------------------------;
   257                              <1> ;               Setup Share Hooks                ;
   258                              <1> ;------------------------------------------------;
   259 0000031D 488DBD[08000000]    <1>     lea rdi, qword [rbp + shareHooks + 8]   ;Start from shOpen
   260 00000324 488D85[00000000]    <1>     lea rax, qword [rbp + goodDfltShareHook]
   261 0000032B 488D9D[00000000]    <1>     lea rbx, qword [rbp + badDfltShareHook]
   262 00000332 48AB                <1>     stosq   ;Store good for open
   263 00000334 48AB                <1>     stosq   ;Store good for close
   264 00000336 4893                <1>     xchg rax, rbx
   265                              <1> ;Store bad for close for machine, task, name, lock and unlock file
   266 00000338 B905000000          <1>     mov ecx, 5
   267 0000033D F348AB              <1>     rep stosq
   268 00000340 4893                <1>     xchg rax, rbx
   269 00000342 48AB                <1>     stosq   ;Store good for check file lock exists
   270 00000344 4893                <1>     xchg rax, rbx
   271                              <1> ;Store bad for open file, update fcb from sft and get fst cluster of fcb
   272 00000346 B903000000          <1>     mov ecx, 3
   273 0000034B F348AB              <1>     rep stosq
   274 0000034E 4893                <1>     xchg rax, rbx
   275 00000350 48AB                <1>     stosq   ;Store good for close dup file share
   276 00000352 4893                <1>     xchg rax, rbx
   277 00000354 48AB                <1>     stosq   ;Store bad for close handles for new file opened 
   278 00000356 48AB                <1>     stosq   ;Store bad for update dir information
   279                              <1> 
   280                              <1> ;Finish by setting up internal DOS vars from OEM passed arguments.
   281 00000358 0FB605(D6010000)    <1>     movzx eax, byte [OEMBIOS]
   282 0000035F 85C0                <1>     test eax, eax
   283 00000361 741B                <1>     jz short skipOEMName
   284 00000363 488DB5[00000000]    <1>     lea rsi, qword [rbp + dosBIOSName]
   285 0000036A 48B8494F2020202020- <1>     mov rax, "IO      "
   285 00000373 20                  <1>
   286 00000374 488906              <1>     mov qword [rsi], rax
   287 00000377 C746082E535953      <1>     mov dword [rsi + 8], ".SYS"
   288                              <1> skipOEMName:
   289 0000037E 0FB605(D4010000)    <1>     movzx eax, byte [DFLTDRIVE]
   290 00000385 31DB                <1>     xor ebx, ebx
   291 00000387 3D19000000          <1>     cmp eax, 25
   292 0000038C 0F47C3              <1>     cmova eax, ebx
   293 0000038F 8885[00000000]      <1>     mov byte [rbp + bootDrive], al
   294                              <1> 
   295 00000395 0FB605(D2010000)    <1>     movzx eax, byte [FILES]
   296 0000039C BB14000000          <1>     mov ebx, filesDefault
   297 000003A1 3D05000000          <1>     cmp eax, 5
   298 000003A6 0F42C3              <1>     cmovb eax, ebx
   299 000003A9 3DFE000000          <1>     cmp eax, 254
   300 000003AE 0F47C3              <1>     cmova eax, ebx
   301 000003B1 8885[00000000]      <1>     mov byte [rbp + numFiles], al
   302                              <1> 
   303 000003B7 0FB605(D3010000)    <1>     movzx eax, byte [BUFFERS]
   304 000003BE BB1E000000          <1>     mov ebx, buffersDefault
   305 000003C3 85C0                <1>     test eax, eax
   306 000003C5 0F44C3              <1>     cmovz eax, ebx
   307 000003C8 3D63000000          <1>     cmp eax, 99
   308 000003CD 0F47C3              <1>     cmova eax, ebx
   309 000003D0 8805(D3010000)      <1>     mov byte [BUFFERS], al
   310                              <1> 
   311 000003D6 0FB605(D5010000)    <1>     movzx eax, byte [LASTDRIVE]
   312 000003DD BB05000000          <1>     mov ebx, lastDriveDeflt
   313 000003E2 39D8                <1>     cmp eax, ebx
   314 000003E4 0F42C3              <1>     cmovb eax, ebx
   315 000003E7 3D19000000          <1>     cmp eax, 25
   316 000003EC 0F47C3              <1>     cmova eax, ebx
   317 000003EF 8805(D5010000)      <1>     mov byte [LASTDRIVE], al
   318 000003F5 8885[00000000]      <1>     mov byte [rbp + lastdrvNum], al     ;Set for DOS to be usable
   319                              <1> 
   320                              <1> ;------------------------------------------------;
   321                              <1> ;          Find largest sector size              ;
   322                              <1> ;------------------------------------------------;
   323 000003FB E82A040000          <1>     call sectorSizeSet
   324                              <1> ;------------------------------------------------;
   325                              <1> ;                CDS array inits                 ;
   326                              <1> ;------------------------------------------------;
   327 00000400 0FB68D[00000000]    <1>     movzx ecx, byte [rbp + lastdrvNum]     ;Use as a counter
   328 00000407 E805000000          <1>     call makeCDSArray   ;Sets the CDS head pointer to rdi
   329 0000040C E995000000          <1>     jmp initialCDSWritten ;Go past the function
   330                              <1> makeCDSArray:
   331                              <1> ;Builds a new CDS array for ya and sets the sysvars var to point to it!
   332                              <1> ;Input: ecx = Size of array (number of CDS's in the array)
   333                              <1> ;Ouput: CF=CY: Abort operation. CF=NC: CDS Array allocated ok!
   334 00000411 B85F000000          <1>     mov eax, cds_size
   335 00000416 F7E1                <1>     mul ecx ;eax has the size of the CDS array to make
   336 00000418 050F000000          <1>     add eax, 0Fh    ;Round up if not on a para boundary
   337 0000041D C1E804              <1>     shr eax, 4      ;Convert to paragraphs
   338 00000420 31DB                <1>     xor ebx, ebx
   339 00000422 89C3                <1>     mov ebx, eax
   340 00000424 B800480000          <1>     mov eax, 4800h  ;ALLOC, set the owner below
   341 00000429 CD21                <1>     int 21h
   342                              <1>     retc    ;Return if Carry set
    57                              <2> cret c
    19                              <3> %%_base:
    20                              <3> %assign baseVar %%_base-$$
    21                              <3> 
    22                              <3> 
    23                              <3> 
    24                              <3> 
    25                              <3> 
    26                              <3> 
    27                              <3> 
    28                              <3> 
    29                              <3> 
    30                              <3> 
    31                              <3> 
    32                              <3> 
    33                              <3> 
    34 0000042B 7301                <3>  j%-1 short %%a
    35                              <3>  return
    13                              <4> %%_ret:
    14 0000042D C3                  <4>  ret
    15                              <4> %assign retOff %%_ret-$$
    36                              <3> %%a:
    37                              <3> 
   343 0000042E 4889C7              <1>     mov rdi, rax            ;Save pointer to MCB in rdi
   344 00000431 482D10000000        <1>     sub rax, mcb_size       ;Move rax to point to MCB
   345 00000437 C6400D4C            <1>     mov byte [rax + mcb.subSysMark], mcbSubCDS  ;Mark as a CDS array
   346 0000043B 48C7400108000000    <1>     mov qword [rax + mcb.owner], mcbOwnerDOS    ;Mark as owned by DOS
   347                              <1> 
   348 00000443 6448893C25-         <1>     mov qword fs:[cdsHeadPtr], rdi
   348 00000448 [00000000]          <1>
   349 0000044C 57                  <1>     push rdi
   350 0000044D 51                  <1>     push rcx
   351 0000044E 89C8                <1>     mov eax, ecx
   352 00000450 B95F000000          <1>     mov ecx, cds_size
   353 00000455 F7E1                <1>     mul ecx ;Multiply eax with ecx to get number of bytes to null out
   354 00000457 89C1                <1>     mov ecx, eax
   355 00000459 31C0                <1>     xor eax, eax
   356 0000045B F3AA                <1>     rep stosb
   357 0000045D 59                  <1>     pop rcx
   358 0000045E 5F                  <1>     pop rdi
   359 0000045F 64488B1C25-         <1>     mov rbx, qword fs:[dpbHeadPtr]
   359 00000464 [00000000]          <1>
   360 00000468 B8413A5C00          <1>     mov eax, 005C3A41h      ;"A:\"+NULL char
   361                              <1> .tempCDS:
   362 0000046D 8907                <1>     mov dword [rdi + cds.sCurrentPath], eax
   363 0000046F 48895F45            <1>     mov qword [rdi + cds.qDPBPtr], rbx
   364 00000473 C7474D00000000      <1>     mov dword [rdi + cds.dStartCluster], 0  ;Root dir for all!
   365 0000047A 66C7475D0200        <1>     mov word [rdi + cds.wBackslashOffset], 2    ;Skip the X:
   366 00000480 31D2                <1>     xor edx, edx    ;Use edx for flags
   367 00000482 4881FBFFFFFFFF      <1>     cmp rbx, -1 ;Is rbx an invalid DPB ptr?
   368 00000489 7409                <1>     je .skipValidCDS
   369 0000048B BA00400000          <1>     mov edx, cdsValidDrive  ;If not, set drive to valid and...
   370 00000490 488B5B25            <1>     mov rbx, qword [rbx + dpb.qNextDPBPtr]  ;... go to next DPB
   371                              <1> .skipValidCDS:
   372 00000494 66895743            <1>     mov word [rdi + cds.wFlags], dx ;Store the flags now
   373 00000498 FFC0                <1>     inc eax ;Increment the drive letter
   374 0000049A 4881C75F000000      <1>     add rdi, cds_size   ;Goto next array entry
   375 000004A1 FFC9                <1>     dec ecx
   376 000004A3 75C8                <1>     jnz .tempCDS
   377 000004A5 C3                  <1>     ret
   378                              <1> initialCDSWritten:
   379                              <1> ;------------------------------------------------;
   380                              <1> ;        Create a Default Temporary Buffer       ;
   381                              <1> ;------------------------------------------------;
   382 000004A6 640FB71C25-         <1>     movzx ebx, word fs:[maxBytesSec]    ;Get buffer size
   382 000004AB [00000000]          <1>
   383 000004AF 81C320000000        <1>     add ebx, bufferHdr_size             ;add header size for allocation size
   384 000004B5 81C30F000000        <1>     add ebx, 0Fh
   385 000004BB C1EB04              <1>     shr ebx, 4  ;Convert to number of paragraphs
   386 000004BE B800480000          <1>     mov eax, 4800h  ;ALLOC, set the owner below
   387 000004C3 CD21                <1>     int 21h
   388 000004C5 0F82(00000000)      <1>     jc OEMHALT
   389 000004CB 6448890425-         <1>     mov qword fs:[bufHeadPtr], rax      ;Save pointer to buffer
   389 000004D0 [00000000]          <1>
   390 000004D4 48C700FFFFFFFF      <1>     mov qword [rax + bufferHdr.nextBufPtr], -1 ;Point to no buffer
   391 000004DB 66C74008FF00        <1>     mov word [rax + bufferHdr.driveNumber], 00FFh  ;Free buffer and clear flags    
   392 000004E1 482D10000000        <1>     sub rax, mcb_size   ;Now go back to the mcb itself
   393 000004E7 48C7400108000000    <1>     mov qword [rax + mcb.owner], mcbOwnerDOS    ;Set DOS as owner of Buffer
   394 000004EF C6400D42            <1>     mov byte [rax + mcb.subSysMark], mcbSubBuffers  ;Set this arena as a buffer
   395                              <1> ;------------------------------------------------;
   396                              <1> ;          Default File Handle Creation          ;
   397                              <1> ;                                                ;
   398                              <1> ;   Note: Devices are opened AUX, CON then PRN   ;
   399                              <1> ;------------------------------------------------;
   400                              <1> defaultFileHandles:
   401 000004F3 488D95[00000000]    <1>     lea rdx, qword [rbp + firstSftHeader]
   402 000004FA 6448891425-         <1>     mov qword fs:[sftHeadPtr], rdx  ;Start from this SFT header
   402 000004FF [00000000]          <1>
   403 00000503 48C702FFFFFFFF      <1>     mov qword [rdx + sfth.qNextSFTPtr], -1
   404 0000050A 66C742080500        <1>     mov word [rdx + sfth.wNumFiles], 5  ;This SFTH has space for 5 SFTs
   405                              <1> ;Select default drive here so openStreams doesnt fail!
   406 00000510 0FB695[00000000]    <1>     movzx edx, byte [rbp + bootDrive]    ;Get the default drive
   407 00000517 B8000E0000          <1>     mov eax, 0E00h ;Select drive
   408 0000051C CD21                <1>     int 21h
   409                              <1> 
   410 0000051E E832030000          <1>     call openStreams
   411 00000523 0F82(00000000)      <1>     jc OEMHALT
   412                              <1> ;------------------------------------------------;
   413                              <1> ;             Print Welcome Message              ;
   414                              <1> ;------------------------------------------------;
   415 00000529 488D15(00000000)    <1>     lea rdx, strtmsg
   416 00000530 B409                <1>     mov ah, 09h
   417 00000532 CD21                <1>     int 21h    
   418                              <1> ;------------------------------------------------;
   419                              <1> ;               Load CONFIG.SYS                  ;
   420                              <1> ;------------------------------------------------;
   421                              <1> ;Setup stackframe, workout base 
   422 00000534 55                  <1>     push rbp
   423 00000535 4889E5              <1>     mov rbp, rsp
   424 00000538 4881EC68000000      <1>     sub rsp, cfgFrame_size
   425 0000053F 0FB605(D3010000)    <1>     movzx eax, byte [BUFFERS]
   426 00000546 488945F8            <1>     mov qword [rbp - cfgFrame.newBuffers], rax
   427 0000054A 0FB605(D2010000)    <1>     movzx eax, byte [FILES]
   428 00000551 488945F0            <1>     mov qword [rbp - cfgFrame.newSFTVal], rax
   429 00000555 48C745E804000000    <1>     mov qword [rbp - cfgFrame.newFCBSVal], fcbsDefault
   430 0000055D 48C745E000000000    <1>     mov qword [rbp - cfgFrame.newProtFCBSVal], safeFcbsDeflt
   431 00000565 0FB605(D5010000)    <1>     movzx eax, byte [LASTDRIVE]
   432 0000056C 488945D8            <1>     mov qword [rbp - cfgFrame.newLastdrive], rax
   433                              <1> 
   434 00000570 488D15(49000000)    <1>     lea rdx, cfgspec    ;CONFIG.SYS, must be on bootdrive for now
   435 00000577 B43D                <1>     mov ah, 3Dh ;Open file for reading
   436 00000579 B000                <1>     mov al, openRdAcc
   437 0000057B CD21                <1>     int 21h
   438 0000057D 7216                <1>     jc noCfg  ;If no CONFIG.SYS found, just use defaults that are already setup
   439 0000057F E88C050000          <1>     call configParse ;Else, parse the config file
   440                              <1> ;Config.sys mightve made changes to files. Update DOS!
   441 00000584 0FB645F0            <1>     movzx eax, byte [rbp - cfgFrame.newSFTVal]
   442 00000588 64880425[00000000]  <1>     mov byte fs:[numFiles], al
   443                              <1> ;If a driver installed a new DPB device, check if it's sector size is bigger.
   444 00000590 E895020000          <1>     call sectorSizeSet  ;This is needed for setting the buffer sizes
   445                              <1> ;------------------------------------------------;
   446                              <1> ;   Setup Final Data Areas With Overrides from   ;
   447                              <1> ;                  CONFIG.SYS                    ;
   448                              <1> ;------------------------------------------------;
   449                              <1> ;Add additional buffers.
   450                              <1> ;Add additional SFT entries.
   451                              <1> ;Add additional FCBS.
   452                              <1> ;Create a larger CDS if needed.
   453                              <1> noCfg:
   454                              <1> ;Start with buffers:
   455 00000595 488B4DF8            <1>     mov rcx, qword [rbp - cfgFrame.newBuffers]    ;Get new number of buffers
   456 00000599 81F901000000        <1>     cmp ecx, 1   ;If its only one buffer, skip as we have one already
   457 0000059F 0F849D000000        <1>     je .skipBuffers
   458 000005A5 FFC9                <1>     dec ecx  ;Minus one now
   459 000005A7 64880C25[00000000]  <1>     mov byte fs:[numBuffers], cl    ;Store this value in var
   460                              <1>     ;Now do the allocation at rdi. Each buffer = maxSectorSize + bufferHdr_size
   461 000005AF 640FB70425-         <1>     movzx eax, word fs:[maxBytesSec]    ;Get buffer sector size
   461 000005B4 [00000000]          <1>
   462 000005B8 0520000000          <1>     add eax, bufferHdr_size ;eax has the size to add
   463 000005BD 50                  <1>     push rax    ;Save the total number of bytes for a buffer and its header
   464 000005BE F7E1                <1>     mul ecx ;Get total size to allocate in eax
   465 000005C0 5A                  <1>     pop rdx     ;and get the total value back in rdx
   466 000005C1 89C3                <1>     mov ebx, eax    ;Move the total number of bytes into ebx
   467 000005C3 81C30F000000        <1>     add ebx, 0Fh
   468 000005C9 C1EB04              <1>     shr ebx, 4      ;And convert it to paragraphs
   469 000005CC B800480000          <1>     mov eax, 4800h  ;ALLOC, set the owner below
   470 000005D1 CD21                <1>     int 21h
   471 000005D3 726D                <1>     jc short .skipBuffers   ;If it fails to allocate, default to one buffer
   472                              <1>     ;Each buffer has no flags, drive number must be -1
   473 000005D5 4889D3              <1>     mov rbx, rdx    ;Put the total number of bytes per buffer in rbx
   474 000005D8 4889C7              <1>     mov rdi, rax    ;Point rdi to the new area 
   475 000005DB 482D10000000        <1>     sub rax, mcb.program    ;Point rax to the head of the mcb
   476 000005E1 48C7400108000000    <1>     mov qword [rax + mcb.owner], mcbOwnerDOS    ;Mark as owned by DOS
   477 000005E9 C6400D42            <1>     mov byte [rax + mcb.subSysMark], mcbSubBuffers  ;Buffer buffer (funny)
   478 000005ED 64488B0425-         <1>     mov rax, qword fs:[bufHeadPtr]  ;Get the pointer to the first buffer
   478 000005F2 [00000000]          <1>
   479 000005F6 488938              <1>     mov qword [rax + bufferHdr.nextBufPtr], rdi ;And set the new next buffer to point to it
   480 000005F9 4889FE              <1>     mov rsi, rdi    ;Points rsi to first new buffer space
   481 000005FC 31C0                <1>     xor eax, eax    ;Use for sanitising buffer headers
   482 000005FE FFC9                <1>     dec ecx         ;Reduce to convert from 1 based count to 0 based
   483 00000600 67E321              <1>     jecxz .lastBuffer
   484                              <1> .bufferLoop:
   485 00000603 4801DF              <1>     add rdi, rbx    ;Goto next buffer space
   486 00000606 48893E              <1>     mov qword [rsi + bufferHdr.nextBufPtr], rdi ;Point to next buffer
   487 00000609 66C74608FF00        <1>     mov word [rsi + bufferHdr.driveNumber], 00FFh  ;Free buffer and clear flags
   488 0000060F 4889460A            <1>     mov qword [rsi + bufferHdr.bufferLBA], rax
   489 00000613 884612              <1>     mov byte [rsi + bufferHdr.bufFATcopy], al
   490 00000616 894613              <1>     mov dword [rsi + bufferHdr.bufFATsize], eax
   491 00000619 48894617            <1>     mov qword [rsi + bufferHdr.driveDPBPtr], rax
   492 0000061D 4889FE              <1>     mov rsi, rdi    ;Move rsi to next buffer position
   493 00000620 FFC9                <1>     dec ecx
   494 00000622 75DF                <1>     jnz .bufferLoop
   495                              <1> .lastBuffer:
   496 00000624 4801DF              <1>     add rdi, rbx    ;Goto past the last buffer
   497 00000627 48C706FFFFFFFF      <1>     mov qword [rsi + bufferHdr.nextBufPtr], -1 ;Point to no buffer
   498 0000062E 66C74608FF00        <1>     mov word [rsi + bufferHdr.driveNumber], 00FFh  ;Free buffer and clear flags
   499 00000634 4889460A            <1>     mov qword [rsi + bufferHdr.bufferLBA], rax
   500 00000638 884612              <1>     mov byte [rsi + bufferHdr.bufFATcopy], al
   501 0000063B 894613              <1>     mov dword [rsi + bufferHdr.bufFATsize], eax
   502 0000063E 48894617            <1>     mov qword [rsi + bufferHdr.driveDPBPtr], rax
   503                              <1> .skipBuffers:
   504                              <1> ;Now build a new SFT header for the number of files specified by user
   505 00000642 488B4DF0            <1>     mov rcx, qword [rbp - cfgFrame.newSFTVal]
   506 00000646 81F905000000        <1>     cmp ecx, 5  ;If we are not adding anything, skip building SFT
   507 0000064C 7663                <1>     jbe short .skipSFT
   508                              <1>     ;First compute how big this new arena needs to be
   509 0000064E 81E905000000        <1>     sub ecx, 5   ;Remove the default five files that are *always* present!
   510 00000654 B857000000          <1>     mov eax, sft_size
   511 00000659 F7E1                <1>     mul ecx ;Get number of files*size of file in bytes in eax
   512 0000065B 050A000000          <1>     add eax, sfth_size  ;Add the size of one SFT header
   513 00000660 89C3                <1>     mov ebx, eax        ;And move into ebx for the syscall
   514 00000662 81C30F000000        <1>     add ebx, 0Fh        ;Round up to nearest paragraph...
   515 00000668 C1EB04              <1>     shr ebx, 4          ;And convert to paragraphs
   516 0000066B B800480000          <1>     mov eax, 4800h      ;ALLOC, set the owner below
   517 00000670 CD21                <1>     int 21h
   518 00000672 723D                <1>     jc short .skipSFT   ;Skip adding files if this fails. Sorry end user!
   519 00000674 64488B3425-         <1>     mov rsi, qword fs:[sftHeadPtr]
   519 00000679 [00000000]          <1>
   520 0000067D 488906              <1>     mov qword [rsi + sfth.qNextSFTPtr], rax ;RAX points to the next sfth
   521 00000680 66894808            <1>     mov word [rax + sfth.wNumFiles], cx ;Move remaining files here
   522 00000684 48C700FFFFFFFF      <1>     mov qword [rax + sfth.qNextSFTPtr], -1  ;Last table in chain    
   523 0000068B 482D10000000        <1>     sub rax, mcb.program    ;Point to MCB now
   524 00000691 48C7400108000000    <1>     mov qword [rax + mcb.owner], mcbOwnerDOS
   525 00000699 C6400D46            <1>     mov byte [rax + mcb.subSysMark], mcbSubFiles
   526                              <1>     ;Point rdi to first sft in this arena
   527 0000069D 488D781A            <1>     lea rdi, qword [rax + sfth_size + mcb_size]
   528                              <1> .initExtraSFTs:
   529 000006A1 66C7070000          <1>     mov word [rdi], 0
   530 000006A6 4881C757000000      <1>     add rdi, sft_size   ;Goto next SFT
   531 000006AD FFC9                <1>     dec ecx
   532 000006AF 75F0                <1>     jnz .initExtraSFTs  ;Remember uop hybridisation (don't use loop)
   533                              <1> .skipSFT:
   534                              <1> ;FCBS now
   535 000006B1 488B4DE8            <1>     mov rcx, qword [rbp - cfgFrame.newFCBSVal]
   536 000006B5 67E346              <1>     jecxz .skipFCBS ;Skip if no FCBS requested
   537 000006B8 B857000000          <1>     mov eax, sft_size
   538 000006BD F7E1                <1>     mul ecx ;Get number of files*size of file in bytes in eax
   539 000006BF 050A000000          <1>     add eax, sfth_size  ;Add the size of one SFT header
   540 000006C4 89C3                <1>     mov ebx, eax        ;And move into ebx for the syscall
   541 000006C6 81C30F000000        <1>     add ebx, 0Fh        ;Round up to nearest paragraph...
   542 000006CC C1EB04              <1>     shr ebx, 4          ;And convert to paragraphs
   543 000006CF B800480000          <1>     mov eax, 4800h      ;ALLOC, set the owner below
   544 000006D4 CD21                <1>     int 21h
   545 000006D6 7226                <1>     jc short .skipFCBS   ;Skip adding files if this fails. Sorry end user!
   546 000006D8 6448890425-         <1>     mov qword fs:[fcbsHeadPtr], rax ;This is the FCBS head now
   546 000006DD [00000000]          <1>
   547 000006E1 66894808            <1>     mov word [rax + sfth.wNumFiles], cx ;Move FCBS here
   548 000006E5 48C700FFFFFFFF      <1>     mov qword [rax + sfth.qNextSFTPtr], -1  ;Last table in chain  
   549 000006EC 482D10000000        <1>     sub rax, mcb.program    ;Point to MCB now
   550 000006F2 48C7400108000000    <1>     mov qword [rax + mcb.owner], mcbOwnerDOS
   551 000006FA C6400D58            <1>     mov byte [rax + mcb.subSysMark], mcbSubFCBS
   552                              <1> .skipFCBS:
   553                              <1> ;And CDS now
   554 000006FE 488B4DD8            <1>     mov rcx, qword [rbp - cfgFrame.newLastdrive]
   555                              <1>     ;First free the old CDS and then reallocate. If nothing changed, DOS
   556                              <1>     ; will reallocate this space. This is done to create CDS's for any newly
   557                              <1>     ; installed drives from CONFIG.SYS
   558 00000702 644C8B0425-         <1>     mov r8, qword fs:[cdsHeadPtr]
   558 00000707 [00000000]          <1>
   559 0000070B B800490000          <1>     mov eax, 4900h  ;FREE the old allocation, owned by mcbOwnerDOS.
   560 00000710 CD21                <1>     int 21h
   561 00000712 720D                <1>     jc short .skipCDS
   562 00000714 64880C25[00000000]  <1>     mov byte fs:[lastdrvNum], cl ;Save this value
   563 0000071C E8F0FCFFFF          <1>     call makeCDSArray
   564                              <1> .skipCDS:
   565 00000721 4889EC              <1>     mov rsp, rbp    ;Return stack pointer to original position
   566 00000724 5D                  <1>     pop rbp ;Stack frame no longer needed
   567                              <1> ;Now we close all five default handles and open AUX, CON and PRN
   568                              <1> ; and reopen the handles as user may have loaded new CON/AUX/PRN etc drivers
   569 00000725 31DB                <1>     xor ebx, ebx
   570                              <1> closeHandlesLoop:
   571 00000727 B8003E0000          <1>     mov eax, 3e00h  ;Close
   572 0000072C CD21                <1>     int 21h
   573 0000072E FFC3                <1>     inc ebx ;Goto next handle
   574 00000730 81FB06000000        <1>     cmp ebx, 6
   575 00000736 75EF                <1>     jne closeHandlesLoop
   576 00000738 E818010000          <1>     call openStreams
   577                              <1> l1:
   578 0000073D BB00100000          <1>     mov ebx, 1000h  ;Get a 64Kb block
   579 00000742 B800480000          <1>     mov eax, 4800h  ;Allocate the memory block
   580 00000747 CD21                <1>     int 21h         ;Malloc and get pointer in rbx
   581 00000749 0F82B5000000        <1>     jc badMem
   582 0000074F 4889C3              <1>     mov rbx, rax    ;Get pointer to block header to set owner to DOS
   583 00000752 4881EB10000000      <1>     sub rbx, mcb_size
   584 00000759 48C7430108000000    <1>     mov qword [rbx + mcb.owner], mcbOwnerDOS
   585 00000761 488905(D7010000)    <1>     mov qword [OEMMEMPTR], rax   ;Save the pointer here
   586 00000768 4C8D05(22020000)    <1>     lea r8, tempPSP ;Get the DOS PSP pointer to r8
   587 0000076F 4989C1              <1>     mov r9, rax  ;Copy the Memory arena pointer to r9
   588                              <1>     ;Input: r8 = PSP
   589                              <1>     ;       r9 = Memory Arena Pointer
   590                              <1>     ;All regs must be preserved (including r9, even if you free. Dont free!)
   591 00000772 E8(00000000)        <1>     call OEMCALLBK  ;Return CF=CY if OEM wants to keep the memory block
   592 00000777 720E                <1>     jc short l2 
   593 00000779 4C8B05(D7010000)    <1>     mov r8, qword [OEMMEMPTR]
   594 00000780 B800490000          <1>     mov eax, 4900h  ;Free the memory block
   595 00000785 CD21                <1>     int 21h
   596                              <1> l2:
   597                              <1> ;Before loading shell, sanitise registers.
   598                              <1> ;This is to prevent any undesired values from passing to processes.
   599 00000787 31C0                <1>     xor eax, eax    ;Set a value of 0 in edx:eax
   600 00000789 89C2                <1>     mov edx, eax
   601 0000078B B9000100C0          <1>     mov ecx, 0C0000100h ;Write FS MSR
   602 00000790 0F30                <1>     wrmsr               ;Clear FS MSR to 0
   603 00000792 FFC1                <1>     inc ecx             ;Write GS MSR
   604 00000794 0F30                <1>     wrmsr               ;Clear GS MSR to 0
   605 00000796 4D31FF              <1>     xor r15, r15
   606 00000799 4D31F6              <1>     xor r14, r14
   607 0000079C 4D31ED              <1>     xor r13, r13
   608 0000079F 4D31E4              <1>     xor r12, r12
   609 000007A2 4D31DB              <1>     xor r11, r11
   610 000007A5 4D31D2              <1>     xor r10, r10
   611                              <1> ;Load Shell now.
   612 000007A8 488D1545000000      <1>     lea rdx, initBadRet
   613 000007AF B822250000          <1>     mov eax, 2522h  ;Setup the return address if the top level process dies
   614 000007B4 CD21                <1>     int 21h
   615 000007B6 488D1D(02020000)    <1>     lea rbx, cmdBlock
   616 000007BD 488D35(22020000)    <1>     lea rsi, tempPSP
   617 000007C4 488D465C            <1>     lea rax, qword [rsi + psp.fcb1]
   618 000007C8 48894310            <1>     mov qword [rbx + execProg.pfcb1], rax
   619 000007CC 488D466C            <1>     lea rax, qword [rsi + psp.fcb2]
   620 000007D0 48894318            <1>     mov qword [rbx + execProg.pfcb2], rax
   621 000007D4 488D8680000000      <1>     lea rax, qword [rsi + psp.dta]  ;Get the dummy command line ptr
   622 000007DB 48894308            <1>     mov qword [rbx + execProg.pCmdLine], rax    ;Store dummy command line here
   623 000007DF 48C70300000000      <1>     mov qword [rbx + execProg.pEnv], 0  ;Pass a zero to indicate initial load!
   624                              <1>     ;lea rax, dfltEnv
   625                              <1>     ;mov qword [rbx + execProg.pEnv], rax    ;Pass the default empty environment
   626 000007E6 488D15(57000000)    <1>     lea rdx, cmdSpec
   627 000007ED B8004B0000          <1>     mov eax, 4B00h  ;Exec Prog
   628 000007F2 CD21                <1>     int 21h
   629                              <1> initBadRet:
   630 000007F4 488D15(16000000)    <1>     lea rdx, badCom
   631 000007FB B409                <1>     mov ah, 09h ;Print message
   632 000007FD CD21                <1>     int 21h
   633                              <1> hltLbl:
   634 000007FF F4                  <1>     hlt
   635 00000800 F390                <1>     pause
   636 00000802 EBFB                <1>     jmp short hltLbl
   637                              <1> badMem:
   638 00000804 488D1509000000      <1>     lea rdx, memErr
   639 0000080B B800090000          <1>     mov eax, 0900h
   640 00000810 CD21                <1>     int 21h
   641 00000812 EBEB                <1>     jmp short hltLbl
   642 00000814 53797374656D204D65- <1> memErr  db "System Memory Error",0Ah,0Dh,"$"
   642 0000081D 6D6F7279204572726F- <1>
   642 00000826 720A0D24            <1>
   643                              <1> 
   644                              <1> ;--------------------------------------------------------;
   645                              <1> ;--------------------------------------------------------;
   646                              <1> ;                Procedures for SYSINIT                  ;
   647                              <1> ;--------------------------------------------------------;
   648                              <1> ;--------------------------------------------------------;
   649                              <1> 
   650                              <1> sectorSizeSet:
   651                              <1> ;Done by reading DPB's for each drive
   652 0000082A 31C0                <1>     xor eax, eax
   653 0000082C 64488B1425-         <1>     mov rdx, qword fs:[dpbHeadPtr]  ;Get ptr to first DPB
   653 00000831 [00000000]          <1>
   654                              <1>     ;Go thru each block individually
   655                              <1> .findLargest:
   656 00000835 663B4202            <1>     cmp ax, word [rdx + dpb.wBytesPerSector]    ;Is current bigger than max?
   657 00000839 660F424202          <1>     cmovb ax, word [rdx + dpb.wBytesPerSector]  ;Move if so
   658 0000083E 488B5225            <1>     mov rdx, qword [rdx + dpb.qNextDPBPtr]  ;Goto next DPB
   659 00000842 4881FAFFFFFFFF      <1>     cmp rdx, -1 ;We at the end?
   660 00000849 75EA                <1>     jne short .findLargest  ;If not, keep checking
   661 0000084B 6466890425-         <1>     mov word fs:[maxBytesSec], ax
   661 00000850 [00000000]          <1>
   662                              <1>     return
    13                              <2> %%_ret:
    14 00000854 C3                  <2>  ret
    15                              <2> %assign retOff %%_ret-$$
   663                              <1> 
   664                              <1> openStreams:
   665                              <1> ;If this returns with CF=CY, an error occured.
   666 00000855 488D15(41000000)    <1>     lea rdx, auxName
   667 0000085C B8023D0000          <1>     mov eax, 3D02h   ;Open read/write
   668 00000861 CD21                <1>     int 21h
   669                              <1>     retc
    57                              <2> cret c
    19                              <3> %%_base:
    20                              <3> %assign baseVar %%_base-$$
    21                              <3> 
    22                              <3> 
    23                              <3> 
    24                              <3> 
    25                              <3> 
    26                              <3> 
    27                              <3> 
    28                              <3> 
    29                              <3> 
    30                              <3> 
    31                              <3> 
    32                              <3> 
    33                              <3> 
    34 00000863 7301                <3>  j%-1 short %%a
    35                              <3>  return
    13                              <4> %%_ret:
    14 00000865 C3                  <4>  ret
    15                              <4> %assign retOff %%_ret-$$
    36                              <3> %%a:
    37                              <3> 
   670 00000866 89C3                <1>     mov ebx, eax
   671 00000868 B903000000          <1>     mov ecx, 3  ;
   672 0000086D B800460000          <1>     mov eax, 4600h  ;DUP2
   673 00000872 CD21                <1>     int 21h
   674                              <1>     retc
    57                              <2> cret c
    19                              <3> %%_base:
    20                              <3> %assign baseVar %%_base-$$
    21                              <3> 
    22                              <3> 
    23                              <3> 
    24                              <3> 
    25                              <3> 
    26                              <3> 
    27                              <3> 
    28                              <3> 
    29                              <3> 
    30                              <3> 
    31                              <3> 
    32                              <3> 
    33                              <3> 
    34 00000874 7301                <3>  j%-1 short %%a
    35                              <3>  return
    13                              <4> %%_ret:
    14 00000876 C3                  <4>  ret
    15                              <4> %assign retOff %%_ret-$$
    36                              <3> %%a:
    37                              <3> 
   675 00000877 B8003E0000          <1>     mov eax, 3e00h
   676 0000087C CD21                <1>     int 21h ;Close the original handle
   677                              <1>     retc
    57                              <2> cret c
    19                              <3> %%_base:
    20                              <3> %assign baseVar %%_base-$$
    21                              <3> 
    22                              <3> 
    23                              <3> 
    24                              <3> 
    25                              <3> 
    26                              <3> 
    27                              <3> 
    28                              <3> 
    29                              <3> 
    30                              <3> 
    31                              <3> 
    32                              <3> 
    33                              <3> 
    34 0000087E 7301                <3>  j%-1 short %%a
    35                              <3>  return
    13                              <4> %%_ret:
    14 00000880 C3                  <4>  ret
    15                              <4> %assign retOff %%_ret-$$
    36                              <3> %%a:
    37                              <3> 
   678 00000881 B8023D0000          <1>     mov eax, 3D02h  ;Open read/write
   679 00000886 488D15(3D000000)    <1>     lea rdx, conName
   680 0000088D CD21                <1>     int 21h
   681                              <1>     retc
    57                              <2> cret c
    19                              <3> %%_base:
    20                              <3> %assign baseVar %%_base-$$
    21                              <3> 
    22                              <3> 
    23                              <3> 
    24                              <3> 
    25                              <3> 
    26                              <3> 
    27                              <3> 
    28                              <3> 
    29                              <3> 
    30                              <3> 
    31                              <3> 
    32                              <3> 
    33                              <3> 
    34 0000088F 7301                <3>  j%-1 short %%a
    35                              <3>  return
    13                              <4> %%_ret:
    14 00000891 C3                  <4>  ret
    15                              <4> %assign retOff %%_ret-$$
    36                              <3> %%a:
    37                              <3> 
   682 00000892 89C3                <1>     mov ebx, eax    ;Move file handle to ebx
   683 00000894 B800450000          <1>     mov eax, 4500h  ;DUP
   684 00000899 CD21                <1>     int 21h
   685                              <1>     retc
    57                              <2> cret c
    19                              <3> %%_base:
    20                              <3> %assign baseVar %%_base-$$
    21                              <3> 
    22                              <3> 
    23                              <3> 
    24                              <3> 
    25                              <3> 
    26                              <3> 
    27                              <3> 
    28                              <3> 
    29                              <3> 
    30                              <3> 
    31                              <3> 
    32                              <3> 
    33                              <3> 
    34 0000089B 7301                <3>  j%-1 short %%a
    35                              <3>  return
    13                              <4> %%_ret:
    14 0000089D C3                  <4>  ret
    15                              <4> %assign retOff %%_ret-$$
    36                              <3> %%a:
    37                              <3> 
   686 0000089E B800450000          <1>     mov eax, 4500h  ;DUP
   687 000008A3 CD21                <1>     int 21h
   688                              <1>     retc
    57                              <2> cret c
    19                              <3> %%_base:
    20                              <3> %assign baseVar %%_base-$$
    21                              <3> 
    22                              <3> 
    23                              <3> 
    24                              <3> 
    25                              <3> 
    26                              <3> 
    27                              <3> 
    28                              <3> 
    29                              <3> 
    30                              <3> 
    31                              <3> 
    32                              <3> 
    33                              <3> 
    34 000008A5 7301                <3>  j%-1 short %%a
    35                              <3>  return
    13                              <4> %%_ret:
    14 000008A7 C3                  <4>  ret
    15                              <4> %assign retOff %%_ret-$$
    36                              <3> %%a:
    37                              <3> 
   689 000008A8 488D15(45000000)    <1>     lea rdx, prnName
   690 000008AF B8023D0000          <1>     mov eax, 3D02h
   691 000008B4 CD21                <1>     int 21h       ;Open file
   692                              <1>     return
    13                              <2> %%_ret:
    14 000008B6 C3                  <2>  ret
    15                              <2> %assign retOff %%_ret-$$
   693                              <1> 
   694                              <1> addDriverMarkers:
   695                              <1> ;Traverses the MCB chain after a driver init to add the correct subsytem 
   696                              <1> ; information and owner to each memory block. Used for drivers that allocate
   697                              <1> ; their own memory using ALLOC.
   698                              <1> ;All drivers (kernel and config) initialise using sysinit's own PSP. Thus
   699                              <1> ; any allocations made during this time result in arenas with owner 
   700                              <1> ; of qword [currentPSP]. We replace each such owner with mcbOwnerDOS and
   701                              <1> ; set the subsytem mark to driver extra. This works because in config.sys
   702                              <1> ; we load the driver into its own arena first and modify the MCB manually.
   703                              <1> ;Kernel drivers dont have a separate allocation so any allocation after 
   704                              <1> ; init must be an extra block.
   705                              <1> ;Input: Nothing
   706                              <1> ;Output: Sets all MCBs with currentPSP owner to mcbOwnerDOS and mcbSubDrvExtra
   707 000008B7 50                  <1>     push rax
   708 000008B8 56                  <1>     push rsi
   709 000008B9 57                  <1>     push rdi
   710 000008BA 488BBD[00000000]    <1>     mov rdi, qword [rbp + currentPSP]
   711 000008C1 488BB5[00000000]    <1>     mov rsi, qword [rbp + mcbChainPtr] ;Points to the kernel allocation
   712 000008C8 EB0E                <1>     jmp short .gotoNextBlock    ;Skip the first alloc (the kernel)
   713                              <1> .checkSubsystem:
   714 000008CA 48397E01            <1>     cmp qword [rsi + mcb.owner], rdi
   715 000008CE 7508                <1>     jne short .gotoNextBlock
   716                              <1> ;Twiddle this newly allocated block!
   717 000008D0 C6460D4C            <1>     mov byte [rsi + mcb.subSysMark], mcbSubDrvExtra
   718 000008D4 C6460108            <1>     mov byte [rsi + mcb.owner], mcbOwnerDOS
   719                              <1> .gotoNextBlock:
   720 000008D8 803E5A              <1>     cmp byte [rsi + mcb.marker], mcbMarkEnd
   721 000008DB 7413                <1>     je short .exit
   722 000008DD 8B4609              <1>     mov eax, dword [rsi + mcb.blockSize]
   723 000008E0 48C1E004            <1>     shl rax, 4
   724 000008E4 4881C610000000      <1>     add rsi, mcb.program    
   725 000008EB 4801C6              <1>     add rsi, rax
   726 000008EE EBDA                <1>     jmp short .checkSubsystem
   727                              <1> .exit:
   728 000008F0 5F                  <1>     pop rdi
   729 000008F1 5E                  <1>     pop rsi
   730 000008F2 58                  <1>     pop rax
   731                              <1>     return
    13                              <2> %%_ret:
    14 000008F3 C3                  <2>  ret
    15                              <2> %assign retOff %%_ret-$$
   732                              <1> 
   733                              <1> convertBPBArray:
   734                              <1> ;rsi -> BPB array
   735                              <1> ;rbp -> Space for cl consecutive DPB's
   736                              <1> ;rdi -> Driver header
   737                              <1> ;cl = Number of BPBs to process
   738                              <1> ;If ZF=NZ on entry, link the end of the last DPB array 
   739 000008F4 E855000000          <1>     call .findLastDPB
   740 000008F9 0FB6C9              <1>     movzx ecx, cl   ;Use ch as the unit number counter
   741                              <1> .buildNext:
   742 000008FC 640FB60425-         <1>     movzx eax, byte fs:[numPhysVol] ;Get current # drives
   742 00000901 [00000000]          <1>
   743 00000905 884500              <1>     mov byte [rbp + dpb.bDriveNumber], al   ;Set it as drvnum
   744 00000908 64FE0425[00000000]  <1>     inc byte fs:[numPhysVol]    ;One more physical volume present!
   745 00000910 886D01              <1>     mov byte [rbp + dpb.bUnitNumber], ch    ;Set unit number
   746 00000913 48897D1B            <1>     mov qword [rbp + dpb.qDriverHeaderPtr], rdi ;Store ptr to driver
   747                              <1> 
   748 00000917 56                  <1>     push rsi
   749 00000918 488B36              <1>     mov rsi, qword [rsi]    ;Get the BPB pointer from the BPB array
   750 0000091B B800530000          <1>     mov eax, 5300h ;Build DPB
   751 00000920 CD21                <1>     int 21h
   752 00000922 5E                  <1>     pop rsi
   753                              <1> 
   754 00000923 FEC5                <1>     inc ch  ;Goto next unit number
   755 00000925 38E9                <1>     cmp cl, ch  ;When equal, exit!
   756 00000927 7414                <1>     jz short .exit
   757 00000929 488D4535            <1>     lea rax, qword [rbp + dpb_size]
   758 0000092D 48894525            <1>     mov qword [rbp + dpb.qNextDPBPtr], rax
   759 00000931 4889C5              <1>     mov rbp, rax    ;Advance rbp by that amount
   760 00000934 4881C608000000      <1>     add rsi, 8 ;Go to the next BPB in the BPB array
   761 0000093B EBBF                <1>     jmp short .buildNext
   762                              <1> .exit:
   763                              <1>     ;Now set next DPB as -1 i.e end of chain!
   764 0000093D 31C0                <1>     xor eax, eax
   765 0000093F 48FFC8              <1>     dec rax
   766 00000942 48894525            <1>     mov qword [rbp + dpb.qNextDPBPtr], rax
   767 00000946 4881C535000000      <1>     add rbp, dpb_size   ;Point rbp past the next DPB
   768 0000094D C3                  <1>     ret
   769                              <1> .findLastDPB:
   770                              <1> ;Finds the last DPB and links the next DPB to it
   771 0000094E 64488B0425-         <1>     mov rax, qword fs:[dpbHeadPtr]
   771 00000953 [00000000]          <1>
   772 00000957 4885C0              <1>     test rax, rax
   773 0000095A 7415                <1>     jz short .first 
   774                              <1> .lp:
   775 0000095C 48817825FFFFFFFF    <1>     cmp qword [rax + dpb.qNextDPBPtr], -1   ;End of chain?
   776 00000964 7406                <1>     je short .lastFound
   777 00000966 488B4025            <1>     mov rax, qword [rax + dpb.qNextDPBPtr]  ;Get this pointer in rax
   778 0000096A EBF0                <1>     jmp short .lp   ;And go again
   779                              <1> .lastFound:
   780 0000096C 48896825            <1>     mov qword [rax + dpb.qNextDPBPtr], rbp  ;The next dpb will go here
   781 00000970 C3                  <1>     ret
   782                              <1> .first:
   783                              <1> ;If this is the first DPB array, set the dpbHeadPtr
   784 00000971 6448892C25-         <1>     mov qword fs:[dpbHeadPtr], rbp
   784 00000976 [00000000]          <1>
   785 0000097A C3                  <1>     ret
   786                              <1> 
   787                              <1> ejectKernelInit:
   788                              <1> ;Reallocates the space allocated to the driver file after 
   789                              <1> ; init was called.
   790                              <1> ;Input: rbx -> Pointer to the original end of the allocation (para aligned)
   791                              <1> ;       r8 -> Points to the mcb header for reallocation
   792                              <1> ;Uses the sysinit init drive block. 
   793                              <1> ;rax, rbx, rflags trashed
   794                              <1> ;If returns CF=CY, error in reallocation.
   795 0000097B 53                  <1>     push rbx
   796 0000097C 488D1D(E3010000)    <1>     lea rbx, initDrvBlk
   797 00000983 488B430E            <1>     mov rax, qword [rbx + initReqPkt.endptr]
   798 00000987 5B                  <1>     pop rbx
   799                              <1>     ;If this endptr is zero or -1 ignore it. 
   800                              <1>     ;If this endptr is greater than the end of alloc, ignore it.
   801 00000988 4885C0              <1>     test rax, rax
   802                              <1>     retz
    41                              <2> cret z
    19                              <3> %%_base:
    20                              <3> %assign baseVar %%_base-$$
    21                              <3> 
    22                              <3> 
    23                              <3> 
    24                              <3> 
    25                              <3> 
    26                              <3> 
    27                              <3> 
    28                              <3> 
    29                              <3> 
    30                              <3> 
    31                              <3> 
    32                              <3> 
    33                              <3> 
    34 0000098B 7501                <3>  j%-1 short %%a
    35                              <3>  return
    13                              <4> %%_ret:
    14 0000098D C3                  <4>  ret
    15                              <4> %assign retOff %%_ret-$$
    36                              <3> %%a:
    37                              <3> 
   803 0000098E 48FFC0              <1>     inc rax ;Carry over to 0 if this is -1
   804                              <1>     retz
    41                              <2> cret z
    19                              <3> %%_base:
    20                              <3> %assign baseVar %%_base-$$
    21                              <3> 
    22                              <3> 
    23                              <3> 
    24                              <3> 
    25                              <3> 
    26                              <3> 
    27                              <3> 
    28                              <3> 
    29                              <3> 
    30                              <3> 
    31                              <3> 
    32                              <3> 
    33                              <3> 
    34 00000991 7501                <3>  j%-1 short %%a
    35                              <3>  return
    13                              <4> %%_ret:
    14 00000993 C3                  <4>  ret
    15                              <4> %assign retOff %%_ret-$$
    36                              <3> %%a:
    37                              <3> 
   805 00000994 48FFC8              <1>     dec rax ;Return to original value
   806 00000997 48050F000000        <1>     add rax, 0Fh    ;Paragraph align the endptr
   807 0000099D 48C1E804            <1>     shr rax, 4
   808 000009A1 48C1E004            <1>     shl rax, 4
   809 000009A5 4829C3              <1>     sub rbx, rax    ;If this is above zero then rbx > rax, which is valid
   810 000009A8 7621                <1>     jbe short .exit   ;If equal or below zero, dont reallocate
   811 000009AA 418B80[09000000]    <1>     mov eax, dword [r8 + anchorMcb + mcb.blockSize]    ;Get alloc size
   812 000009B1 4150                <1>     push r8 ;Save the pointer to the mcb before using syscall
   813 000009B3 4981C010000000      <1>     add r8, mcb.program ;Goto program
   814 000009BA C1EB04              <1>     shr ebx, 4  ;Now convert the difference into number of paragraphs
   815 000009BD 29D8                <1>     sub eax, ebx
   816 000009BF 89C3                <1>     mov ebx, eax
   817 000009C1 B8004A0000          <1>     mov eax, 4A00h  ;Reallocate space
   818 000009C6 CD21                <1>     int 21h
   819 000009C8 4158                <1>     pop r8
   820                              <1>     return
    13                              <2> %%_ret:
    14 000009CA C3                  <2>  ret
    15                              <2> %assign retOff %%_ret-$$
   821                              <1> .exit:
   822 000009CB F8                  <1>     clc ;Make sure to clear the CF flag before returning
   823                              <1>     return
    13                              <2> %%_ret:
    14 000009CC C3                  <2>  ret
    15                              <2> %assign retOff %%_ret-$$
   824                              <1> 
   825                              <1> initDriver:
   826                              <1> ;Initialises one driver and adjusts the DOS data appropriately
   827                              <1> ;If on return CF=CY then the driver didnt want to be loaded
   828                              <1> ;Preserves rbx (initReqPkt), rbp (DOSSEG ptr), rsi (driver pointer)
   829                              <1> ;initReqPkt.optptr must be set before calling this function if cmdline
   830                              <1> ; arguments are to be passed to the driver
   831                              <1> ;Input: rsi -> driver pointer
   832                              <1> ;       rbx -> sysinit request pointer
   833                              <1> ;       rbp -> DOSSEG pointer
   834 000009CD C6031F              <1>     mov byte [rbx + initReqPkt.hdrlen], initReqPkt_size
   835 000009D0 C6430200            <1>     mov byte [rbx + initReqPkt.cmdcde], drvINIT
   836 000009D4 66C743030000        <1>     mov word [rbx + initReqPkt.status], 0
   837 000009DA 8A85[00000000]      <1>     mov al, byte [rbp + numPhysVol]    ;Get current num of physical volumes
   838 000009E0 88431E              <1>     mov byte [rbx + initReqPkt.drvnum], al
   839                              <1>     ;Protect the important registers. All others trashable
   840 000009E3 53                  <1>     push rbx
   841 000009E4 56                  <1>     push rsi
   842 000009E5 55                  <1>     push rbp
   843 000009E6 FF560A              <1>     call qword [rsi + drvHdr.strPtr]
   844 000009E9 FF5612              <1>     call qword [rsi + drvHdr.intPtr]
   845 000009EC 5D                  <1>     pop rbp
   846 000009ED 5E                  <1>     pop rsi
   847 000009EE 5B                  <1>     pop rbx
   848                              <1>     ;Check if a driver wants to not load.
   849                              <1>     ;If a kernel driver wants to stop, halt boot.
   850 000009EF 66F743030080        <1>     test word [rbx + initReqPkt.status], drvErrStatus
   851 000009F5 750C                <1>     jnz short .errExit
   852 000009F7 807B0D00            <1>     cmp byte [rbx + initReqPkt.numunt], 0
   853 000009FB 7508                <1>     jne short .notHalt
   854 000009FD 4839730E            <1>     cmp qword [rbx + initReqPkt.endptr], rsi    ;If endptr -> header, abort
   855 00000A01 7502                <1>     jne short .notHalt
   856                              <1> .errExit:
   857 00000A03 F9                  <1>     stc
   858 00000A04 C3                  <1>     ret
   859                              <1> .notHalt:
   860                              <1>     ;Now check if the drivers were con/clock before exiting
   861 00000A05 668B4608            <1>     mov ax, word [rsi + drvHdr.attrib]
   862 00000A09 66250300            <1>     and ax, devDrvConIn | devDrvConOut
   863 00000A0D 740D                <1>     jz short .checkClock    ;If neither one of these bits are set, jmp
   864 00000A0F 663D0300            <1>     cmp ax, devDrvConIn | devDrvConOut
   865 00000A13 7507                <1>     jne short .checkClock
   866 00000A15 4889B5[00000000]    <1>     mov qword [rbp + vConPtr], rsi  ;Store the header ptr here
   867                              <1> .checkClock:
   868 00000A1C 66F746080800        <1>     test word [rsi + drvHdr.attrib], devDrvClockDev
   869 00000A22 7407                <1>     jz short .notClock
   870 00000A24 4889B5[00000000]    <1>     mov qword [rbp + clockPtr], rsi
   871                              <1> .notClock:
   872                              <1> ;Now test if MSD driver. If so, store the number of units in the name field
   873 00000A2B 66F746080080        <1>     test word [rsi + drvHdr.attrib], devDrvChar
   874                              <1>     retnz   ;Return if this is a char device
    45                              <2> cret nz
    19                              <3> %%_base:
    20                              <3> %assign baseVar %%_base-$$
    21                              <3> 
    22                              <3> 
    23                              <3> 
    24                              <3> 
    25                              <3> 
    26                              <3> 
    27                              <3> 
    28                              <3> 
    29                              <3> 
    30                              <3> 
    31                              <3> 
    32                              <3> 
    33                              <3> 
    34 00000A31 7401                <3>  j%-1 short %%a
    35                              <3>  return
    13                              <4> %%_ret:
    14 00000A33 C3                  <4>  ret
    15                              <4> %assign retOff %%_ret-$$
    36                              <3> %%a:
    37                              <3> 
   875                              <1>     ;Else, store the number of units as reported live by driver
   876 00000A34 0FB6430D            <1>     movzx eax, byte [rbx + initReqPkt.numunt] ;Get # units reported by driver
   877 00000A38 88461A              <1>     mov byte [rsi + drvHdr.drvUnt], al ;Store this byte permanently here
   878 00000A3B C3                  <1>     ret
   879                              <1> 
   880                              <1> buildKernDPBs:
   881                              <1> ;This is a wrapper for the below to be used ONLY FOR LOADING KERNEL DRIVERS. 
   882                              <1> ; If at boot time a FAT32 partition is detected, this otherwise would cause 
   883                              <1> ; the system to crash as build dpb requires at least one buffer in the buffer
   884                              <1> ; chain. So here we allocate one 4Kb buffer and place it in the chain. Once we 
   885                              <1> ; are done, we free this buffer.
   886 00000A3C 50                  <1>     push rax
   887 00000A3D 4150                <1>     push r8
   888 00000A3F B800480000          <1>     mov eax, 4800h  ;ALLOC, get ptr in rax
   889 00000A44 53                  <1>     push rbx
   890                              <1> ;100h for 4Kb + space for a buffer header!
   891 00000A45 BB02010000          <1>     mov ebx, 100h + ((bufferHdr_size + 0Fh) >> 4)
   892 00000A4A CD21                <1>     int 21h
   893 00000A4C 5B                  <1>     pop rbx
   894 00000A4D 7235                <1>     jc .exit
   895 00000A4F 4989C0              <1>     mov r8, rax
   896                              <1>     ;Setup MCB metadata
   897 00000A52 41C640FD42          <1>     mov byte [r8 + mcb.subSysMark - mcb_size], mcbSubBuffers
   898                              <1>     ;Setup Buffer
   899 00000A57 49C700FFFFFFFF      <1>     mov qword [r8 + bufferHdr.nextBufPtr], -1
   900 00000A5E 49C74008FF000000    <1>     mov qword [r8 + bufferHdr.wDrvNumFlg], freeBuffer
   901 00000A66 4C8985[00000000]    <1>     mov qword [rbp + bufHeadPtr], r8
   902 00000A6D E816000000          <1>     call buildDPBs  ;Call function
   903 00000A72 48C785[00000000]FF- <1>     mov qword [rbp + bufHeadPtr], -1    ;Now empty the buffer pointer
   903 00000A7A FFFFFF              <1>
   904 00000A7D B800490000          <1>     mov eax, 4900h  ;Free the ptr in r8
   905 00000A82 CD21                <1>     int 21h
   906                              <1> .exit:
   907 00000A84 4158                <1>     pop r8
   908 00000A86 58                  <1>     pop rax
   909                              <1>     return
    13                              <2> %%_ret:
    14 00000A87 C3                  <2>  ret
    15                              <2> %assign retOff %%_ret-$$
   910                              <1> buildDPBs:
   911                              <1>     ;Here we specially handle MSD drivers, building DPBs
   912                              <1>     ;If return with CF=CY, fail. Else, all done and setup
   913                              <1>     ;Input: rbx -> Points to sysinit request packet
   914                              <1>     ;       rsi -> Driver header
   915                              <1>     ;       rbp -> DOSSEG pointer
   916                              <1>     ;Preserves those registers
   917 00000A88 53                  <1>     push rbx
   918 00000A89 55                  <1>     push rbp
   919 00000A8A 56                  <1>     push rsi
   920 00000A8B 57                  <1>     push rdi
   921 00000A8C 4889F7              <1>     mov rdi, rsi    ;SAVE THE DRIVER HEADER!
   922 00000A8F 0FB64E1A            <1>     movzx ecx, byte [rsi + drvHdr.drvUnt]  ;Get # of units reported by driver
   923 00000A93 488B7316            <1>     mov rsi, qword [rbx + initReqPkt.optptr]
   924 00000A97 B835000000          <1>     mov eax, dpb_size
   925 00000A9C F7E1                <1>     mul ecx         ;Get the number of bytes for all the dpb's into eax
   926 00000A9E 050F000000          <1>     add eax, 0Fh    ;Round up if not precisely on para boundry
   927 00000AA3 C1E804              <1>     shr eax, 4      ;Convert to paragraphs
   928 00000AA6 89C3                <1>     mov ebx, eax
   929 00000AA8 B800480000          <1>     mov eax, 4800h  ;ALLOC (marked as owned by DOS for now)
   930 00000AAD CD21                <1>     int 21h
   931 00000AAF 7214                <1>     jc short .exit
   932 00000AB1 4889C5              <1>     mov rbp, rax    
   933 00000AB4 C640FD50            <1>     mov byte [rax + mcb.subSysMark - mcb_size], mcbSubDrvDPB  ;Set DPB marker
   934 00000AB8 48C740F108000000    <1>     mov qword [rax + mcb.owner - mcb_size], mcbOwnerDOS    ;Set DOS owner
   935                              <1>     ;rsi -> Ptr to BPB array
   936                              <1> 	;rbp -> Ptr to buffer to hold first DPB
   937                              <1>     ;rdi -> Ptr to the driver header
   938 00000AC0 E82FFEFFFF          <1>     call convertBPBArray    ;Returns rbp -> past last DPB
   939                              <1> .exit:
   940 00000AC5 5F                  <1>     pop rdi
   941 00000AC6 5E                  <1>     pop rsi
   942 00000AC7 5D                  <1>     pop rbp
   943 00000AC8 5B                  <1>     pop rbx
   944                              <1>     return
    13                              <2> %%_ret:
    14 00000AC9 C3                  <2>  ret
    15                              <2> %assign retOff %%_ret-$$
   945                              <1> 
   946                              <1> setupInterruptBlock:
   947                              <1> ;Sets up a block of interrupts with pointers provided in a table
   948                              <1> ;Input:
   949                              <1> ; al = Start interrupt
   950                              <1> ; rdi -> Start of pointer table
   951                              <1> ; cl = Last interrupt + 1
   952                              <1> ;Assumes rbp points to DOSSEG
   953 00000ACA 0FB6C0              <1>     movzx eax, al
   954 00000ACD 0FB6C9              <1>     movzx ecx, cl
   955                              <1> .lp:
   956 00000AD0 488B1F              <1>     mov rbx, qword [rdi]    ;Get address pointed to by rdi
   957 00000AD3 4801EB              <1>     add rbx, rbp            ;Add the relocated base to rbx
   958 00000AD6 E80E000000          <1>     call writeIDTEntry
   959 00000ADB 4881C708000000      <1>     add rdi, 8  ;Goto next interrupt handler
   960 00000AE2 FFC0                <1>     inc eax     ;Goto next interrupt number
   961 00000AE4 39C8                <1>     cmp eax, ecx
   962 00000AE6 75E8                <1>     jne .lp
   963                              <1>     return
    13                              <2> %%_ret:
    14 00000AE8 C3                  <2>  ret
    15                              <2> %assign retOff %%_ret-$$
   964                              <1> 
   965                              <1> writeIDTEntry:
   966                              <1> ;Writes the interrupt in the right place in the table
   967                              <1>     ;al = Interrupt number
   968                              <1>     ;rbx -> Handler to install
   969 00000AE9 50                  <1>     push rax
   970 00000AEA 53                  <1>     push rbx
   971 00000AEB 0FB6C0              <1>     movzx eax, al
   972 00000AEE 4893                <1>     xchg rbx, rax
   973 00000AF0 48C1E304            <1>     shl rbx, 4h     ;Multiply IDT entry number by 16
   974 00000AF4 48031D(BA010000)    <1>     add rbx, qword [localIDTpointer.Base]    ;rsx points to IDT entry
   975 00000AFB 668903              <1>     mov word [rbx], ax  ;Get low word into offset 15...0
   976 00000AFE 48C1E810            <1>     shr rax, 10h    ;Bring next word low
   977 00000B02 66894306            <1>     mov word [rbx + 6], ax  ;Get low word into offset 31...16
   978 00000B06 48C1E810            <1>     shr rax, 10h    ;Bring last dword low
   979 00000B0A 894308              <1>     mov dword [rbx + 8], eax
   980 00000B0D 5B                  <1>     pop rbx
   981 00000B0E 58                  <1>     pop rax
   982 00000B0F C3                  <1>     ret
    21                                  %include "./src/dos/Sysinit/cfginit.asm"
     1                              <1> ;------------------------------------------------;
     2                              <1> ;              Process CONFIG.SYS                ;
     3                              <1> ;------------------------------------------------;
     4                              <1> ;Create a stack frame with the following order.
     5                              <1> ;Values greater than max are set to max. Values less than min are set to min.
     6                              <1> ; New Buffers value.        Default = 30, Min = 1, Max = 99
     7                              <1> ; New SFT value.            Default = 20, Min = 8, Max = 254
     8                              <1> ; New FCBS value.           Default = 4,  Min = 4, Max = 254
     9                              <1> ; New protected FCBS value. Default = 0,  Min = 0, Max = New FCBS value
    10                              <1> ; New CDS value.            Default = 5,  Min = 5, Max = 26
    11                              <1> ;
    12                              <1> ;Remember to maintain the base of occupied memory on stack (endPtr)
    13                              <1> ;-------------------------------------------------------------------------;
    14                              <1> ; CONFIG.SYS processing pseudocode:-
    15                              <1> ;
    16                              <1> ; _START:
    17                              <1> ; Read file one byte at a time a until a EOF or CR encountered.
    18                              <1> ; If (EOF encountered)
    19                              <1> ;   Insert a terminating ^Z to the end of the line. 
    20                              <1> ;   Close handle.
    21                              <1> ; Parse the line from beginning looking for a DOS terminating char.
    22                              <1> ;   If (CR or EOF encoutered before terminating char)
    23                              <1> ;       Bad line error msg. 
    24                              <1> ;       If (CR encountered)
    25                              <1> ;           Goto _START
    26                              <1> ;       Else
    27                              <1> ;           Goto _EXIT
    28                              <1> ;   Else 
    29                              <1> ;       If (Keyword AND not DEVICE) 
    30                              <1> ;           Store it's value on stack or change internal variable value
    31                              <1> ;       If (DEVICE)
    32                              <1> ;           Move endPtr after end of line and try load the driver.
    33                              <1> ;           If (driver doesn't exist or fails to init)
    34                              <1> ;               print bad driver error msg.
    35                              <1> ;       Else 
    36                              <1> ;           Bad line error msg
    37                              <1> ;       If (line terminated by CR)
    38                              <1> ;           Goto _START
    39                              <1> ; _EXIT:
    40                              <1> ;-------------------------------------------------------------------------;
    41                              <1> ; Note:
    42                              <1> ; If driver a Block Device Driver, build all the DPB's for it (up until max)
    43                              <1> ;   directly after the driver pointer as returned by the driver. Then, 
    44                              <1> ;   adjust the memory pointer and start loading next line.
    45                              <1> ; Once EOF has been reached, we jmp to noCfg which configures the other
    46                              <1> ;   data structures according to the values on the stack frame.
    47                              <1> ;-------------------------------------------------------------------------;
    48                              <1> ;Start CONFIG.SYS parsing here
    49                              <1> configParse:
    50 00000B10 488945C0            <1>     mov qword [rbp - cfgFrame.cfgHandle], rax
    51 00000B14 48C745B800000000    <1>     mov qword [rbp - cfgFrame.lastLine], 0
    52 00000B1C 48C745B0FFFFFFFF    <1>     mov qword [rbp - cfgFrame.linePtr], -1   ;Default buffer
    53 00000B24 B800480000          <1>     mov eax, 4800h
    54 00000B29 BB10000000          <1>     mov ebx, 10h    ;Request 16 paragraphs (256 bytes)
    55 00000B2E CD21                <1>     int 21h
    56 00000B30 0F825D010000        <1>     jc .stopProcessError
    57 00000B36 488945B0            <1>     mov qword [rbp - cfgFrame.linePtr], rax
    58 00000B3A 4889C2              <1>     mov rdx, rax    ;Move the pointer to rdx
    59 00000B3D 482D10000000        <1>     sub rax, mcb_size 
    60 00000B43 48C7400108000000    <1>     mov qword [rax + mcb.owner], mcbOwnerDOS    ;Set owner to DOS
    61 00000B4B 31C0                <1>     xor eax, eax
    62                              <1> .nextChar:
    63 00000B4D 488B5DC0            <1>     mov rbx, qword [rbp - cfgFrame.cfgHandle]   ;Move the handle into ebx
    64 00000B51 6681FBFFFF          <1>     cmp bx, -1
    65 00000B56 0F8437010000        <1>     je .stopProcessError
    66 00000B5C B8003F0000          <1>     mov eax, 3F00h  ;Read handle
    67 00000B61 B901000000          <1>     mov ecx, 1  ;Read one byte
    68 00000B66 CD21                <1>     int 21h
    69 00000B68 0F8225010000        <1>     jc .stopProcessError
    70 00000B6E 85C0                <1>     test eax, eax	;If this is zero, EOF reached, take command
    71 00000B70 741B                <1>     jz .endOfFile
    72                              <1> .notEOF:
    73 00000B72 0FB602              <1>     movzx eax, byte [rdx]
    74 00000B75 3C0D                <1>     cmp al, CR
    75 00000B77 741F                <1>     je short .endOfLine
    76 00000B79 3C0A                <1>     cmp al, LF
    77 00000B7B 7418                <1>     je short .endOfLineChange   ;Continue, but replace with standard EOL char (CR)
    78 00000B7D 3C1A                <1>     cmp al, EOF
    79 00000B7F 740C                <1>     je short .endOfFile
    80 00000B81 E8F9090000          <1>     call .ucChar    ;Uppercase the char
    81 00000B86 8802                <1>     mov byte [rdx], al  ;Replace the char with the capitalised form
    82                              <1> .notChar:
    83 00000B88 48FFC2              <1>     inc rdx ;Now move our local pointer to the next byte
    84 00000B8B EBC0                <1>     jmp short .nextChar
    85                              <1> .endOfFile:
    86 00000B8D 48C745B8FFFFFFFF    <1>     mov qword [rbp - cfgFrame.lastLine], -1	;Mark EOF and End of line
    87                              <1> .endOfLineChange:
    88 00000B95 C6020D              <1>     mov byte [rdx], CR  ;Store a terminating char at the end of the command
    89                              <1> .endOfLine:
    90                              <1> ;rdx points to terminating char
    91                              <1> ;First find the length of the instruction word
    92 00000B98 488B75B0            <1>     mov rsi, qword [rbp - cfgFrame.linePtr]
    93                              <1> ;If this is a 1 char line, skip processing (as it is CR), and goto next line
    94 00000B9C 4839F2              <1>     cmp rdx, rsi
    95 00000B9F 7473                <1>     je .cmdPrepNew
    96 00000BA1 E8D5000000          <1>     call .skipSeparators  ;Skip any standard leading separators
    97 00000BA6 31C9                <1>     xor ecx, ecx
    98                              <1> .cmdNameLenGet:
    99 00000BA8 AC                  <1>     lodsb
   100 00000BA9 E8B6000000          <1>     call .isCharSeparator
   101 00000BAE 740A                <1>     jz short .endOfCommandFound
   102 00000BB0 FFC1                <1>     inc ecx
   103 00000BB2 81F90A000000        <1>     cmp ecx, 10 ;If shorter than longest command, keep looping
   104 00000BB8 72EE                <1>     jb short .cmdNameLenGet
   105                              <1> ;Else, fall through in error
   106                              <1> .endOfCommandFound:
   107                              <1> ;ecx has the length of the command
   108 00000BBA 81F90A000000        <1>     cmp ecx, 10
   109 00000BC0 0F84C3000000        <1>     je .badLineHandle
   110 00000BC6 488D3D69010000      <1>     lea rdi, .keyTbl ;Put rdi at the table to search for
   111                              <1> .cmdSearch:
   112 00000BCD 803FFF              <1>     cmp byte [rdi], -1
   113 00000BD0 0F84B3000000        <1>     je .badLineHandle
   114 00000BD6 380F                <1>     cmp byte [rdi], cl
   115 00000BD8 757A                <1>     jne short .gotoNextCmd
   116                              <1>     ;Candidate command found, check said command is the command we want
   117 00000BDA 488B75B0            <1>     mov rsi, qword [rbp - cfgFrame.linePtr]
   118 00000BDE 4881FEFFFFFFFF      <1>     cmp rsi, -1 ;Error?
   119 00000BE5 0F84A8000000        <1>     je .stopProcessError
   120 00000BEB 57                  <1>     push rdi
   121 00000BEC 51                  <1>     push rcx
   122 00000BED 48FFC7              <1>     inc rdi ;Go to next char
   123 00000BF0 F3A6                <1>     repe cmpsb  ;Compare whilst the strings are equal
   124 00000BF2 59                  <1>     pop rcx
   125 00000BF3 5F                  <1>     pop rdi
   126 00000BF4 755E                <1>     jne short .gotoNextCmd    ;If not equal, just goto next command
   127                              <1>     ;Else, rdi points to the table entry from the head of the table
   128                              <1>     ;      rcx has the length of the name field
   129                              <1>     ;rdx points to the terminating char of the line 
   130 00000BF6 488D3539010000      <1>     lea rsi, .keyTbl
   131 00000BFD 4889F0              <1>     mov rax, rsi    ;Keep a copy in rax
   132 00000C00 480FB7740F01        <1>     movzx rsi, word [rdi + rcx + 1]
   133 00000C06 4801C6              <1>     add rsi, rax    ;So add the EA of the head of the tbl before calling
   134 00000C09 F8                  <1>     clc ;Ensure flags are happy before entering
   135 00000C0A 55                  <1>     push rbp
   136 00000C0B FFD6                <1>     call rsi    ;Call this function
   137 00000C0D 5D                  <1>     pop rbp
   138 00000C0E 0F8284000000        <1>     jc .stopProcessErrorNoPrint    ;If the function returns CF=CY, error exit
   139                              <1> .cmdPrepNew:
   140 00000C14 48F745B8FFFFFFFF    <1>     test qword [rbp - cfgFrame.lastLine], -1 ;If we concluded at EOF, exit
   141 00000C1C 0F8546090000        <1>     jnz .cfgExit
   142 00000C22 488B55B0            <1>     mov rdx, qword [rbp - cfgFrame.linePtr] ;Start reading afresh
   143                              <1>     ;Read the next char. 
   144                              <1>     ;If EOF, exit.
   145                              <1>     ;Else if, LF, proceed to read line routine.
   146                              <1>     ;Else, advance ptr by one and proceed to process char
   147                              <1> .endCommandClear:
   148 00000C26 488B5DC0            <1>     mov rbx, qword [rbp - cfgFrame.cfgHandle]   ;Move the handle into rbx
   149 00000C2A B8003F0000          <1>     mov eax, 3F00h  ;Read handle
   150 00000C2F B901000000          <1>     mov ecx, 1  ;Read one byte to clear the LF from the file
   151 00000C34 CD21                <1>     int 21h
   152 00000C36 725B                <1>     jc .stopProcessError
   153 00000C38 85C0                <1>     test eax, eax   ;If no chars were read, exit!
   154 00000C3A 0F8428090000        <1>     jz .cfgExit
   155                              <1>     ;Do a trash check
   156 00000C40 8A02                <1>     mov al, byte [rdx]
   157 00000C42 3C1A                <1>     cmp al, EOF
   158 00000C44 0F841E090000        <1>     je .cfgExit
   159 00000C4A 3C0A                <1>     cmp al, LF
   160 00000C4C 0F84FBFEFFFF        <1>     je .nextChar
   161 00000C52 EBD2                <1>     jmp short .endCommandClear  ;Loop out trailing spaces, crap chars and CR
   162                              <1> ;CONFIG.SYS utility functions
   163                              <1> .gotoNextCmd:
   164 00000C54 0FB607              <1>     movzx eax, byte [rdi]
   165 00000C57 0503000000          <1>     add eax, 3
   166 00000C5C 4801C7              <1>     add rdi, rax
   167 00000C5F E969FFFFFF          <1>     jmp .cmdSearch
   168                              <1> .isCharSeparator:
   169                              <1> ;Input: AL = Char to check
   170                              <1> ;Output: ZF=ZE -> Char terminal
   171                              <1> ;        ZF=NZ -> Char not terminal
   172 00000C64 3C3D                <1>     cmp al, "="
   173                              <1>     rete
    49                              <2> cret e
    19                              <3> %%_base:
    20                              <3> %assign baseVar %%_base-$$
    21                              <3> 
    22                              <3> 
    23                              <3> 
    24                              <3> 
    25                              <3> 
    26                              <3> 
    27                              <3> 
    28                              <3> 
    29                              <3> 
    30                              <3> 
    31                              <3> 
    32                              <3> 
    33                              <3> 
    34 00000C66 7501                <3>  j%-1 short %%a
    35                              <3>  return
    13                              <4> %%_ret:
    14 00000C68 C3                  <4>  ret
    15                              <4> %assign retOff %%_ret-$$
    36                              <3> %%a:
    37                              <3> 
   174 00000C69 3C20                <1>     cmp al, SPC
   175                              <1>     rete
    49                              <2> cret e
    19                              <3> %%_base:
    20                              <3> %assign baseVar %%_base-$$
    21                              <3> 
    22                              <3> 
    23                              <3> 
    24                              <3> 
    25                              <3> 
    26                              <3> 
    27                              <3> 
    28                              <3> 
    29                              <3> 
    30                              <3> 
    31                              <3> 
    32                              <3> 
    33                              <3> 
    34 00000C6B 7501                <3>  j%-1 short %%a
    35                              <3>  return
    13                              <4> %%_ret:
    14 00000C6D C3                  <4>  ret
    15                              <4> %assign retOff %%_ret-$$
    36                              <3> %%a:
    37                              <3> 
   176 00000C6E 3C09                <1>     cmp al, TAB
   177                              <1>     rete
    49                              <2> cret e
    19                              <3> %%_base:
    20                              <3> %assign baseVar %%_base-$$
    21                              <3> 
    22                              <3> 
    23                              <3> 
    24                              <3> 
    25                              <3> 
    26                              <3> 
    27                              <3> 
    28                              <3> 
    29                              <3> 
    30                              <3> 
    31                              <3> 
    32                              <3> 
    33                              <3> 
    34 00000C70 7501                <3>  j%-1 short %%a
    35                              <3>  return
    13                              <4> %%_ret:
    14 00000C72 C3                  <4>  ret
    15                              <4> %assign retOff %%_ret-$$
    36                              <3> %%a:
    37                              <3> 
   178 00000C73 3C3B                <1>     cmp al, ";"
   179                              <1>     rete
    49                              <2> cret e
    19                              <3> %%_base:
    20                              <3> %assign baseVar %%_base-$$
    21                              <3> 
    22                              <3> 
    23                              <3> 
    24                              <3> 
    25                              <3> 
    26                              <3> 
    27                              <3> 
    28                              <3> 
    29                              <3> 
    30                              <3> 
    31                              <3> 
    32                              <3> 
    33                              <3> 
    34 00000C75 7501                <3>  j%-1 short %%a
    35                              <3>  return
    13                              <4> %%_ret:
    14 00000C77 C3                  <4>  ret
    15                              <4> %assign retOff %%_ret-$$
    36                              <3> %%a:
    37                              <3> 
   180 00000C78 3C2C                <1>     cmp al, ","
   181                              <1>     return
    13                              <2> %%_ret:
    14 00000C7A C3                  <2>  ret
    15                              <2> %assign retOff %%_ret-$$
   182                              <1> .skipSeparators:
   183                              <1> ;Input: rsi -> Start of string
   184                              <1> ;Output: rsi -> First non-terminator char after string of terminators
   185 00000C7B 50                  <1>     push rax
   186                              <1> .stl1:
   187 00000C7C AC                  <1>     lodsb   ;Get char
   188 00000C7D E8E2FFFFFF          <1>     call .isCharSeparator    ;Is it terminal?
   189 00000C82 74F8                <1>     jz .stl1    ;Yes, keep going
   190 00000C84 58                  <1>     pop rax
   191 00000C85 48FFCE              <1>     dec rsi
   192                              <1>     return
    13                              <2> %%_ret:
    14 00000C88 C3                  <2>  ret
    15                              <2> %assign retOff %%_ret-$$
   193                              <1> 
   194                              <1> .badLineHandle:
   195                              <1> ;If the command was unrecognised, goto next line! Do not halt!
   196 00000C89 E84B000000          <1>     call .badLineErrorMsg
   197 00000C8E E981FFFFFF          <1>     jmp  .cmdPrepNew
   198                              <1> 
   199                              <1> .stopProcessError:
   200                              <1> ;Print the hard error message and reset the system values
   201 00000C93 E836000000          <1>     call .hardErrorMsg
   202                              <1> .stopProcessErrorNoPrint:
   203                              <1> ;Reset all values to OEM defaults
   204 00000C98 0FB605(D3010000)    <1>     movzx eax, byte [BUFFERS]
   205 00000C9F 488945F8            <1>     mov qword [rbp - cfgFrame.newBuffers], rax
   206 00000CA3 0FB605(D2010000)    <1>     movzx eax, byte [FILES]
   207 00000CAA 488945F0            <1>     mov qword [rbp - cfgFrame.newSFTVal], rax
   208 00000CAE 48C745E804000000    <1>     mov qword [rbp - cfgFrame.newFCBSVal], fcbsDefault
   209 00000CB6 48C745E000000000    <1>     mov qword [rbp - cfgFrame.newProtFCBSVal], safeFcbsDeflt
   210 00000CBE 0FB605(D5010000)    <1>     movzx eax, byte [LASTDRIVE]
   211 00000CC5 488945D8            <1>     mov qword [rbp - cfgFrame.newLastdrive], rax
   212 00000CC9 E99A080000          <1>     jmp .cfgExit
   213                              <1> .hardErrorMsg:
   214                              <1> ;Prints an error message and TERMINATE parsing
   215 00000CCE 50                  <1>     push rax
   216 00000CCF 52                  <1>     push rdx
   217 00000CD0 488D1515000000      <1>     lea rdx, .hdLine
   218 00000CD7 EB09                <1>     jmp short .errorCmn
   219                              <1> .badLineErrorMsg:
   220                              <1> ;Prints an error message BUT DOES NOT TERMINATE PARSING
   221 00000CD9 50                  <1>     push rax
   222 00000CDA 52                  <1>     push rdx
   223 00000CDB 488D152D000000      <1>     lea rdx, .speLine
   224                              <1> .errorCmn:
   225 00000CE2 B800090000          <1>     mov eax, 0900h
   226 00000CE7 CD21                <1>     int 21h
   227 00000CE9 5A                  <1>     pop rdx
   228 00000CEA 58                  <1>     pop rax
   229                              <1>     return
    13                              <2> %%_ret:
    14 00000CEB C3                  <2>  ret
    15                              <2> %assign retOff %%_ret-$$
   230 00000CEC 0D0A4572726F722069- <1> .hdLine:    db CR,LF,"Error in processing CONFIG.SYS",CR,LF,"$"
   230 00000CF5 6E2070726F63657373- <1>
   230 00000CFE 696E6720434F4E4649- <1>
   230 00000D07 472E5359530D0A24    <1>
   231 00000D0F 0D0A556E7265636F67- <1> .speLine:   db CR,LF,"Unrecognised command in CONFIG.SYS",CR,LF,"$"
   231 00000D18 6E6973656420636F6D- <1>
   231 00000D21 6D616E6420696E2043- <1>
   231 00000D2A 4F4E4649472E535953- <1>
   231 00000D33 0D0A24              <1>
   232                              <1> .keyTbl: 
   233 00000D36 05425245414B        <1>     db 5, "BREAK"           ;DONE
   234 00000D3C 6300                <1> 	dw .breakHandler - .keyTbl
   235 00000D3E 0742554646455253    <1>     db 7, "BUFFERS"         ;DONE
   236 00000D46 9900                <1> 	dw .bufHandler - .keyTbl
   237 00000D48 07434F554E545259    <1> 	db 7, "COUNTRY"         ;Ignored for now
   238 00000D50 3008                <1> 	dw .countryScan - .keyTbl
   239 00000D52 06444556494345      <1> 	db 6, "DEVICE"          ;DONE
   240 00000D59 0F01                <1> 	dw .drvLoader - .keyTbl
   241 00000D5B 0446434253          <1> 	db 4, "FCBS"            ;Ignored for now
   242 00000D60 3008                <1> 	dw .fcbHandler - .keyTbl
   243 00000D62 0546494C4553        <1> 	db 5, "FILES"           ;DONE
   244 00000D68 BE06                <1> 	dw .sftHandler - .keyTbl
   245 00000D6A 094C41535444524956- <1> 	db 9, "LASTDRIVE"       ;DONE
   245 00000D73 45                  <1>
   246 00000D74 7007                <1> 	dw .lastdriveHandler - .keyTbl
   247 00000D76 055348454C4C        <1> 	db 5, "SHELL"           ;Ignored for now
   248 00000D7C BC07                <1> 	dw .shellHandler - .keyTbl
   249 00000D7E 06535441434B53      <1> 	db 6, "STACKS"          ;Ignored for now
   250 00000D85 3008                <1> 	dw .stacksHandler - .keyTbl
   251 00000D87 08445249565041524D  <1>     db 8, "DRIVPARM"
   252 00000D90 3008                <1>     dw .drivParm - .keyTbl  ;Ignored for now
   253                              <1>     ;The following three are to not cause issues with empty lines/EOF chars
   254 00000D92 0352454D            <1>     db 3, "REM"
   255 00000D96 3008                <1>     dw .comment - .keyTbl
   256 00000D98 FF                  <1> 	db -1	;End of table marker
   257                              <1> 
   258                              <1> .breakHandler:
   259 00000D99 488B75B0            <1>     mov rsi, qword [rbp - cfgFrame.linePtr]
   260 00000D9D 4881C605000000      <1>     add rsi, 5  ;Go past BREAK
   261                              <1>     ;This must be the word ON or OFF 
   262 00000DA4 E8D2FEFFFF          <1>     call .skipSeparators
   263 00000DA9 31D2                <1>     xor edx, edx    ;Clear CF and default to OFF
   264 00000DAB 66813E4F4E          <1>     cmp word [rsi], "ON"
   265 00000DB0 7413                <1>     je .breakOn
   266 00000DB2 66813E4F46          <1>     cmp word [rsi], "OF"
   267 00000DB7 7506                <1>     jne .breakBad
   268 00000DB9 807E0246            <1>     cmp byte [rsi + 2], "F"
   269 00000DBD 7408                <1>     je .breakCommon
   270                              <1> .breakBad:
   271 00000DBF E815FFFFFF          <1>     call .badLineErrorMsg
   272                              <1>     return
    13                              <2> %%_ret:
    14 00000DC4 C3                  <2>  ret
    15                              <2> %assign retOff %%_ret-$$
   273                              <1> .breakOn:
   274 00000DC5 FFC2                <1>     inc edx ;Go from OFF to ON  (keeps CF=NC)
   275                              <1> .breakCommon:
   276 00000DC7 B801330000          <1>     mov eax, 3301h  ;Set break to value in dl
   277 00000DCC CD21                <1>     int 21h
   278                              <1>     return
    13                              <2> %%_ret:
    14 00000DCE C3                  <2>  ret
    15                              <2> %assign retOff %%_ret-$$
   279                              <1> 
   280                              <1> .bufHandler:
   281 00000DCF 488B75B0            <1>     mov rsi, qword [rbp - cfgFrame.linePtr]
   282 00000DD3 4881C607000000      <1>     add rsi, 7  ;Go past BUFFERS=
   283                              <1>     ;This must be at most three digits, anything else is a failure
   284 00000DDA E89CFEFFFF          <1>     call .skipSeparators
   285 00000DDF 4889F7              <1>     mov rdi, rsi    ;Save the start in rdi
   286 00000DE2 31C9                <1>     xor ecx, ecx
   287 00000DE4 AC                  <1>     lodsb   ;Get the first char. Must be between ASCII '0' and '9'
   288 00000DE5 3C30                <1>     cmp al, "0"
   289 00000DE7 7256                <1>     jb .bufHandlerErr
   290 00000DE9 3C39                <1>     cmp al, "9"
   291 00000DEB 7752                <1>     ja .bufHandlerErr
   292 00000DED FFC1                <1>     inc ecx ;Increment char counter
   293 00000DEF AC                  <1>     lodsb   ;Get second char
   294 00000DF0 E896070000          <1>     call .termCheck
   295 00000DF5 7410                <1>     je .bufHandlerProcess   ;If it is a terminating char, exit
   296 00000DF7 3C30                <1>     cmp al, "0"
   297 00000DF9 7244                <1>     jb .bufHandlerErr
   298 00000DFB 3C39                <1>     cmp al, "9"
   299 00000DFD 7740                <1>     ja .bufHandlerErr
   300 00000DFF AC                  <1>     lodsb   ;Check no more chars!
   301 00000E00 E886070000          <1>     call .termCheck
   302 00000E05 7538                <1>     jne .bufHandlerErr
   303                              <1> .bufHandlerProcess:
   304 00000E07 31D2                <1>     xor edx, edx    ;Accumulate value in edx
   305 00000E09 4889FE              <1>     mov rsi, rdi    ;Go back to the first number
   306                              <1> .bufHandlerLp:
   307 00000E0C AC                  <1>     lodsb   ;Get the digit
   308 00000E0D 2C30                <1>     sub al, "0" ;Convert to ASCII
   309 00000E0F 0FB6C0              <1>     movzx eax, al
   310 00000E12 67E30E              <1>     jecxz .bufHandlerPrepExit   ;Exit if this is the only digit
   311 00000E15 D1E0                <1>     shl eax, 1  ;Multiply by 2
   312 00000E17 678D1480            <1>     lea edx, dword [4*eax + eax]    ;Multiply (2*eax) by 5
   313 00000E1B AC                  <1>     lodsb   ;Get the next digit
   314 00000E1C 2C30                <1>     sub al, "0"
   315 00000E1E 0FB6C0              <1>     movzx eax, al
   316 00000E21 01D0                <1>     add eax, edx    ;Add the tens to the unit
   317                              <1> .bufHandlerPrepExit:
   318 00000E23 0FB60D(D3010000)    <1>     movzx ecx, byte [BUFFERS]
   319 00000E2A 85C0                <1>     test eax, eax
   320 00000E2C 0F44C1              <1>     cmovz eax, ecx  ;Replace zero with default if the user specified 0 buffers
   321 00000E2F 488945F8            <1>     mov qword [rbp - cfgFrame.newBuffers], rax
   322 00000E33 F8                  <1>     clc
   323                              <1>     return
    13                              <2> %%_ret:
    14 00000E34 C3                  <2>  ret
    15                              <2> %assign retOff %%_ret-$$
   324                              <1> .bufHandlerMul:
   325 00000E35 2C30                <1>     sub al, "0" ;Convert to a binary value
   326 00000E37 F6E1                <1>     mul cl  ;Multiply al by cl, answer in ax
   327 00000E39 0FB7C0              <1>     movzx eax, ax
   328 00000E3C 01C2                <1>     add edx, eax
   329                              <1>     return
    13                              <2> %%_ret:
    14 00000E3E C3                  <2>  ret
    15                              <2> %assign retOff %%_ret-$$
   330                              <1> .bufHandlerErr:
   331 00000E3F E895FEFFFF          <1>     call .badLineErrorMsg
   332                              <1>     return
    13                              <2> %%_ret:
    14 00000E44 C3                  <2>  ret
    15                              <2> %assign retOff %%_ret-$$
   333                              <1> ;===============================
   334                              <1> ;   Device Driver Loader here  :
   335                              <1> ;===============================
   336                              <1> .drvLoader:
   337 00000E45 E86C040000          <1>     call .drvGetDrvFilename ;Get ptr to driver name in rsi
   338 00000E4A 4889F7              <1>     mov rdi, rsi
   339 00000E4D 4889FA              <1>     mov rdx, rdi    ;Prepare rdx for the open
   340                              <1> ;Now search for the first char after pathname. 
   341                              <1> .drvFindEndOfFileName:
   342 00000E50 AC                  <1>     lodsb ;Get char from string name
   343                              <1>     ;Was the char a primitive string terminator?
   344 00000E51 3C20                <1>     cmp al, SPC
   345 00000E53 740C                <1>     je short .fileNameFound
   346 00000E55 3C1A                <1>     cmp al, EOF
   347 00000E57 7408                <1>     je short .fileNameFound
   348 00000E59 3C0D                <1>     cmp al, CR
   349 00000E5B 7404                <1>     je short .fileNameFound
   350 00000E5D 3C0A                <1>     cmp al, LF
   351 00000E5F 75EF                <1>     jne short .drvFindEndOfFileName
   352                              <1> .fileNameFound:
   353 00000E61 48FFCE              <1>     dec rsi ;Point rsi to the space itself
   354 00000E64 488975A8            <1>     mov qword [rbp - cfgFrame.driverBreak], rsi
   355 00000E68 0FB606              <1>     movzx eax, byte [rsi]   ;Get the original breakchar
   356 00000E6B 488945A0            <1>     mov qword [rbp - cfgFrame.breakChar], rax  ;And save it
   357 00000E6F C60600              <1>     mov byte [rsi], 0   ;Null terminate the path to the file
   358                              <1>     ;rdx -> Filename
   359                              <1>     ;Here open the file to attempt to see how much space to 
   360                              <1>     ; allocate to the file for loading. 
   361                              <1>     ;Consider using the 4B01h loading mode instead and swapping back
   362                              <1>     ; the current DTA and PSP to DOS default? This gives each driver a PSP
   363                              <1>     ; which would allow for opening of files independently of calling programs'
   364                              <1>     ; file table... maybe try it after getting 4B03h load to work first!
   365 00000E72 B8003D0000          <1>     mov eax, 3D00h  ;Read only file
   366 00000E77 CD21                <1>     int 21h
   367 00000E79 0F8255030000        <1>     jc .drvErrFnf
   368 00000E7F 89C3                <1>     mov ebx, eax    ;Get the handle in ebx
   369 00000E81 31D2                <1>     xor edx, edx    ;Move the handle to the end of the file
   370 00000E83 31C9                <1>     xor ecx, ecx    
   371 00000E85 B802420000          <1>     mov eax, 4202h  ;LSEEK to SEEK_END
   372 00000E8A CD21                <1>     int 21h
   373 00000E8C 89C6                <1>     mov esi, eax    ;Save the file size in esi
   374 00000E8E 31D2                <1>     xor edx, edx    ;Move the handle to the start of the file
   375 00000E90 B800420000          <1>     mov eax, 4200h  ;LSEEK to SEEK_SET (start of the file)
   376 00000E95 CD21                <1>     int 21h
   377 00000E97 53                  <1>     push rbx        ;Push the file handle on the stack
   378 00000E98 BB07000000          <1>     mov ebx, (optCoffHdr_size >> 4) ;Space for the largest header we will read
   379 00000E9D B800480000          <1>     mov eax, 4800h  ;Allocate this block of memory
   380 00000EA2 CD21                <1>     int 21h
   381 00000EA4 5B                  <1>     pop rbx         ;Get the handle back in rbx
   382 00000EA5 0F82EC020000        <1>     jc .drvErrMemFree
   383 00000EAB 4889C2              <1>     mov rdx, rax    ;Get pointer to memory in rdx
   384 00000EAE B940000000          <1>     mov ecx, imageDosHdr_size
   385 00000EB3 B8003F0000          <1>     mov eax, 3F00h  ;READ
   386 00000EB8 CD21                <1>     int 21h
   387 00000EBA 4989D0              <1>     mov r8, rdx     ;Store the pointer to the memory block in r8 if need to free
   388 00000EBD 4889D7              <1>     mov rdi, rdx    ;Get pointer to the PE header
   389 00000EC0 0F82FB020000        <1>     jc .drvErrBadRead
   390                              <1> ;Use register r15 as the indicator for .COM or PE. Clear if COM.
   391 00000EC6 4D31FF              <1>     xor r15, r15    ;Clear the marker for executable type
   392 00000EC9 4889D7              <1>     mov rdi, rdx    ;Save the pointer in rdi
   393                              <1>     ;First check this file is MZ/ZM. If this is not, we assume its a .COM driver
   394 00000ECC 66813F4D5A          <1>     cmp word [rdi], dosMagicSignature
   395 00000ED1 7430                <1>     je short .peDrivers
   396 00000ED3 66813F5A4D          <1>     cmp word [rdi], dosMagicSignature2
   397 00000ED8 7429                <1>     je short .peDrivers
   398                              <1> ;.COM drivers come down here
   399                              <1>     ;Get File Image Allocation Size in ecx here.
   400                              <1>     ;Must be leq than 64Kb, rounded to nearest paragraph if .COM
   401 00000EDA 31C9                <1>     xor ecx, ecx
   402 00000EDC 31D2                <1>     xor edx, edx
   403 00000EDE B802420000          <1>     mov eax, 4202h  ;LSEEK from the end of the file
   404 00000EE3 CD21                <1>     int 21h
   405                              <1>     ;eax now has the filesize. 
   406 00000EE5 89C1                <1>     mov ecx, eax
   407 00000EE7 81E1F0FFFFFF        <1>     and ecx, ~0Fh   ;Clear lower byte
   408 00000EED C1E904              <1>     shr ecx, 4      ;Convert to paragraphs
   409 00000EF0 FFC1                <1>     inc ecx         ;... and round up!
   410 00000EF2 81F900100000        <1>     cmp ecx, 1000h  ;Is it geq 64k (in paragraphs)?
   411 00000EF8 0F8394020000        <1>     jae .drvErrTooBig
   412 00000EFE E998000000          <1>     jmp .loadCont
   413                              <1> .peDrivers:
   414                              <1> ;Get the file pointer for file header. Here we ARE a PE file.
   415 00000F03 8B573C              <1>     mov edx, dword [rdi + imageDosHdr.e_lfanew] ;Get this file offset
   416 00000F06 31C9                <1>     xor ecx, ecx
   417 00000F08 B800420000          <1>     mov eax, 4200h  ;LSEEK from the start of the file
   418 00000F0D CD21                <1>     int 21h
   419                              <1>     ;Now read in imageFileHeader here
   420 00000F0F 4889FA              <1>     mov rdx, rdi    ;Overwrite the 16-bit header
   421 00000F12 B918000000          <1>     mov ecx, imageFileHeader_size   ;Read the header
   422 00000F17 B8003F0000          <1>     mov eax, 3F00h  ;READ
   423 00000F1C CD21                <1>     int 21h
   424 00000F1E 0F829D020000        <1>     jc .drvErrBadRead
   425 00000F24 39C8                <1>     cmp eax, ecx    ;If fewer bytes were read, fail
   426 00000F26 0F8595020000        <1>     jne .drvErrBadRead
   427 00000F2C 813F50450000        <1>     cmp dword [rdi + imageFileHeader.dPESignature], imagePESignature
   428 00000F32 0F857B020000        <1>     jne .drvErrBadPEHeader
   429 00000F38 66817F046486        <1>     cmp word [rdi + imageFileHeader.wMachineType], imageFileMachineAMD64
   430 00000F3E 0F856F020000        <1>     jne .drvErrBadPEHeader
   431 00000F44 66817F147000        <1>     cmp word [rdi + imageFileHeader.wSizeOfOptionalHdr], optCoffHdr_size
   432 00000F4A 0F8263020000        <1>     jb .drvErrBadPEHeader ;We need section alignment info if a PE!
   433                              <1> ;Now read the optional header here. rdx points to buffer
   434 00000F50 B970000000          <1>     mov ecx, optCoffHdr_size    ;Read only 60 bytes
   435 00000F55 B8003F0000          <1>     mov eax, 3F00h  ;READ
   436 00000F5A CD21                <1>     int 21h
   437 00000F5C 0F825F020000        <1>     jc .drvErrBadRead   ;If something goes wrong, skip
   438 00000F62 39C8                <1>     cmp eax, ecx
   439 00000F64 0F8257020000        <1>     jb .drvErrBadRead   ;If fewer than 60 bytes read, skip
   440                              <1> ;Round up size requirement.
   441                              <1> ;If PE, round up to nearest section alignment
   442 00000F6A 8B4F38              <1>     mov ecx, dword [rdi + imageFileOptionalHeader.dSizeOfImage] ;Get mem alloc size
   443 00000F6D 8B4720              <1>     mov eax, dword [rdi + imageFileOptionalHeader.dSectionAlignment]
   444 00000F70 89C6                <1>     mov esi, eax    ;Save in esi the alignment requirement
   445 00000F72 FFC8                <1>     dec eax         ;Set bits to strip, clear all other bits
   446 00000F74 85C1                <1>     test ecx, eax   ;Is this already aligned?
   447 00000F76 7406                <1>     jz .peSkipAlign ;If so, skip this!
   448 00000F78 F7D0                <1>     not eax         ;Flip the set and clear bits
   449 00000F7A 21C1                <1>     and ecx, eax    ;Now clear the bits to clear from size, aligning downwards
   450 00000F7C 01F1                <1>     add ecx, esi    ;Now round upwards!
   451                              <1> .peSkipAlign:
   452 00000F7E C1E904              <1>     shr ecx, 4      ;Convert to number of paragraphs.
   453 00000F81 81F900000002        <1>     cmp ecx, 2000000h   ;Drivers cannot be more than 2Gb in size.
   454 00000F87 0F8305020000        <1>     jae .drvErrTooBig
   455 00000F8D E834030000          <1>     call .drvPeDoChksum ;Now verify the driver checksum! Preserves rbx-r9.
   456 00000F92 0F824B020000        <1>     jc .drvErrFreeClose ;Don't print any further error messages!
   457 00000F98 49FFCF              <1>     dec r15         ;Reg is zero. Now just set it just to indicate PE driver.
   458                              <1> .loadCont:
   459                              <1> ;Now close the file and free and then allocate as the allocation 
   460                              <1> ; will likely grow and realloc may not have enough so avoid this 
   461                              <1> ; issue all together and free + alloc.
   462 00000F9B B8003E0000          <1>     mov eax, 3E00h  ;Close handle in ebx
   463 00000FA0 CD21                <1>     int 21h
   464 00000FA2 B800490000          <1>     mov eax, 4900h  ;FREE -> Free the 6 paragraph header buffer.
   465 00000FA7 CD21                <1>     int 21h ;r8 has the pointer to the block for freeing
   466                              <1> ;Now prep for alloc.
   467 00000FA9 89CB                <1>     mov ebx, ecx    ;Put the number of paragraphs in ebx
   468 00000FAB B800480000          <1>     mov eax, 4800h  ;Allocate this block of memory
   469 00000FB0 CD21                <1>     int 21h         ;rax gets the pointer to load the program into
   470 00000FB2 0F82E4010000        <1>     jc .drvErrMem
   471                              <1> ;Now set the subsystem marker and the owner to DOS
   472 00000FB8 C640FD44            <1>     mov byte [rax - mcb_size + mcb.subSysMark], mcbSubDriver  ;Occupied by drv
   473 00000FBC 48C740F108000000    <1>     mov qword [rax - mcb_size + mcb.owner], mcbOwnerDOS
   474 00000FC4 4989C0              <1>     mov r8, rax     ;Move the memory block ptr to r8
   475 00000FC7 4D85FF              <1>     test r15, r15   ;Are we loading a .COM driver?
   476 00000FCA 7414                <1>     jz .loadDrvr    ;Skip this if so :)
   477                              <1> ;Align the pointer to the section alignment boundary
   478                              <1> ;esi = Alignment requirement, rax -> Program block
   479 00000FCC 89F2                <1>     mov edx, esi    ;Put alignment requirement into edx
   480 00000FCE FFCA                <1>     dec edx         ;Convert edx into an alignment mask
   481 00000FD0 4885D0              <1>     test rax, rdx   ;If no common bits are set, we are section aligned!
   482 00000FD3 7408                <1>     jz .savHdrPtr
   483 00000FD5 F7D2                <1>     not edx         ;Swap set bits in the alignment mask
   484 00000FD7 4821D0              <1>     and rax, rdx    ;Round ptr down to previous section alignment
   485 00000FDA 4801F0              <1>     add rax, rsi    ;Add 1 unit of section alignment to go into memory block
   486                              <1> .savHdrPtr:
   487 00000FDD 4989C7              <1>     mov r15, rax    ;This is where the PE hdr will be loaded.
   488                              <1> .loadDrvr:
   489                              <1> ;Build the overlay command block.
   490                              <1> ;r8 -> MCB block
   491                              <1> ;rax -> Where to load the driver. 
   492                              <1> ;   For .COM, rax = r8
   493                              <1> ;   For PE, rax could be below r8 according to section alignment requirements
   494 00000FE0 488D1D(02020000)    <1>     lea rbx, cmdBlock
   495 00000FE7 488903              <1>     mov qword [rbx + loadOvly.pLoadLoc], rax
   496 00000FEA 48894308            <1>     mov qword [rbx + loadOvly.qRelocFct], rax
   497 00000FEE E8C3020000          <1>     call .drvGetDrvFilename ;Get ptr to driver name in rsi
   498 00000FF3 4889F2              <1>     mov rdx, rsi
   499 00000FF6 B8034B0000          <1>     mov eax, 4B03h  ;Load overlay!
   500 00000FFB CD21                <1>     int 21h
   501 00000FFD 0F82CC010000        <1>     jc .drvErrNoLoad
   502                              <1> ;Now reset the command line to have a space at the null terminator
   503 00001003 488B7DA8            <1>     mov rdi, qword [rbp - cfgFrame.driverBreak]
   504 00001007 8A5DA0              <1>     mov bl, byte [rbp - cfgFrame.breakChar] ;Get the original breakchar
   505 0000100A 881F                <1>     mov byte [rdi], bl  ;and replace the null terminator
   506                              <1> ;Here we have the following important registers:
   507                              <1> ;   r8 -> MCB with the loaded driver now!
   508                              <1> ;If .COM, rsi -> header of the first driver loaded
   509                              <1> ;Else, rsi -> MZ header of the PE containing the drivers loaded
   510 0000100C 4D85FF              <1>     test r15, r15   ;Recall, 0 if .COM driver
   511 0000100F 742A                <1>     jz .comDrv
   512                              <1> ;Now, we want to find the first driver header in memory.
   513 00001011 4C89FE              <1>     mov rsi, r15    ;Get PE header ptr back
   514 00001014 0FB7463C            <1>     movzx eax, word [rsi + imageDosHdr.e_lfanew]
   515 00001018 488D740618          <1>     lea rsi, qword [rsi + rax + coffHdr_size] ;Point to opt header
   516 0000101D 8B463C              <1>     mov eax, dword [rsi + imageFileOptionalHeader.dSizeOfHeaders]
   517 00001020 8B5620              <1>     mov edx, dword [rsi + imageFileOptionalHeader.dSectionAlignment]
   518 00001023 FFCA                <1>     dec edx
   519 00001025 85D0                <1>     test eax, edx   ;Is the size of headers also section aligned?
   520 00001027 7407                <1>     jz .peDrvNoAdj  ;Yes, so dont adjust
   521 00001029 F7D2                <1>     not edx
   522 0000102B 21D0                <1>     and eax, edx    ;Round down
   523 0000102D 034620              <1>     add eax, dword [rsi + imageFileOptionalHeader.dSectionAlignment]
   524                              <1> .peDrvNoAdj:
   525                              <1> ;eax has the section aligned offset from the load address to start of prog
   526 00001030 498D3407            <1>     lea rsi, qword [r15 + rax]  ;Point rsi to the first driver header
   527 00001034 E827000000          <1>     call .chkDrvTbl ;Do a driver header sanity check
   528 00001039 EB36                <1>     jmp short .peDrvEnd    ;Ok, skip reloc as PE loader resolves header ptrs
   529                              <1> .comDrv:
   530                              <1> ;.COM driver are loaded such that the first byte in the MCB is 
   531                              <1> ; their first byte. 
   532 0000103B 4C89C6              <1>     mov rsi, r8 ;Get ptr to the load block as first byte is first drv hdr.
   533 0000103E E81D000000          <1>     call .chkDrvTbl ;Do a driver header sanity check
   534                              <1> ;Now we need to adjust the pointers of each header, to relocating them
   535                              <1> ; relative to their load address.
   536 00001043 56                  <1>     push rsi    ;Save the pointer to the first pointer to adjust
   537                              <1> .comDrvReloc:
   538 00001044 4801760A            <1>     add qword [rsi + drvHdr.strPtr], rsi
   539 00001048 48017612            <1>     add qword [rsi + drvHdr.intPtr], rsi
   540 0000104C 48813EFFFFFFFF      <1>     cmp qword [rsi + drvHdr.nxtPtr], -1
   541 00001053 7408                <1>     je short .comDrvEnd
   542 00001055 480136              <1>     add qword [rsi + drvHdr.nxtPtr], rsi
   543 00001058 488B36              <1>     mov rsi, qword [rsi + drvHdr.nxtPtr]
   544 0000105B EBE7                <1>     jmp short .comDrvReloc
   545                              <1> .comDrvEnd:
   546 0000105D 5E                  <1>     pop rsi     ;Get back the pointer to the first driver header
   547 0000105E EB11                <1>     jmp short .peDrvEnd
   548                              <1> .chkDrvTbl:
   549                              <1> ;Does a simple driver sanity check.
   550                              <1> ;rsi should be pointing to a QWORD -1, the start of the driver header.
   551                              <1> ;If not, returns internally and aborts the load.
   552 00001060 31C0                <1>     xor eax, eax
   553 00001062 48FFC8              <1>     dec rax
   554 00001065 483906              <1>     cmp qword [rsi], rax
   555                              <1>     rete
    49                              <2> cret e
    19                              <3> %%_base:
    20                              <3> %assign baseVar %%_base-$$
    21                              <3> 
    22                              <3> 
    23                              <3> 
    24                              <3> 
    25                              <3> 
    26                              <3> 
    27                              <3> 
    28                              <3> 
    29                              <3> 
    30                              <3> 
    31                              <3> 
    32                              <3> 
    33                              <3> 
    34 00001068 7501                <3>  j%-1 short %%a
    35                              <3>  return
    13                              <4> %%_ret:
    14 0000106A C3                  <4>  ret
    15                              <4> %assign retOff %%_ret-$$
    36                              <3> %%a:
    37                              <3> 
   556 0000106B 58                  <1>     pop rax
   557 0000106C E934010000          <1>     jmp .drvErrBadDrvHeader 
   558                              <1> .peDrvEnd:
   559                              <1> ;Prepare for initialising the drivers
   560                              <1> ;Here, rsi -> header of the first driver in the file we just loaded
   561 00001071 4989F1              <1>     mov r9, rsi     ;Save a copy of the driver pointer in r9
   562 00001074 488D1D(E3010000)    <1>     lea rbx, initDrvBlk
   563 0000107B E836020000          <1>     call .drvGetDrvFilename ;Get ptr to driver name in rsi
   564 00001080 48897316            <1>     mov qword [rbx + initReqPkt.optptr], rsi ;and pass to driver!
   565 00001084 4C89CE              <1>     mov rsi, r9     ;Get rsi back to the driver header
   566 00001087 4C8B6500            <1>     mov r12, qword [rbp - cfgFrame.oldRBP]  ;Get DOSSEG in r12
   567                              <1> .driverInit:
   568 0000108B 4C87E5              <1>     xchg r12, rbp   ;Swap rbp to point back to DOSSEG
   569                              <1> ;----------------------------------------------------------------
   570                              <1> ;In this region, rbp points back to dosseg
   571                              <1> ;If we swap drivers to be their own tasks (i.e. with 4B01h)
   572                              <1> ; this routine will still work like so!
   573                              <1> ;vvvvvvvvvvvvvvvvvvvvvvvvvvvvvvvvvvvvvvvvvvvvvvvvvvvvvvvvvvvvvvvv
   574 0000108E E83AF9FFFF          <1>     call initDriver
   575 00001093 0F82C3000000        <1>     jc .drvBadInitRbpAdjust
   576 00001099 E819F8FFFF          <1>     call addDriverMarkers
   577                              <1> ;^^^^^^^^^^^^^^^^^^^^^^^^^^^^^^^^^^^^^^^^^^^^^^^^^^^^^^^^^^^^^^^^
   578 0000109E 4C87E5              <1>     xchg r12, rbp   ;Get the config stack ptr back
   579 000010A1 66F746080080        <1>     test word [rsi + drvHdr.attrib], devDrvChar
   580 000010A7 750B                <1>     jnz short .driverInitialised
   581 000010A9 E8DAF9FFFF          <1>     call buildDPBs          ;Preserves rbp, rsi and rbx and rbp and r8
   582 000010AE 0F82AB000000        <1>     jc .drvBadInit
   583                              <1> .driverInitialised:
   584 000010B4 48813EFFFFFFFF      <1>     cmp qword [rsi + drvHdr.nxtPtr], -1     ;We at the end of the chain?
   585 000010BB 480F4536            <1>     cmovne rsi, qword [rsi + drvHdr.nxtPtr]    ;Walk rsi if not
   586 000010BF 75CA                <1>     jne short .driverInit ;If not, goto next driver
   587                              <1> ;Now we eject the init routines for the driver
   588                              <1> ;r8 points to the MCB data area already
   589 000010C1 31DB                <1>     xor ebx, ebx
   590 000010C3 418B58F9            <1>     mov ebx, dword [r8 - mcb_size + mcb.blockSize] ;Get the size of the arena in paragraphs
   591 000010C7 48C1E304            <1>     shl rbx, 4  ;Turn into number of bytes
   592 000010CB 498D1C18            <1>     lea rbx, qword [r8 + rbx] ;Get pointer to the end of the arena
   593 000010CF E8A7F8FFFF          <1>     call ejectKernelInit        ;Ignore any errors in ejection.
   594 000010D4 4D85FF              <1>     test r15, r15   ;Are we loading a .COM driver?
   595 000010D7 746D                <1>     jz .drvAddToDrvLst
   596                              <1> ;If the driver file we loaded was a PE, it can indicate to us in the 
   597                              <1> ; header that some sections can be ejected. 
   598                              <1> ;Here we eject all trailing discardable sections.
   599 000010D9 56                  <1>     push rsi    ;Points to last driver header in block so save it.
   600 000010DA 410FB7473C          <1>     movzx eax, word [r15 + imageDosHdr.e_lfanew]
   601 000010DF 498D3407            <1>     lea rsi, qword [r15 + rax]  ;Point rsi to the COFF header
   602 000010E3 0FB74E06            <1>     movzx ecx, word [rsi + imageFileHeader.wNumberOfSections]
   603 000010E7 8B9684000000        <1>     mov edx, dword [rsi + coffHdr_size + imageFileOptionalHeader.dNumberOfRvaAndSizes]
   604 000010ED 488DBCD688000000    <1>     lea rdi, qword [rsi + 8*rdx + coffHdrs_size]    ;Point past data dirs
   605                              <1> ;Important registers now:
   606                              <1> ; r8 -> MCB block
   607                              <1> ; r15 -> MZ portion of PE header
   608                              <1> ; rdi -> Section table. 
   609                              <1> ; ecx = number of sections
   610 000010F5 678D51FF            <1>     lea edx, dword [ecx - 1]    ;Get offset to the last entry in the section tbl
   611 000010F9 B828000000          <1>     mov eax, imageSectionHdr_size   ;One off multiplication
   612 000010FE F7E2                <1>     mul edx                     ;Get solution in eax (zero edx)
   613 00001100 488D3407            <1>     lea rsi, dword [rdi + rax]  ;Point to the last entry in the section table
   614                              <1> .peDiscardLp:
   615 00001104 4839F7              <1>     cmp rdi, rsi    ;If all sections are discardable, we load it silently.
   616 00001107 743C                <1>     je .peDiscardEnd
   617 00001109 F7462400000002      <1>     test dword [rsi + imageSectionHdr.dCharacteristics], imgScnMemDiscrd
   618 00001110 740B                <1>     jz .peDiscard
   619 00001112 FFC2                <1>     inc edx ;Inc the count of discardable sections
   620 00001114 4881EE28000000      <1>     sub rsi, imageSectionHdr_size   ;Go back a secion
   621 0000111B EBE7                <1>     jmp short .peDiscardLp
   622                              <1> .peDiscard:
   623 0000111D 85D2                <1>     test edx, edx
   624 0000111F 7424                <1>     jz .peDiscardEnd
   625                              <1> ;Go to the section header of first discardable section
   626 00001121 4881C628000000      <1>     add rsi, imageSectionHdr_size
   627 00001128 8B460C              <1>     mov eax, dword [rsi + imageSectionHdr.dVirtualAddress]
   628                              <1> ;Point rbx to start of discardable section plus 0Fh so that if we need to
   629                              <1> ; add an extra paragraph, it gets added
   630 0000112B 498D5C070F          <1>     lea rbx, qword [r15 + rax + 0Fh]
   631 00001130 48F7DB              <1>     neg rbx         ;Multiply by -1
   632 00001133 498D1C1F            <1>     lea rbx, qword [r15 + rbx]  ;Get in bytes size of alloc after realloc
   633 00001137 48F7DB              <1>     neg rbx
   634 0000113A 48C1EB04            <1>     shr rbx, 4      ;Turn to paras
   635 0000113E B8004A0000          <1>     mov eax, 4A00h  ;REALLOC
   636 00001143 CD21                <1>     int 21h ;If this works, great. If not, oh well (it really should work...)
   637                              <1> .peDiscardEnd:
   638 00001145 5E                  <1>     pop rsi
   639                              <1> .drvAddToDrvLst:
   640                              <1> ;Finally links the driver into main driver chain.
   641                              <1> ;r9 points to first driver in block
   642                              <1> ;rsi points to last driver in block
   643 00001146 488B7D00            <1>     mov rdi, qword [rbp - cfgFrame.oldRBP]  ;Get DOSSEG ptr
   644 0000114A 488DBF[00000000]    <1>     lea rdi, qword [rdi + nulDevHdr] ;Get ptr to first driver
   645 00001151 488B07              <1>     mov rax, qword [rdi + drvHdr.nxtPtr]    ;Get the link
   646 00001154 4C890F              <1>     mov qword [rdi + drvHdr.nxtPtr], r9     ;Link new drivers in
   647 00001157 488906              <1>     mov qword [rsi + drvHdr.nxtPtr], rax    ;Link end to old chain
   648                              <1> .driverExit:
   649                              <1> ;Exit the init routine if it all works out, WOO!
   650                              <1> ;Return values to original registers/memory locations
   651 0000115A F8                  <1>     clc
   652                              <1>     return
    13                              <2> %%_ret:
    14 0000115B C3                  <2>  ret
    15                              <2> %assign retOff %%_ret-$$
   653                              <1> ;------------------
   654                              <1> ;Bad exit cases
   655                              <1> ;------------------
   656                              <1> .drvBadInitRbpAdjust:
   657 0000115C 4C89E5              <1>     mov rbp, r12
   658                              <1> .drvBadInit:
   659                              <1> ;r8 -> MCB of driver
   660                              <1>     ;Form the string to print
   661 0000115F 488D3D27010000      <1>     lea rdi, .sDrvErr2    ;Store the name here
   662 00001166 66F746080080        <1>     test word [rsi + drvHdr.attrib], devDrvChar ;Are we a char dev?
   663 0000116C 750E                <1>     jnz short .dbiCharDev    ;If not, exit
   664                              <1>     ;MSD devices need to have something placed in there
   665 0000116E 48B84D534420646576- <1>     mov rax, "MSD dev "
   665 00001177 20                  <1>
   666 00001178 48AB                <1>     stosq   ;Store the 8 chars here
   667 0000117A EB06                <1>     jmp short .drvBadInitExit
   668                              <1> .dbiCharDev:
   669 0000117C 488D761A            <1>     lea rsi, qword [rsi + drvHdr.drvNam]    ;Copy the device driver name over
   670 00001180 48A5                <1>     movsq   ;Move all 8 chars over from device driver name
   671                              <1> .drvBadInitExit:
   672 00001182 B800490000          <1>     mov eax, 4900h  ;Attempt to deallocate the driver now
   673 00001187 CD21                <1>     int 21h
   674 00001189 488D15E0000000      <1>     lea rdx, .sDrvErr1
   675 00001190 EB49                <1>     jmp short .drvErrWrite
   676                              <1> 
   677                              <1> 
   678                              <1> .drvErrTooBig:
   679                              <1> ;Free's memory and closes handle. 
   680                              <1> ; Print error message not enough memory.
   681 00001192 E859000000          <1>     call .drvErrFree
   682                              <1> .drvErrMemFree:
   683                              <1> ;Closes handle.
   684                              <1> ; Print error message not enough memory.
   685 00001197 E84C000000          <1>     call .drvErrClose
   686                              <1> .drvErrMem:
   687                              <1> ;Print error message not enough memory.
   688 0000119C 488D1571000000      <1>     lea rdx, .sDrvNoMem
   689 000011A3 EB36                <1>     jmp short .drvErrWrite
   690                              <1> 
   691                              <1> .drvErrBadDrvHeader:
   692                              <1> ;Free's memory.
   693                              <1> ; Print error mesasge bad format.
   694 000011A5 E846000000          <1>     call .drvErrFree
   695 000011AA 488D1588000000      <1>     lea rdx, .sDrvHdr
   696 000011B1 EB28                <1>     jmp short .drvErrWrite
   697                              <1> .drvErrBadPEHeader:
   698                              <1> ;Free's memory and closes handle. 
   699                              <1> ; Print error message bad PE header.
   700 000011B3 E82B000000          <1>     call .drvErrFreeClose
   701 000011B8 488D1594000000      <1>     lea rdx, .sDrvHdr2
   702 000011BF EB1A                <1>     jmp short .drvErrWrite
   703                              <1> .drvErrBadRead:
   704                              <1> ;Free's memory and closes handle. 
   705                              <1> ; Print error message bad read.
   706 000011C1 E81D000000          <1>     call .drvErrFreeClose
   707 000011C6 488D15CB000000      <1>     lea rdx, .sDrvRead
   708 000011CD EB0C                <1>     jmp short .drvErrWrite
   709                              <1> .drvErrNoLoad:
   710                              <1> ;Free memory.
   711                              <1> ; Print FNF message to mimic command.com on bad PE launch
   712 000011CF E81C000000          <1>     call .drvErrFree
   713                              <1> .drvErrFnf:
   714                              <1> ;Print FNF message.
   715 000011D4 488D151D000000      <1>     lea rdx, .sDrvFNF
   716                              <1> .drvErrWrite:
   717 000011DB B800090000          <1>     mov eax, 0900h
   718 000011E0 CD21                <1>     int 21h
   719                              <1>     return
    13                              <2> %%_ret:
    14 000011E2 C3                  <2>  ret
    15                              <2> %assign retOff %%_ret-$$
   720                              <1> .drvErrFreeClose:
   721                              <1> ;Frees and closes the block. 
   722                              <1> ; No message printed.
   723 000011E3 E808000000          <1>     call .drvErrFree
   724                              <1> .drvErrClose:
   725 000011E8 B8003E0000          <1>     mov eax, 3E00h  ;Close handle in ebx
   726 000011ED CD21                <1>     int 21h
   727                              <1>     return
    13                              <2> %%_ret:
    14 000011EF C3                  <2>  ret
    15                              <2> %assign retOff %%_ret-$$
   728                              <1> .drvErrFree:
   729 000011F0 B800490000          <1>     mov eax, 4900h  ;Free the driver
   730 000011F5 CD21                <1>     int 21h
   731                              <1>     return
    13                              <2> %%_ret:
    14 000011F7 C3                  <2>  ret
    15                              <2> %assign retOff %%_ret-$$
   732                              <1> 
   733 000011F8 0D0A426164206F7220- <1> .sDrvFNF    db CR,LF,"Bad or missing filename",CR,LF,"$"
   733 00001201 6D697373696E672066- <1>
   733 0000120A 696C656E616D650D0A- <1>
   733 00001213 24                  <1>
   734 00001214 0D0A4E6F7420656E6F- <1> .sDrvNoMem  db CR,LF,"Not enough memory to load driver",CR,LF,"$" 
   734 0000121D 756768206D656D6F72- <1>
   734 00001226 7920746F206C6F6164- <1>
   734 0000122F 206472697665720D0A- <1>
   734 00001238 24                  <1>
   735 00001239 0D0A496E76616C6964- <1> .sDrvHdr    db CR,LF,"Invalid driver header",CR,LF,"$"
   735 00001242 206472697665722068- <1>
   735 0000124B 65616465720D0A24    <1>
   736 00001253 0D0A496E76616C6964- <1> .sDrvHdr2   db CR,LF,"Invalid driver PE header",CR,LF,"$"
   736 0000125C 206472697665722050- <1>
   736 00001265 45206865616465720D- <1>
   736 0000126E 0A24                <1>
   737 00001270 0D0A4572726F722069- <1> .sDrvErr1   db CR,LF,"Error initialising driver: "
   737 00001279 6E697469616C697369- <1>
   737 00001282 6E6720647269766572- <1>
   737 0000128B 3A20                <1>
   738 0000128D 20202020202020200D- <1> .sDrvErr2   db "        ",CR,LF,"$"
   738 00001296 0A24                <1>
   739 00001298 0D0A4572726F722072- <1> .sDrvRead   db CR,LF,"Error reading driver file",CR,LF,"$"
   739 000012A1 656164696E67206472- <1>
   739 000012AA 697665722066696C65- <1>
   739 000012B3 0D0A24              <1>
   740                              <1> ;------------------------------------
   741                              <1> ;          Driver subroutines
   742                              <1> ;------------------------------------
   743                              <1> .drvGetDrvFilename:
   744                              <1> ;Gets a ptr to the driver filename string. May not be null terminated.
   745                              <1> ;This is the ``first'' character past the ``='' sign in CONFIG.SYS
   746                              <1> ;Input: rbp -> cfgFrame
   747                              <1> ;Output: rsi -> Filename
   748 000012B6 488B75B0            <1>     mov rsi, qword [rbp - cfgFrame.linePtr] ;Get the pointer to the 
   749 000012BA 4881C606000000      <1>     add rsi, 6  ;Go past DEVICE= to the null terminated pathname
   750 000012C1 E9B5F9FFFF          <1>     jmp .skipSeparators ;Return through this function.
   751                              <1> .drvPeDoChksum:
   752                              <1> ;Compute PE checksum of the file before loading and compare 
   753                              <1> ; against checksum in header. If not equal, skip loading it.
   754                              <1> ;Input: ebx = File handle to read
   755                              <1> ;       ecx = Size of allocation for executable file
   756                              <1> ;       esi = Section alignment 
   757                              <1> ;       rdi -> Ptr to memory block with imageFileOptionalHeader
   758                              <1> ;       rbp -> Cfg frame
   759                              <1> ;       r8 -> Memory block ptr
   760                              <1> ;Output: CF=NC: Checksum ok
   761                              <1> ;        CF=CY: Checksum not ok or hard error.
   762 000012C6 53                  <1>     push rbx    ;File handle
   763 000012C7 51                  <1>     push rcx    ;Size of file allocation
   764 000012C8 56                  <1>     push rsi    ;Section alignement requirement
   765 000012C9 57                  <1>     push rdi    ;Ptr to memory block with imageFileOptionalHeader
   766 000012CA 4150                <1>     push r8     ;Save the input memory block ptr
   767                              <1> ;Get the filesize and return the fileptr back to the the start of the file
   768 000012CC 31C9                <1>     xor ecx, ecx    ;Go to end of file (preserved across these calls)
   769 000012CE 31D2                <1>     xor edx, edx
   770 000012D0 B802420000          <1>     mov eax, 4202h  ;LSEEK from end of file to get the size
   771 000012D5 CD21                <1>     int 21h
   772 000012D7 0F82B4000000        <1>     jc .dpdcBad
   773 000012DD 50                  <1>     push rax        ;Only saving eax as this contains the file size.
   774 000012DE 31D2                <1>     xor edx, edx
   775 000012E0 B800420000          <1>     mov eax, 4200h  ;Move file pointer back to the start of the file
   776 000012E5 CD21                <1>     int 21h
   777 000012E7 0F82A4000000        <1>     jc .dpdcBad
   778 000012ED 59                  <1>     pop rcx         ;Get the file size in ecx
   779 000012EE 87D9                <1>     xchg ebx, ecx   ;Swap the handle in rbx with the filesize
   780 000012F0 81C30F000000        <1>     add ebx, 0Fh    ;Ensure ebx is paragraph aligned
   781 000012F6 C1EB04              <1>     shr ebx, 4      ;Get number of paragraphs to now be 
   782 000012F9 B800480000          <1>     mov eax, 4800h  ;Now we allocate a new block to contain the whole file.
   783 000012FE CD21                <1>     int 21h         ;Allocate as realloc might not have enough space...
   784 00001300 0F828B000000        <1>     jc .dpdcBad
   785 00001306 4989C0              <1>     mov r8, rax
   786 00001309 C1E304              <1>     shl ebx, 4      ;Turn back into bytes
   787 0000130C 87D9                <1>     xchg ebx, ecx   ;Swap back the file handle and file size
   788 0000130E B8003F0000          <1>     mov eax, 3F00h  ;Read
   789 00001313 4C89C2              <1>     mov rdx, r8     ;Point to the buffer in rdi (same as r8)
   790 00001316 CD21                <1>     int 21h
   791 00001318 7270                <1>     jc .dpdcBadFree
   792 0000131A 39C8                <1>     cmp eax, ecx    ;Was the count the same?
   793 0000131C 756C                <1>     jne .dpdcBadFree
   794                              <1> ;Now point rdi to to the checksum variable in the header space
   795 0000131E 4C89C6              <1>     mov rsi, r8    ;Point rsi as the source of bytes
   796 00001321 410FB7403C          <1>     movzx eax, word [r8 + imageDosHdr.e_lfanew]
   797 00001326 498D7C0058          <1>     lea rdi, qword [r8 + rax + coffHdr_size + imageFileOptionalHeader.dCheckSum]
   798                              <1> ;Now we do the computation sequentially. Use edx as the accumulator.
   799 0000132B 51                  <1>     push rcx    ;Save the filesize count. 
   800 0000132C 31D2                <1>     xor edx, edx    ;Clear the accumulator
   801                              <1> .dpdcLp:
   802 0000132E 4839FE              <1>     cmp rsi, rdi    ;Are we at the checksum in the header?
   803 00001331 750F                <1>     jne .dpdcNotEq
   804                              <1> ;Here we do the checksum adjustment.
   805 00001333 4881C604000000      <1>     add rsi, 4
   806 0000133A 81E904000000        <1>     sub ecx, 4
   807 00001340 EB19                <1>     jmp short .dpdcOvflowChk
   808                              <1> .dpdcNotEq:
   809 00001342 81F901000000        <1>     cmp ecx, 1
   810 00001348 7507                <1>     jne .dpdcNot1
   811                              <1> ;Here ecx = 1 so we read a byte and are done!
   812 0000134A AC                  <1>     lodsb
   813 0000134B FFC9                <1>     dec ecx
   814 0000134D 01C2                <1>     add edx, eax
   815 0000134F EB0A                <1>     jmp short .dpdcOvflowChk
   816                              <1> .dpdcNot1:
   817 00001351 66AD                <1>     lodsw
   818 00001353 81E902000000        <1>     sub ecx, 2
   819 00001359 01C2                <1>     add edx, eax
   820                              <1> .dpdcOvflowChk:
   821                              <1> ;Here we check the accumulated overflow condition.
   822 0000135B 81FAFFFF0000        <1>     cmp edx, 0FFFFh
   823 00001361 760C                <1>     jbe .dpdcCheckEnd
   824 00001363 89D0                <1>     mov eax, edx
   825 00001365 25FFFF0000          <1>     and eax, 0FFFFh ;Save low word here
   826 0000136A C1EA10              <1>     shr edx, 16     ;Shift high word low here
   827 0000136D 01C2                <1>     add edx, eax    ;Add them
   828                              <1> .dpdcCheckEnd:
   829 0000136F 85C9                <1>     test ecx, ecx
   830 00001371 75BB                <1>     jnz .dpdcLp
   831                              <1> .dpdcDone:
   832 00001373 59                  <1>     pop rcx
   833 00001374 01CA                <1>     add edx, ecx            ;And add the filesize to edx
   834 00001376 8B0F                <1>     mov ecx, dword [rdi]    ;Finally, read the checksum byte into ecx
   835 00001378 B800490000          <1>     mov eax, 4900h          ;And free the memory block in r8
   836 0000137D CD21                <1>     int 21h
   837 0000137F 39D1                <1>     cmp ecx, edx            ;If checksum bad, fail...
   838 00001381 7544                <1>     jne .dpdcBadCsum
   839                              <1> .dpdcExit:
   840 00001383 4158                <1>     pop r8
   841 00001385 5F                  <1>     pop rdi
   842 00001386 5E                  <1>     pop rsi
   843 00001387 59                  <1>     pop rcx
   844 00001388 5B                  <1>     pop rbx
   845                              <1>     return
    13                              <2> %%_ret:
    14 00001389 C3                  <2>  ret
    15                              <2> %assign retOff %%_ret-$$
   846                              <1> .dpdcBadFree:
   847                              <1> ;If the read fails for whatever reason, we have to release the 
   848                              <1> ; read buffer too!
   849 0000138A B800490000          <1>     mov eax, 4900h
   850 0000138F CD21                <1>     int 21h
   851                              <1> .dpdcBad:
   852 00001391 488D1502000000      <1>     lea rdx, .dpdcStr2
   853 00001398 EB34                <1>     jmp short .dpdcBCmn
   854 0000139A 0D0A444F5320657272- <1> .dpdcStr2   db CR,LF,"DOS error in driver checksum calculation",CR,LF,"$"
   854 000013A3 6F7220696E20647269- <1>
   854 000013AC 76657220636865636B- <1>
   854 000013B5 73756D2063616C6375- <1>
   854 000013BE 6C6174696F6E0D0A24  <1>
   855                              <1> .dpdcBadCsum:
   856 000013C7 488D150A000000      <1>     lea rdx, .dpdcStr1
   857                              <1> .dpdcBCmn:
   858 000013CE B800090000          <1>     mov eax, 0900h
   859 000013D3 CD21                <1>     int 21h
   860 000013D5 F9                  <1>     stc
   861 000013D6 EBAB                <1>     jmp short .dpdcExit
   862 000013D8 0D0A496E76616C6964- <1> .dpdcStr1   db CR,LF,"Invalid driver checksum",CR,LF,"$"
   862 000013E1 206472697665722063- <1>
   862 000013EA 6865636B73756D0D0A- <1>
   862 000013F3 24                  <1>
   863                              <1> 
   864                              <1> ;---------------
   865                              <1> ; SFT handler
   866                              <1> ;---------------
   867                              <1> .sftHandler:
   868                              <1> ;This reads the line to set the number of FILE to between 1 and 254
   869 000013F4 488B75B0            <1>     mov rsi, qword [rbp - cfgFrame.linePtr]
   870 000013F8 4881C605000000      <1>     add rsi, 5  ;Go past FILES=
   871 000013FF E877F8FFFF          <1>     call .skipSeparators
   872                              <1>     ;This must be at most three digits, anything else is a failure
   873 00001404 4889F7              <1>     mov rdi, rsi    ;Save the start in rdi
   874 00001407 31C9                <1>     xor ecx, ecx
   875 00001409 AC                  <1>     lodsb   ;Get the first char. Must be between ASCII '0' and '9'
   876 0000140A 3C30                <1>     cmp al, "0"
   877 0000140C 0F828E000000        <1>     jb .sftHandlerErr
   878 00001412 3C39                <1>     cmp al, "9"
   879 00001414 0F8786000000        <1>     ja .sftHandlerErr
   880 0000141A FFC1                <1>     inc ecx ;Increment char counter
   881 0000141C AC                  <1>     lodsb   ;Get second char
   882 0000141D E869010000          <1>     call .termCheck
   883 00001422 7424                <1>     je .sftHandlerProcess   ;If it is a terminating char, exit
   884 00001424 3C30                <1>     cmp al, "0"
   885 00001426 7278                <1>     jb .sftHandlerErr
   886 00001428 3C39                <1>     cmp al, "9"
   887 0000142A 7774                <1>     ja .sftHandlerErr
   888 0000142C FFC1                <1>     inc ecx ;Increment char counter
   889 0000142E AC                  <1>     lodsb   ;Get third char
   890 0000142F E857010000          <1>     call .termCheck
   891 00001434 7412                <1>     je .sftHandlerProcess   ;If it is a terminating char, exit
   892 00001436 3C30                <1>     cmp al, "0"
   893 00001438 7266                <1>     jb .sftHandlerErr
   894 0000143A 3C39                <1>     cmp al, "9"
   895 0000143C 7762                <1>     ja .sftHandlerErr
   896 0000143E AC                  <1>     lodsb   ;Check no more chars!
   897 0000143F E847010000          <1>     call .termCheck
   898 00001444 755A                <1>     jne .sftHandlerErr
   899 00001446 FFC1                <1>     inc ecx ;Increment char counter
   900                              <1> .sftHandlerProcess:
   901 00001448 31D2                <1>     xor edx, edx    ;Accumulate value in edx
   902 0000144A 4889FE              <1>     mov rsi, rdi    ;Go back to the first number
   903                              <1> .sftHandlerLp:
   904 0000144D FFC9                <1>     dec ecx
   905 0000144F AC                  <1>     lodsb   ;Get the digit
   906 00001450 E823000000          <1>     call .sftHandlerMul
   907 00001455 67E302              <1>     jecxz .sftHandlerPrepExit
   908 00001458 EBF3                <1>     jmp short .sftHandlerLp 
   909                              <1> .sftHandlerPrepExit:
   910                              <1> ;edx has the value now, so place it in stack
   911 0000145A 81FAFE000000        <1>     cmp edx, 254
   912 00001460 773E                <1>     ja .sftHandlerErr       ;DOS maximum number of files
   913 00001462 0FB60D(D2010000)    <1>     movzx ecx, byte [FILES] ;Get default if the user specifies less than min
   914 00001469 81FA08000000        <1>     cmp edx, 8              ;DOS minimum number of files
   915 0000146F 0F42D1              <1>     cmovb edx, ecx
   916 00001472 488955F0            <1>     mov qword [rbp - cfgFrame.newSFTVal], rdx
   917 00001476 F8                  <1>     clc
   918                              <1>     return
    13                              <2> %%_ret:
    14 00001477 C3                  <2>  ret
    15                              <2> %assign retOff %%_ret-$$
   919                              <1> .sftHandlerMul:
   920                              <1> ;Input:
   921                              <1> ;al = digit to add to result (ASCII digit)
   922                              <1> ;ecx = whether al is a unit (0), ten (1) or hundred (2)
   923                              <1> ;rdx = Accumulated sum
   924                              <1> ;Output:
   925                              <1> ;rdx = Accumulated sum with al added
   926                              <1> ;eax is destroyed
   927                              <1> ;All other registers preserved
   928 00001478 51                  <1>     push rcx
   929 00001479 52                  <1>     push rdx
   930 0000147A 0FB6C0              <1>     movzx eax, al
   931 0000147D 2D30000000          <1>     sub eax, '0' ;Convert to a binary digit
   932 00001482 BA01000000          <1>     mov edx, 1    ;Get 1 in edx (multiplicative unit)
   933 00001487 39D1                <1>     cmp ecx, edx  ;Was cl a ten?
   934 00001489 BB0A000000          <1>     mov ebx, 10     ;Default base offset to 10
   935 0000148E B964000000          <1>     mov ecx, 100
   936 00001493 0F42DA              <1>     cmovb ebx, edx  ;If below, it was a unit
   937 00001496 0F47D9              <1>     cmova ebx, ecx  ;If above, it was a hundred
   938 00001499 F7E3                <1>     mul ebx    ;Multiply the base offset to eax
   939 0000149B 5A                  <1>     pop rdx ;Get the accumulated value back
   940 0000149C 01C2                <1>     add edx, eax    ;Add this result over
   941 0000149E 59                  <1>     pop rcx
   942                              <1>     return
    13                              <2> %%_ret:
    14 0000149F C3                  <2>  ret
    15                              <2> %assign retOff %%_ret-$$
   943                              <1> .sftHandlerErr:
   944 000014A0 E834F8FFFF          <1>     call .badLineErrorMsg
   945                              <1>     return
    13                              <2> %%_ret:
    14 000014A5 C3                  <2>  ret
    15                              <2> %assign retOff %%_ret-$$
   946                              <1> 
   947                              <1> .lastdriveHandler:
   948 000014A6 488B75B0            <1>     mov rsi, qword [rbp - cfgFrame.linePtr]
   949 000014AA 4881C609000000      <1>     add rsi, 9  ;Go past LASTDRIVE
   950 000014B1 E8C5F7FFFF          <1>     call .skipSeparators
   951 000014B6 AC                  <1>     lodsb   ;Get this char
   952 000014B7 0FB6C0              <1>     movzx eax, al   ;Zero extend to eax
   953 000014BA E8C0000000          <1>     call .ucChar
   954 000014BF 3C5A                <1>     cmp al, "Z"
   955 000014C1 77DD                <1>     ja .sftHandlerErr
   956 000014C3 3C41                <1>     cmp al, "A"
   957 000014C5 72D9                <1>     jb .sftHandlerErr
   958 000014C7 803E0D              <1>     cmp byte [rsi], CR
   959 000014CA 740F                <1>     je .ldProceed
   960 000014CC 803E0A              <1>     cmp byte [rsi], LF
   961 000014CF 740A                <1>     je .ldProceed
   962 000014D1 803E09              <1>     cmp byte [rsi], TAB
   963 000014D4 7405                <1>     je .ldProceed
   964 000014D6 803E20              <1>     cmp byte [rsi], SPC
   965 000014D9 75C5                <1>     jne .sftHandlerErr
   966                              <1> .ldProceed:
   967 000014DB 2C40                <1>     sub al, "@"     ;Convert into a number 1-26 
   968 000014DD 0FB6C0              <1>     movzx eax, al   ;Zero extend in case DOS rets something dumb in upper bits
   969 000014E0 0FB615(D5010000)    <1>     movzx edx, byte [LASTDRIVE]
   970 000014E7 39D0                <1>     cmp eax, edx
   971 000014E9 0F42C2              <1>     cmovb eax, edx
   972 000014EC 488945D8            <1>     mov qword [rbp - cfgFrame.newLastdrive], rax
   973 000014F0 F8                  <1>     clc
   974                              <1>     return
    13                              <2> %%_ret:
    14 000014F1 C3                  <2>  ret
    15                              <2> %assign retOff %%_ret-$$
   975                              <1> 
   976                              <1> .shellHandler:
   977 000014F2 488B75B0            <1>     mov rsi, qword [rbp - cfgFrame.linePtr]
   978 000014F6 4889F3              <1>     mov rbx, rsi
   979 000014F9 4881C605000000      <1>     add rsi, 5  ;Go past SHELL
   980 00001500 E876F7FFFF          <1>     call .skipSeparators    ;Spaces, equals sign etc
   981 00001505 4889F7              <1>     mov rdi, rsi
   982 00001508 4829DF              <1>     sub rdi, rbx    ;Get the depth into the string we are at
   983 0000150B B980000000          <1>     mov ecx, 128
   984 00001510 29F9                <1>     sub ecx, edi    ;Get remaining valid char count for the string
   985 00001512 4889F7              <1>     mov rdi, rsi
   986 00001515 B80D000000          <1>     mov eax, CR
   987 0000151A F2AE                <1>     repne scasb     ;Scan for the terminator
   988 0000151C 0F85B7F7FFFF        <1>     jne .badLineErrorMsg    ;If we didn't find it, complain!
   989                              <1>     ;Now we know we are safe, proceed with copy.
   990 00001522 488D3D(57000000)    <1>     lea rdi, cmdSpec
   991 00001529 B800370000          <1>     mov eax, 3700h  ;Get switchchar in dl
   992 0000152E CD21                <1>     int 21h
   993                              <1> .shLp:
   994 00001530 AC                  <1>     lodsb
   995                              <1>     ;If a sep, a CR or a default switchchar, we are done!
   996 00001531 3C0D                <1>     cmp al, CR
   997 00001533 740E                <1>     je .shSpecDone   
   998 00001535 E82AF7FFFF          <1>     call .isCharSeparator
   999 0000153A 7407                <1>     je .shSpecDone
  1000 0000153C 38D0                <1>     cmp al, dl
  1001 0000153E 7403                <1>     je .shSpecDone
  1002 00001540 AA                  <1>     stosb   ;Else store the char!
  1003 00001541 EBED                <1>     jmp short .shLp
  1004                              <1> .shSpecDone:
  1005 00001543 C60700              <1>     mov byte [rdi], 0   ;Now store the null terminator :)
  1006 00001546 C605(A2020000)00    <1>     mov byte [tempPSP + psp.dta], 0 ;Reset the count of chars in the tail
  1007 0000154D 488D3D(A3020000)    <1>     lea rdi, tempPSP + psp.dta + 1  ;Now store the tail here
  1008 00001554 48FFCE              <1>     dec rsi     ;Go back to get the char again
  1009                              <1>     ;This will work with CR especially well
  1010                              <1> .shTailLp:
  1011 00001557 AC                  <1>     lodsb
  1012 00001558 3C0D                <1>     cmp al, CR
  1013 0000155A 7409                <1>     je .shAllDone
  1014 0000155C AA                  <1>     stosb
  1015 0000155D FE05(A2020000)      <1>     inc byte [tempPSP + psp.dta]    ;Inc the char count!
  1016 00001563 EBF2                <1>     jmp short .shTailLp
  1017                              <1> .shAllDone: ;Only possible to get here is al=CR
  1018 00001565 AA                  <1>     stosb   ;Store the terminating CR
  1019                              <1> .countryScan:
  1020                              <1> .fcbHandler:
  1021                              <1> .stacksHandler:
  1022                              <1> .drivParm:
  1023                              <1> .comment:
  1024 00001566 F8                  <1>     clc
  1025                              <1>     return
    13                              <2> %%_ret:
    14 00001567 C3                  <2>  ret
    15                              <2> %assign retOff %%_ret-$$
  1026                              <1> 
  1027                              <1> .cfgExit:
  1028 00001568 488B5DC0            <1>     mov rbx, qword [rbp - cfgFrame.cfgHandle] ;Get the handle back
  1029 0000156C B8003E0000          <1>     mov eax, 3E00h    ;Close the handle
  1030 00001571 CD21                <1>     int 21h ;bx already has the handle
  1031 00001573 4C8B45B0            <1>     mov r8, qword [rbp - cfgFrame.linePtr]   ;Get the line buffer ptr back
  1032 00001577 B800490000          <1>     mov eax, 4900h  ;FREE
  1033 0000157C CD21                <1>     int 21h
  1034                              <1>     return
    13                              <2> %%_ret:
    14 0000157E C3                  <2>  ret
    15                              <2> %assign retOff %%_ret-$$
  1035                              <1> .ucChar:
  1036                              <1> ;Input: al = Char to UC
  1037                              <1> ;Output: al = UC'd char
  1038 0000157F 53                  <1>     push rbx    ;Save on original stack
  1039 00001580 50                  <1>     push rax    ;Put the word on the stack
  1040 00001581 B813120000          <1>     mov eax, 1213h  ;Uppercase the char in al
  1041 00001586 CD2F                <1>     int 2fh
  1042 00001588 5B                  <1>     pop rbx     ;Pop off the word we placed on the stack
  1043 00001589 5B                  <1>     pop rbx     ;Get back original rbx
  1044                              <1>     return
    13                              <2> %%_ret:
    14 0000158A C3                  <2>  ret
    15                              <2> %assign retOff %%_ret-$$
  1045                              <1> 
  1046                              <1> .termCheck:
  1047                              <1> ;Input: al = Char to check if it is a command line terminator
  1048                              <1> ;Output: ZF=ZE if terminator. ZF=NZ if not.
  1049 0000158B 3C20                <1>     cmp al, SPC
  1050 0000158D 7210                <1>     jb .bhtcspecial
  1051                              <1>     rete
    49                              <2> cret e
    19                              <3> %%_base:
    20                              <3> %assign baseVar %%_base-$$
    21                              <3> 
    22                              <3> 
    23                              <3> 
    24                              <3> 
    25                              <3> 
    26                              <3> 
    27                              <3> 
    28                              <3> 
    29                              <3> 
    30                              <3> 
    31                              <3> 
    32                              <3> 
    33                              <3> 
    34 0000158F 7501                <3>  j%-1 short %%a
    35                              <3>  return
    13                              <4> %%_ret:
    14 00001591 C3                  <4>  ret
    15                              <4> %assign retOff %%_ret-$$
    36                              <3> %%a:
    37                              <3> 
  1052 00001592 3C09                <1>     cmp al, TAB
  1053                              <1>     rete
    49                              <2> cret e
    19                              <3> %%_base:
    20                              <3> %assign baseVar %%_base-$$
    21                              <3> 
    22                              <3> 
    23                              <3> 
    24                              <3> 
    25                              <3> 
    26                              <3> 
    27                              <3> 
    28                              <3> 
    29                              <3> 
    30                              <3> 
    31                              <3> 
    32                              <3> 
    33                              <3> 
    34 00001594 7501                <3>  j%-1 short %%a
    35                              <3>  return
    13                              <4> %%_ret:
    14 00001596 C3                  <4>  ret
    15                              <4> %assign retOff %%_ret-$$
    36                              <3> %%a:
    37                              <3> 
  1054 00001597 3C0D                <1>     cmp al, CR
  1055                              <1>     rete
    49                              <2> cret e
    19                              <3> %%_base:
    20                              <3> %assign baseVar %%_base-$$
    21                              <3> 
    22                              <3> 
    23                              <3> 
    24                              <3> 
    25                              <3> 
    26                              <3> 
    27                              <3> 
    28                              <3> 
    29                              <3> 
    30                              <3> 
    31                              <3> 
    32                              <3> 
    33                              <3> 
    34 00001599 7501                <3>  j%-1 short %%a
    35                              <3>  return
    13                              <4> %%_ret:
    14 0000159B C3                  <4>  ret
    15                              <4> %assign retOff %%_ret-$$
    36                              <3> %%a:
    37                              <3> 
  1056 0000159C 3C0A                <1>     cmp al, LF
  1057                              <1>     return
    13                              <2> %%_ret:
    14 0000159E C3                  <2>  ret
    15                              <2> %assign retOff %%_ret-$$
  1058                              <1> .bhtcspecial:
  1059 0000159F 38C0                <1>     cmp al, al  ;Set ZF=ZE
  1060                              <1>     return
    13                              <2> %%_ret:
    14 000015A1 C3                  <2>  ret
    15                              <2> %assign retOff %%_ret-$$
    22                                  
    23                                  Segment sdata data private align=1
    24                                  ;---------------------------
    25                                  ;   SYSINIT data segment
    26                                  ;---------------------------
    27                                  %include "./src/dos/Sysinit/sysdat.asm"
     1                              <1> ;--------------------------------
     2                              <1> ;       DATA FOR SYSINIT        :
     3                              <1> ;--------------------------------
     4 00000000 5374617274696E6720- <1> strtmsg db "Starting SCP/DOS...",0Ah,0Dh,"$"
     4 00000009 5343502F444F532E2E- <1>
     4 00000012 2E0A0D24            <1>
     5 00000016 0A0D426164206F7220- <1> badCom  db 0Ah,0Dh,"Bad or missing Command interpreter",0Ah,0Dh,"$"
     5 0000001F 6D697373696E672043- <1>
     5 00000028 6F6D6D616E6420696E- <1>
     5 00000031 746572707265746572- <1>
     5 0000003A 0A0D24              <1>
     6 0000003D 434F4E00            <1> conName db "CON",0
     7 00000041 41555800            <1> auxName db "AUX",0
     8 00000045 50524E00            <1> prnName db "PRN",0
     9                              <1> ;dfltEnv dw 0                ;Default zero word indicator of end of environment
    10                              <1> ;        dw 1
    11                              <1> ;        db "INITPROC",0,0
    12                              <1> ;dfltEnv_size equ $ - dfltEnv
    13 00000049 413A5C434F4E464947- <1> cfgspec db "A:\CONFIG.SYS",0   ;ASCIIZ for CONFIG
    13 00000052 2E53595300          <1>
    14 00000057 413A5C434F4D4D414E- <1> cmdSpec db "A:\COMMAND.COM",0  ;ASCIIZ FOR COMMAND.COM. Overwrite in SHELL
    14 00000060 442E434F4D00        <1>
    15                              <1> exceptData:
    16 00000066 [0000000000000000]  <1>     dq i0
    17 0000006E [0000000000000000]  <1>     dq i1
    18 00000076 [0000000000000000]  <1>     dq i2
    19 0000007E [0000000000000000]  <1>     dq i3
    20 00000086 [0000000000000000]  <1>     dq i4
    21 0000008E [0000000000000000]  <1>     dq i5
    22 00000096 [0000000000000000]  <1>     dq i6
    23 0000009E [0000000000000000]  <1>     dq i7
    24 000000A6 [0000000000000000]  <1>     dq i8
    25 000000AE [0000000000000000]  <1>     dq i9
    26 000000B6 [0000000000000000]  <1>     dq i10
    27 000000BE [0000000000000000]  <1>     dq i11
    28 000000C6 [0000000000000000]  <1>     dq i12
    29 000000CE [0000000000000000]  <1>     dq i13
    30 000000D6 [0000000000000000]  <1>     dq i14
    31 000000DE [0000000000000000]  <1>     dq i15
    32 000000E6 [0000000000000000]  <1>     dq i16
    33 000000EE [0000000000000000]  <1>     dq i17
    34 000000F6 [0000000000000000]  <1>     dq i18
    35 000000FE [0000000000000000]  <1>     dq i19
    36 00000106 [0000000000000000]  <1>     dq i20
    37 0000010E [0000000000000000]  <1>     dq i21
    38                              <1> 
    39                              <1> intData:
    40 00000116 [0000000000000000]  <1>     dq terminateProcess ;Int 20h
    41 0000011E [0000000000000000]  <1>     dq functionDispatch ;Int 21h
    42 00000126 [0000000000000000]  <1>     dq defaultIretq     ;Int 22h, Adjusted during interrupt setup to OEMHALT
    43 0000012E [0000000000000000]  <1>     dq defaultIretq     ;Int 23h, ignore any CTRL+C during init
    44 00000136 [0000000000000000]  <1>     dq dosDefCritErrHdlr    ;Int 24h, return fail, CF=CY, leading to OEMHALT
    45 0000013E [0000000000000000]  <1>     dq absDiskRead      ;Int 25h
    46 00000146 [0000000000000000]  <1>     dq absDiskWrite     ;Int 26h
    47 0000014E [0000000000000000]  <1>     dq terminateRes     ;Int 27h
    48 00000156 [0000000000000000]  <1>     dq defaultIretq     ;Int 28h
    49 0000015E [0000000000000000]  <1>     dq defaultIretq     ;Int 29h
    50 00000166 [0000000000000000]  <1>     dq defaultIretq     ;Int 2Ah
    51 0000016E [0000000000000000]  <1>     dq defaultIretq     ;Int 2Bh
    52 00000176 [0000000000000000]  <1>     dq defaultIretq     ;Int 2Ch
    53 0000017E [0000000000000000]  <1>     dq defaultIretq     ;Int 2Dh
    54 00000186 [0000000000000000]  <1>     dq defaultIretq     ;Int 2Eh
    55 0000018E [0000000000000000]  <1>     dq multiplexHdlr    ;Int 2Fh, multiplex default handler
    56                              <1> nData:
    57 00000196 0000000000000000    <1>     dq 0    ;We link here to the head of the OEM driver chain
    58 0000019E 0480                <1>     dw 08004h
    59 000001A0 [0000000000000000]  <1>     dq nulStrat
    60 000001A8 [0000000000000000]  <1>     dq nulIntr
    61 000001B0 4E554C2020202020    <1>     db "NUL     " ;Default NUL data
    62                              <1> 
    63                              <1> localIDTpointer: ;Local IDT pointer
    64 000001B8 0000                <1>     .Limit  dw 0
    65 000001BA 0000000000000000    <1>     .Base   dq 0
    66                              <1> 
    67                              <1> ;DOS Data given by OEM
    68 000001C2 0000000000000000    <1> FINALDOSPTR dq 0    ;Pointer to where dSeg should be loaded
    69 000001CA 0000000000000000    <1> MCBANCHOR   dq 0    ;Pointer to the Anchor MCB
    70 000001D2 00                  <1> FILES       db 0    ;Default number of FILES
    71 000001D3 00                  <1> BUFFERS     db 0    ;Default number of BUFFERS
    72 000001D4 00                  <1> DFLTDRIVE   db 0    ;Default drive number (0-25), this is the boot drive
    73 000001D5 00                  <1> LASTDRIVE   db 0    ;Default last drive number (0-25)
    74 000001D6 00                  <1> OEMBIOS     db 0    ;Set if to use IO.SYS or clear if to use SCPBIOS.SYS
    75                              <1> OEMMEMPTR:  ;Used to save the allocated 64k block for OEMCALLBK
    76 000001D7 0000000000000000    <1> OEMPTR      dq 0    ;Pointer to store at biosPtr
    77 000001DF 00000000            <1> OEMVERSION  dd 0    ;BIOS number, to be used by drivers for id-ing
    78                              <1> 
    79 000001E3 000000000000000000- <1> initDrvBlk  db initReqPkt_size dup (0)  ;Used for making driver init reqs
    79 000001EC 000000000000000000- <1>
    79 000001F5 000000000000000000- <1>
    79 000001FE 00000000            <1>
    80                              <1> cmdBlock:   ;Used also for overlay block for driver loads
    81                              <1>     istruc execProg
    82 00000202 0000000000000000    <1>     at execProg.pEnv,       dq 0    ;Defaults to an empty env.
    83 0000020A 0000000000000000    <1>     at execProg.pCmdLine,   dq 0
    84 00000212 0000000000000000    <1>     at execProg.pfcb1,      dq 0    ;Set to DOS's fcb 1 and 2
    85 0000021A 0000000000000000    <1>     at execProg.pfcb2,      dq 0
    86                              <1>     iend
    87                              <1> tempPSP: ;Points to a 256 byte space that is set up appropriately
    88                              <1>     istruc psp
    89 00000222 CD20                <1>     at psp.return,      db 0CDh, 20h
    90 00000224 0000000000000000    <1>     at psp.allocSize,   dd 0, 0 ;Second 0 is for the reserved dword
    91 0000022C 0000000000000000    <1>     at psp.oldInt22h,   dq 0
    92 00000234 0000000000000000    <1>     at psp.oldInt23h,   dq 0
    93 0000023C 0000000000000000    <1>     at psp.oldInt24h,   dq 0
    94 00000244 0000000000000000    <1>     at psp.parentPtr,   dq 0
    95 0000024C FFFFFFFFFFFFFFFFFF- <1>     at psp.jobFileTbl,  db 20 dup (0FFh)
    95 00000255 FFFFFFFFFFFFFFFFFF- <1>
    95 0000025E FFFF                <1>
    96 00000260 0000000000000000    <1>     at psp.envPtr,      dq 0    ;Default to empty environment
    97 00000268 0000000000000000    <1>     at psp.rspPtr,      dq 0
    98 00000270 1400                <1>     at psp.jftSize,     dw 20 
    99 00000272 CD21C3              <1>     at psp.unixEntry,   db 0CDh, 21h, 0C3h
   100 00000275 0000000000000000    <1>     at psp.prevPSP,     dq 0
   101 0000027D 000000000000000000- <1>     at psp.fcb1,        db 16 dup (0)
   101 00000286 0000000000000000    <1>
   102 0000028E 000000000000000000- <1>     at psp.fcb2,        db 20 dup (0)
   102 00000297 000000000000000000- <1>
   102 000002A0 0000                <1>
   103                              <1>     ;Dummy cmd line for COMMAND.COM
   104 000002A2 022F500D0000000000- <1>     at psp.dta,         db 2, "/P",CR,123 dup (0)   
   104 000002AB 000000000000000000- <1>
   104 000002B4 000000000000000000- <1>
   104 000002BD 000000000000000000- <1>
   104 000002C6 000000000000000000- <1>
   104 000002CF 000000000000000000- <1>
   104 000002D8 000000000000000000- <1>
   104 000002E1 000000000000000000- <1>
   104 000002EA 000000000000000000- <1>
   104 000002F3 000000000000000000- <1>
   104 000002FC 000000000000000000- <1>
   104 00000305 000000000000000000- <1>
   104 0000030E 000000000000000000- <1>
   104 00000317 000000000000000000- <1>
   104 00000320 00                  <1>
   105 00000321 00                  <1>     iend
    28                                  ;========================END OF SYSINIT MODULE=======================
    28          ------------------       info: assembly required 1+5+2 passes
 [--info=1]
